ISO-10303-21;
HEADER;
/* Generated by software containing ST-Developer
 * from STEP Tools, Inc. (www.steptools.com) 
 */

FILE_DESCRIPTION(
/* description */ (''),
/* implementation_level */ '2;1');

FILE_NAME(
/* name */ 'EnclosureOnly.step',
/* time_stamp */ '2026-08-22T12:03:59+01:00',
/* author */ (''),
/* organization */ (''),
/* preprocessor_version */ 'ST-DEVELOPER v20.1',
/* originating_system */ 'Autodesk Translation Framework v15.8.0.0',
/* authorisation */ '');

FILE_SCHEMA (('AUTOMOTIVE_DESIGN { 1 0 10303 214 3 1 1 }'));
ENDSEC;

DATA;
#10=MECHANICAL_DESIGN_GEOMETRIC_PRESENTATION_REPRESENTATION('',(#23,#24),
#6774);
#11=ITEM_DEFINED_TRANSFORMATION($,$,#4108,#4463);
#12=ITEM_DEFINED_TRANSFORMATION($,$,#4321,#4464);
#13=(
REPRESENTATION_RELATIONSHIP($,$,#6788,#6787)
REPRESENTATION_RELATIONSHIP_WITH_TRANSFORMATION(#11)
SHAPE_REPRESENTATION_RELATIONSHIP()
);
#14=(
REPRESENTATION_RELATIONSHIP($,$,#6789,#6787)
REPRESENTATION_RELATIONSHIP_WITH_TRANSFORMATION(#12)
SHAPE_REPRESENTATION_RELATIONSHIP()
);
#15=CONTEXT_DEPENDENT_SHAPE_REPRESENTATION(#13,#6785);
#16=CONTEXT_DEPENDENT_SHAPE_REPRESENTATION(#14,#6786);
#17=NEXT_ASSEMBLY_USAGE_OCCURRENCE('Panel:1','Panel:1','Panel:1',#6791,
#6792,'Panel:1');
#18=NEXT_ASSEMBLY_USAGE_OCCURRENCE('Box:1','Box:1','Box:1',#6791,#6793,
'Box:1');
#19=SHAPE_REPRESENTATION_RELATIONSHIP('SRR','None',#6788,#21);
#20=SHAPE_REPRESENTATION_RELATIONSHIP('SRR','None',#6789,#22);
#21=ADVANCED_BREP_SHAPE_REPRESENTATION('',(#25),#6772);
#22=ADVANCED_BREP_SHAPE_REPRESENTATION('',(#26),#6773);
#23=STYLED_ITEM('',(#6806),#25);
#24=STYLED_ITEM('',(#6806),#26);
#25=MANIFOLD_SOLID_BREP('PanelBody',#4082);
#26=MANIFOLD_SOLID_BREP('Body1',#4083);
#27=(
BOUNDED_CURVE()
B_SPLINE_CURVE(2,(#6058,#6059,#6060),.UNSPECIFIED.,.F.,.F.)
B_SPLINE_CURVE_WITH_KNOTS((3,3),(1.94870103063888,2.35502653836516),
 .UNSPECIFIED.)
CURVE()
GEOMETRIC_REPRESENTATION_ITEM()
RATIONAL_B_SPLINE_CURVE((1.38071187457699,1.23004723505627,1.))
REPRESENTATION_ITEM('')
);
#28=(
BOUNDED_CURVE()
B_SPLINE_CURVE(2,(#6062,#6063,#6064),.UNSPECIFIED.,.F.,.F.)
B_SPLINE_CURVE_WITH_KNOTS((3,3),(0.,0.406325507726278),.UNSPECIFIED.)
CURVE()
GEOMETRIC_REPRESENTATION_ITEM()
RATIONAL_B_SPLINE_CURVE((1.,1.23004723505627,1.38071187457698))
REPRESENTATION_ITEM('')
);
#29=(
BOUNDED_CURVE()
B_SPLINE_CURVE(2,(#6069,#6070,#6071),.UNSPECIFIED.,.F.,.F.)
B_SPLINE_CURVE_WITH_KNOTS((3,3),(0.,0.406325507726278),.UNSPECIFIED.)
CURVE()
GEOMETRIC_REPRESENTATION_ITEM()
RATIONAL_B_SPLINE_CURVE((1.,1.23004723505627,1.38071187457698))
REPRESENTATION_ITEM('')
);
#30=(
BOUNDED_CURVE()
B_SPLINE_CURVE(2,(#6074,#6075,#6076),.UNSPECIFIED.,.F.,.F.)
B_SPLINE_CURVE_WITH_KNOTS((3,3),(1.94870103063889,2.35502653836517),
 .UNSPECIFIED.)
CURVE()
GEOMETRIC_REPRESENTATION_ITEM()
RATIONAL_B_SPLINE_CURVE((1.38071187457698,1.23004723505626,1.))
REPRESENTATION_ITEM('')
);
#31=(
BOUNDED_CURVE()
B_SPLINE_CURVE(2,(#6080,#6081,#6082),.UNSPECIFIED.,.F.,.F.)
B_SPLINE_CURVE_WITH_KNOTS((3,3),(0.,0.406325507726278),.UNSPECIFIED.)
CURVE()
GEOMETRIC_REPRESENTATION_ITEM()
RATIONAL_B_SPLINE_CURVE((1.,1.23004723505627,1.38071187457698))
REPRESENTATION_ITEM('')
);
#32=(
BOUNDED_CURVE()
B_SPLINE_CURVE(2,(#6085,#6086,#6087),.UNSPECIFIED.,.F.,.F.)
B_SPLINE_CURVE_WITH_KNOTS((3,3),(1.94870103063888,2.35502653836516),
 .UNSPECIFIED.)
CURVE()
GEOMETRIC_REPRESENTATION_ITEM()
RATIONAL_B_SPLINE_CURVE((1.38071187457698,1.23004723505627,1.))
REPRESENTATION_ITEM('')
);
#33=(
BOUNDED_CURVE()
B_SPLINE_CURVE(2,(#6091,#6092,#6093),.UNSPECIFIED.,.F.,.F.)
B_SPLINE_CURVE_WITH_KNOTS((3,3),(1.94870103063888,2.35502653836517),
 .UNSPECIFIED.)
CURVE()
GEOMETRIC_REPRESENTATION_ITEM()
RATIONAL_B_SPLINE_CURVE((1.38071187457699,1.23004723505627,1.))
REPRESENTATION_ITEM('')
);
#34=(
BOUNDED_CURVE()
B_SPLINE_CURVE(2,(#6095,#6096,#6097),.UNSPECIFIED.,.F.,.F.)
B_SPLINE_CURVE_WITH_KNOTS((3,3),(0.,0.40632550772628),.UNSPECIFIED.)
CURVE()
GEOMETRIC_REPRESENTATION_ITEM()
RATIONAL_B_SPLINE_CURVE((1.,1.23004723505627,1.38071187457698))
REPRESENTATION_ITEM('')
);
#35=CONICAL_SURFACE('',#4204,3.5,0.174532925199433);
#36=CONICAL_SURFACE('',#4206,3.5,0.174532925199433);
#37=CONICAL_SURFACE('',#4208,3.5,0.174532925199433);
#38=CONICAL_SURFACE('',#4210,3.5,0.174532925199433);
#39=FACE_BOUND('',#550,.T.);
#40=FACE_BOUND('',#552,.T.);
#41=FACE_BOUND('',#553,.T.);
#42=FACE_BOUND('',#554,.T.);
#43=FACE_BOUND('',#555,.T.);
#44=FACE_BOUND('',#556,.T.);
#45=FACE_BOUND('',#557,.T.);
#46=FACE_BOUND('',#558,.T.);
#47=FACE_BOUND('',#559,.T.);
#48=FACE_BOUND('',#560,.T.);
#49=FACE_BOUND('',#561,.T.);
#50=FACE_BOUND('',#562,.T.);
#51=FACE_BOUND('',#563,.T.);
#52=FACE_BOUND('',#564,.T.);
#53=FACE_BOUND('',#565,.T.);
#54=FACE_BOUND('',#566,.T.);
#55=FACE_BOUND('',#567,.T.);
#56=FACE_BOUND('',#568,.T.);
#57=FACE_BOUND('',#569,.T.);
#58=FACE_BOUND('',#570,.T.);
#59=FACE_BOUND('',#574,.T.);
#60=FACE_BOUND('',#579,.T.);
#61=FACE_BOUND('',#584,.T.);
#62=FACE_BOUND('',#594,.T.);
#63=FACE_BOUND('',#595,.T.);
#64=FACE_BOUND('',#596,.T.);
#65=FACE_BOUND('',#597,.T.);
#66=FACE_BOUND('',#598,.T.);
#67=FACE_BOUND('',#599,.T.);
#68=FACE_BOUND('',#600,.T.);
#69=FACE_BOUND('',#601,.T.);
#70=FACE_BOUND('',#602,.T.);
#71=FACE_BOUND('',#603,.T.);
#72=FACE_BOUND('',#604,.T.);
#73=FACE_BOUND('',#605,.T.);
#74=FACE_BOUND('',#628,.T.);
#75=FACE_BOUND('',#635,.T.);
#76=FACE_BOUND('',#639,.T.);
#77=FACE_BOUND('',#644,.T.);
#78=FACE_BOUND('',#650,.T.);
#79=FACE_BOUND('',#656,.T.);
#80=FACE_BOUND('',#661,.T.);
#81=FACE_BOUND('',#666,.T.);
#82=FACE_BOUND('',#668,.T.);
#83=FACE_BOUND('',#675,.T.);
#84=FACE_BOUND('',#726,.T.);
#85=FACE_BOUND('',#727,.T.);
#86=FACE_BOUND('',#728,.T.);
#87=FACE_BOUND('',#729,.T.);
#88=FACE_BOUND('',#730,.T.);
#89=FACE_BOUND('',#731,.T.);
#90=FACE_BOUND('',#732,.T.);
#91=FACE_BOUND('',#733,.T.);
#92=FACE_BOUND('',#737,.T.);
#93=FACE_BOUND('',#741,.T.);
#94=FACE_BOUND('',#745,.T.);
#95=FACE_BOUND('',#749,.T.);
#96=FACE_BOUND('',#753,.T.);
#97=FACE_BOUND('',#757,.T.);
#98=FACE_BOUND('',#761,.T.);
#99=FACE_BOUND('',#765,.T.);
#100=FACE_BOUND('',#772,.T.);
#101=FACE_BOUND('',#800,.T.);
#102=FACE_BOUND('',#803,.T.);
#103=FACE_BOUND('',#806,.T.);
#104=FACE_BOUND('',#819,.T.);
#105=FACE_BOUND('',#820,.T.);
#106=FACE_BOUND('',#821,.T.);
#107=FACE_BOUND('',#822,.T.);
#108=FACE_BOUND('',#823,.T.);
#109=FACE_BOUND('',#824,.T.);
#110=FACE_BOUND('',#825,.T.);
#111=FACE_BOUND('',#826,.T.);
#112=FACE_BOUND('',#827,.T.);
#113=FACE_BOUND('',#828,.T.);
#114=FACE_BOUND('',#829,.T.);
#115=FACE_BOUND('',#830,.T.);
#116=FACE_BOUND('',#831,.T.);
#117=CYLINDRICAL_SURFACE('',#4126,2.);
#118=CYLINDRICAL_SURFACE('',#4129,3.5);
#119=CYLINDRICAL_SURFACE('',#4149,2.);
#120=CYLINDRICAL_SURFACE('',#4152,3.5);
#121=CYLINDRICAL_SURFACE('',#4156,2.);
#122=CYLINDRICAL_SURFACE('',#4159,3.5);
#123=CYLINDRICAL_SURFACE('',#4163,2.);
#124=CYLINDRICAL_SURFACE('',#4166,3.5);
#125=CYLINDRICAL_SURFACE('',#4177,2.);
#126=CYLINDRICAL_SURFACE('',#4179,2.);
#127=CYLINDRICAL_SURFACE('',#4181,2.);
#128=CYLINDRICAL_SURFACE('',#4190,3.5);
#129=CYLINDRICAL_SURFACE('',#4193,5.);
#130=CYLINDRICAL_SURFACE('',#4195,5.);
#131=CYLINDRICAL_SURFACE('',#4197,5.);
#132=CYLINDRICAL_SURFACE('',#4198,5.);
#133=CYLINDRICAL_SURFACE('',#4200,2.);
#134=CYLINDRICAL_SURFACE('',#4221,2.);
#135=CYLINDRICAL_SURFACE('',#4225,2.);
#136=CYLINDRICAL_SURFACE('',#4228,3.5);
#137=CYLINDRICAL_SURFACE('',#4232,2.);
#138=CYLINDRICAL_SURFACE('',#4235,3.5);
#139=CYLINDRICAL_SURFACE('',#4239,2.);
#140=CYLINDRICAL_SURFACE('',#4242,3.5);
#141=CYLINDRICAL_SURFACE('',#4246,2.);
#142=CYLINDRICAL_SURFACE('',#4249,3.5);
#143=CYLINDRICAL_SURFACE('',#4252,2.);
#144=CYLINDRICAL_SURFACE('',#4255,3.50000000000001);
#145=CYLINDRICAL_SURFACE('',#4258,2.);
#146=CYLINDRICAL_SURFACE('',#4261,3.5);
#147=CYLINDRICAL_SURFACE('',#4271,5.);
#148=CYLINDRICAL_SURFACE('',#4275,11.);
#149=CYLINDRICAL_SURFACE('',#4288,9.66723116636755);
#150=CYLINDRICAL_SURFACE('',#4338,3.);
#151=CYLINDRICAL_SURFACE('',#4341,5.);
#152=CYLINDRICAL_SURFACE('',#4344,3.);
#153=CYLINDRICAL_SURFACE('',#4347,5.);
#154=CYLINDRICAL_SURFACE('',#4350,3.);
#155=CYLINDRICAL_SURFACE('',#4353,5.);
#156=CYLINDRICAL_SURFACE('',#4356,3.);
#157=CYLINDRICAL_SURFACE('',#4359,5.);
#158=CYLINDRICAL_SURFACE('',#4362,3.);
#159=CYLINDRICAL_SURFACE('',#4365,5.);
#160=CYLINDRICAL_SURFACE('',#4368,3.);
#161=CYLINDRICAL_SURFACE('',#4371,5.);
#162=CYLINDRICAL_SURFACE('',#4374,3.);
#163=CYLINDRICAL_SURFACE('',#4377,5.);
#164=CYLINDRICAL_SURFACE('',#4380,3.);
#165=CYLINDRICAL_SURFACE('',#4383,5.);
#166=CYLINDRICAL_SURFACE('',#4398,2.);
#167=CYLINDRICAL_SURFACE('',#4403,2.);
#168=CYLINDRICAL_SURFACE('',#4406,2.);
#169=CYLINDRICAL_SURFACE('',#4410,2.);
#170=CYLINDRICAL_SURFACE('',#4420,3.5);
#171=CYLINDRICAL_SURFACE('',#4428,1.75);
#172=CYLINDRICAL_SURFACE('',#4431,1.75);
#173=CYLINDRICAL_SURFACE('',#4434,1.75);
#174=CYLINDRICAL_SURFACE('',#4437,1.75);
#175=CYLINDRICAL_SURFACE('',#4439,3.5);
#176=CYLINDRICAL_SURFACE('',#4441,3.5);
#177=CYLINDRICAL_SURFACE('',#4444,3.5);
#178=CYLINDRICAL_SURFACE('',#4450,5.);
#179=CYLINDRICAL_SURFACE('',#4453,5.);
#180=CYLINDRICAL_SURFACE('',#4456,5.);
#181=CYLINDRICAL_SURFACE('',#4459,5.);
#182=CIRCLE('',#4119,2.);
#183=CIRCLE('',#4121,2.);
#184=CIRCLE('',#4123,2.);
#185=CIRCLE('',#4125,2.);
#186=CIRCLE('',#4127,2.);
#187=CIRCLE('',#4128,2.);
#188=CIRCLE('',#4130,3.5);
#189=CIRCLE('',#4131,3.5);
#190=CIRCLE('',#4134,5.);
#191=CIRCLE('',#4135,5.);
#192=CIRCLE('',#4136,5.);
#193=CIRCLE('',#4137,5.);
#194=CIRCLE('',#4138,3.5);
#195=CIRCLE('',#4139,3.5);
#196=CIRCLE('',#4140,3.5);
#197=CIRCLE('',#4141,3.5);
#198=CIRCLE('',#4142,3.5);
#199=CIRCLE('',#4143,3.5);
#200=CIRCLE('',#4144,11.);
#201=CIRCLE('',#4145,3.50000000000001);
#202=CIRCLE('',#4146,3.5);
#203=CIRCLE('',#4147,3.5);
#204=CIRCLE('',#4148,3.5);
#205=CIRCLE('',#4150,2.);
#206=CIRCLE('',#4151,2.);
#207=CIRCLE('',#4153,3.5);
#208=CIRCLE('',#4157,2.);
#209=CIRCLE('',#4158,2.);
#210=CIRCLE('',#4160,3.5);
#211=CIRCLE('',#4164,2.);
#212=CIRCLE('',#4165,2.);
#213=CIRCLE('',#4167,3.5);
#214=CIRCLE('',#4183,5.);
#215=CIRCLE('',#4184,5.);
#216=CIRCLE('',#4185,5.);
#217=CIRCLE('',#4186,5.);
#218=CIRCLE('',#4187,9.66723116636755);
#219=CIRCLE('',#4191,3.5);
#220=CIRCLE('',#4201,2.);
#221=CIRCLE('',#4202,2.);
#222=CIRCLE('',#4205,3.5);
#223=CIRCLE('',#4207,3.5);
#224=CIRCLE('',#4209,3.5);
#225=CIRCLE('',#4211,3.5);
#226=CIRCLE('',#4222,2.);
#227=CIRCLE('',#4223,2.);
#228=CIRCLE('',#4226,2.);
#229=CIRCLE('',#4227,2.);
#230=CIRCLE('',#4229,3.5);
#231=CIRCLE('',#4233,2.);
#232=CIRCLE('',#4234,2.);
#233=CIRCLE('',#4236,3.5);
#234=CIRCLE('',#4240,2.);
#235=CIRCLE('',#4243,3.5);
#236=CIRCLE('',#4247,2.);
#237=CIRCLE('',#4250,3.5);
#238=CIRCLE('',#4253,2.);
#239=CIRCLE('',#4256,3.50000000000001);
#240=CIRCLE('',#4259,2.);
#241=CIRCLE('',#4262,3.5);
#242=CIRCLE('',#4265,11.);
#243=CIRCLE('',#4266,5.);
#244=CIRCLE('',#4272,5.);
#245=CIRCLE('',#4274,9.66723116636755);
#246=CIRCLE('',#4326,3.5);
#247=CIRCLE('',#4327,3.5);
#248=CIRCLE('',#4328,3.5);
#249=CIRCLE('',#4329,3.5);
#250=CIRCLE('',#4330,5.);
#251=CIRCLE('',#4331,5.);
#252=CIRCLE('',#4332,5.);
#253=CIRCLE('',#4333,5.);
#254=CIRCLE('',#4334,5.);
#255=CIRCLE('',#4335,5.);
#256=CIRCLE('',#4336,5.);
#257=CIRCLE('',#4337,5.);
#258=CIRCLE('',#4339,3.);
#259=CIRCLE('',#4340,3.);
#260=CIRCLE('',#4342,5.);
#261=CIRCLE('',#4345,3.);
#262=CIRCLE('',#4346,3.);
#263=CIRCLE('',#4348,5.);
#264=CIRCLE('',#4351,3.);
#265=CIRCLE('',#4352,3.);
#266=CIRCLE('',#4354,5.);
#267=CIRCLE('',#4357,3.);
#268=CIRCLE('',#4358,3.);
#269=CIRCLE('',#4360,5.);
#270=CIRCLE('',#4363,3.);
#271=CIRCLE('',#4364,3.);
#272=CIRCLE('',#4366,5.);
#273=CIRCLE('',#4369,3.);
#274=CIRCLE('',#4370,3.);
#275=CIRCLE('',#4372,5.);
#276=CIRCLE('',#4375,3.);
#277=CIRCLE('',#4376,3.);
#278=CIRCLE('',#4378,5.);
#279=CIRCLE('',#4381,3.);
#280=CIRCLE('',#4382,3.);
#281=CIRCLE('',#4384,5.);
#282=CIRCLE('',#4392,2.);
#283=CIRCLE('',#4393,3.5);
#284=CIRCLE('',#4394,1.75);
#285=CIRCLE('',#4399,2.);
#286=CIRCLE('',#4400,2.);
#287=CIRCLE('',#4404,2.);
#288=CIRCLE('',#4407,2.);
#289=CIRCLE('',#4408,2.);
#290=CIRCLE('',#4411,2.);
#291=CIRCLE('',#4412,2.);
#292=CIRCLE('',#4414,5.);
#293=CIRCLE('',#4415,5.);
#294=CIRCLE('',#4416,5.);
#295=CIRCLE('',#4417,5.);
#296=CIRCLE('',#4421,3.5);
#297=CIRCLE('',#4429,1.75);
#298=CIRCLE('',#4430,1.75);
#299=CIRCLE('',#4432,1.75);
#300=CIRCLE('',#4433,1.75);
#301=CIRCLE('',#4435,1.75);
#302=CIRCLE('',#4436,1.75);
#303=CIRCLE('',#4438,1.75);
#304=CIRCLE('',#4442,3.5);
#305=CIRCLE('',#4445,3.5);
#306=CIRCLE('',#4451,5.);
#307=CIRCLE('',#4454,5.);
#308=CIRCLE('',#4457,5.);
#309=CIRCLE('',#4460,5.);
#310=ELLIPSE('',#4116,2.3094010767585,2.);
#311=ELLIPSE('',#4172,2.3094010767585,2.);
#312=ELLIPSE('',#4174,2.3094010767585,2.);
#313=ELLIPSE('',#4176,2.3094010767585,2.);
#314=ELLIPSE('',#4178,2.30940107675851,2.);
#315=ELLIPSE('',#4180,2.3094010767585,2.);
#316=FACE_OUTER_BOUND('',#535,.T.);
#317=FACE_OUTER_BOUND('',#536,.T.);
#318=FACE_OUTER_BOUND('',#537,.T.);
#319=FACE_OUTER_BOUND('',#538,.T.);
#320=FACE_OUTER_BOUND('',#539,.T.);
#321=FACE_OUTER_BOUND('',#540,.T.);
#322=FACE_OUTER_BOUND('',#541,.T.);
#323=FACE_OUTER_BOUND('',#542,.T.);
#324=FACE_OUTER_BOUND('',#543,.T.);
#325=FACE_OUTER_BOUND('',#544,.T.);
#326=FACE_OUTER_BOUND('',#545,.T.);
#327=FACE_OUTER_BOUND('',#546,.T.);
#328=FACE_OUTER_BOUND('',#547,.T.);
#329=FACE_OUTER_BOUND('',#548,.T.);
#330=FACE_OUTER_BOUND('',#549,.T.);
#331=FACE_OUTER_BOUND('',#551,.T.);
#332=FACE_OUTER_BOUND('',#571,.T.);
#333=FACE_OUTER_BOUND('',#572,.T.);
#334=FACE_OUTER_BOUND('',#573,.T.);
#335=FACE_OUTER_BOUND('',#575,.T.);
#336=FACE_OUTER_BOUND('',#576,.T.);
#337=FACE_OUTER_BOUND('',#577,.T.);
#338=FACE_OUTER_BOUND('',#578,.T.);
#339=FACE_OUTER_BOUND('',#580,.T.);
#340=FACE_OUTER_BOUND('',#581,.T.);
#341=FACE_OUTER_BOUND('',#582,.T.);
#342=FACE_OUTER_BOUND('',#583,.T.);
#343=FACE_OUTER_BOUND('',#585,.T.);
#344=FACE_OUTER_BOUND('',#586,.T.);
#345=FACE_OUTER_BOUND('',#587,.T.);
#346=FACE_OUTER_BOUND('',#588,.T.);
#347=FACE_OUTER_BOUND('',#589,.T.);
#348=FACE_OUTER_BOUND('',#590,.T.);
#349=FACE_OUTER_BOUND('',#591,.T.);
#350=FACE_OUTER_BOUND('',#592,.T.);
#351=FACE_OUTER_BOUND('',#593,.T.);
#352=FACE_OUTER_BOUND('',#606,.T.);
#353=FACE_OUTER_BOUND('',#607,.T.);
#354=FACE_OUTER_BOUND('',#608,.T.);
#355=FACE_OUTER_BOUND('',#609,.T.);
#356=FACE_OUTER_BOUND('',#610,.T.);
#357=FACE_OUTER_BOUND('',#611,.T.);
#358=FACE_OUTER_BOUND('',#612,.T.);
#359=FACE_OUTER_BOUND('',#613,.T.);
#360=FACE_OUTER_BOUND('',#614,.T.);
#361=FACE_OUTER_BOUND('',#615,.T.);
#362=FACE_OUTER_BOUND('',#616,.T.);
#363=FACE_OUTER_BOUND('',#617,.T.);
#364=FACE_OUTER_BOUND('',#618,.T.);
#365=FACE_OUTER_BOUND('',#619,.T.);
#366=FACE_OUTER_BOUND('',#620,.T.);
#367=FACE_OUTER_BOUND('',#621,.T.);
#368=FACE_OUTER_BOUND('',#622,.T.);
#369=FACE_OUTER_BOUND('',#623,.T.);
#370=FACE_OUTER_BOUND('',#624,.T.);
#371=FACE_OUTER_BOUND('',#625,.T.);
#372=FACE_OUTER_BOUND('',#626,.T.);
#373=FACE_OUTER_BOUND('',#627,.T.);
#374=FACE_OUTER_BOUND('',#629,.T.);
#375=FACE_OUTER_BOUND('',#630,.T.);
#376=FACE_OUTER_BOUND('',#631,.T.);
#377=FACE_OUTER_BOUND('',#632,.T.);
#378=FACE_OUTER_BOUND('',#633,.T.);
#379=FACE_OUTER_BOUND('',#634,.T.);
#380=FACE_OUTER_BOUND('',#636,.T.);
#381=FACE_OUTER_BOUND('',#637,.T.);
#382=FACE_OUTER_BOUND('',#638,.T.);
#383=FACE_OUTER_BOUND('',#640,.T.);
#384=FACE_OUTER_BOUND('',#641,.T.);
#385=FACE_OUTER_BOUND('',#642,.T.);
#386=FACE_OUTER_BOUND('',#643,.T.);
#387=FACE_OUTER_BOUND('',#645,.T.);
#388=FACE_OUTER_BOUND('',#646,.T.);
#389=FACE_OUTER_BOUND('',#647,.T.);
#390=FACE_OUTER_BOUND('',#648,.T.);
#391=FACE_OUTER_BOUND('',#649,.T.);
#392=FACE_OUTER_BOUND('',#651,.T.);
#393=FACE_OUTER_BOUND('',#652,.T.);
#394=FACE_OUTER_BOUND('',#653,.T.);
#395=FACE_OUTER_BOUND('',#654,.T.);
#396=FACE_OUTER_BOUND('',#655,.T.);
#397=FACE_OUTER_BOUND('',#657,.T.);
#398=FACE_OUTER_BOUND('',#658,.T.);
#399=FACE_OUTER_BOUND('',#659,.T.);
#400=FACE_OUTER_BOUND('',#660,.T.);
#401=FACE_OUTER_BOUND('',#662,.T.);
#402=FACE_OUTER_BOUND('',#663,.T.);
#403=FACE_OUTER_BOUND('',#664,.T.);
#404=FACE_OUTER_BOUND('',#665,.T.);
#405=FACE_OUTER_BOUND('',#667,.T.);
#406=FACE_OUTER_BOUND('',#669,.T.);
#407=FACE_OUTER_BOUND('',#670,.T.);
#408=FACE_OUTER_BOUND('',#671,.T.);
#409=FACE_OUTER_BOUND('',#672,.T.);
#410=FACE_OUTER_BOUND('',#673,.T.);
#411=FACE_OUTER_BOUND('',#674,.T.);
#412=FACE_OUTER_BOUND('',#676,.T.);
#413=FACE_OUTER_BOUND('',#677,.T.);
#414=FACE_OUTER_BOUND('',#678,.T.);
#415=FACE_OUTER_BOUND('',#679,.T.);
#416=FACE_OUTER_BOUND('',#680,.T.);
#417=FACE_OUTER_BOUND('',#681,.T.);
#418=FACE_OUTER_BOUND('',#682,.T.);
#419=FACE_OUTER_BOUND('',#683,.T.);
#420=FACE_OUTER_BOUND('',#684,.T.);
#421=FACE_OUTER_BOUND('',#685,.T.);
#422=FACE_OUTER_BOUND('',#686,.T.);
#423=FACE_OUTER_BOUND('',#687,.T.);
#424=FACE_OUTER_BOUND('',#688,.T.);
#425=FACE_OUTER_BOUND('',#689,.T.);
#426=FACE_OUTER_BOUND('',#690,.T.);
#427=FACE_OUTER_BOUND('',#691,.T.);
#428=FACE_OUTER_BOUND('',#692,.T.);
#429=FACE_OUTER_BOUND('',#693,.T.);
#430=FACE_OUTER_BOUND('',#694,.T.);
#431=FACE_OUTER_BOUND('',#695,.T.);
#432=FACE_OUTER_BOUND('',#696,.T.);
#433=FACE_OUTER_BOUND('',#697,.T.);
#434=FACE_OUTER_BOUND('',#698,.T.);
#435=FACE_OUTER_BOUND('',#699,.T.);
#436=FACE_OUTER_BOUND('',#700,.T.);
#437=FACE_OUTER_BOUND('',#701,.T.);
#438=FACE_OUTER_BOUND('',#702,.T.);
#439=FACE_OUTER_BOUND('',#703,.T.);
#440=FACE_OUTER_BOUND('',#704,.T.);
#441=FACE_OUTER_BOUND('',#705,.T.);
#442=FACE_OUTER_BOUND('',#706,.T.);
#443=FACE_OUTER_BOUND('',#707,.T.);
#444=FACE_OUTER_BOUND('',#708,.T.);
#445=FACE_OUTER_BOUND('',#709,.T.);
#446=FACE_OUTER_BOUND('',#710,.T.);
#447=FACE_OUTER_BOUND('',#711,.T.);
#448=FACE_OUTER_BOUND('',#712,.T.);
#449=FACE_OUTER_BOUND('',#713,.T.);
#450=FACE_OUTER_BOUND('',#714,.T.);
#451=FACE_OUTER_BOUND('',#715,.T.);
#452=FACE_OUTER_BOUND('',#716,.T.);
#453=FACE_OUTER_BOUND('',#717,.T.);
#454=FACE_OUTER_BOUND('',#718,.T.);
#455=FACE_OUTER_BOUND('',#719,.T.);
#456=FACE_OUTER_BOUND('',#720,.T.);
#457=FACE_OUTER_BOUND('',#721,.T.);
#458=FACE_OUTER_BOUND('',#722,.T.);
#459=FACE_OUTER_BOUND('',#723,.T.);
#460=FACE_OUTER_BOUND('',#724,.T.);
#461=FACE_OUTER_BOUND('',#725,.T.);
#462=FACE_OUTER_BOUND('',#734,.T.);
#463=FACE_OUTER_BOUND('',#735,.T.);
#464=FACE_OUTER_BOUND('',#736,.T.);
#465=FACE_OUTER_BOUND('',#738,.T.);
#466=FACE_OUTER_BOUND('',#739,.T.);
#467=FACE_OUTER_BOUND('',#740,.T.);
#468=FACE_OUTER_BOUND('',#742,.T.);
#469=FACE_OUTER_BOUND('',#743,.T.);
#470=FACE_OUTER_BOUND('',#744,.T.);
#471=FACE_OUTER_BOUND('',#746,.T.);
#472=FACE_OUTER_BOUND('',#747,.T.);
#473=FACE_OUTER_BOUND('',#748,.T.);
#474=FACE_OUTER_BOUND('',#750,.T.);
#475=FACE_OUTER_BOUND('',#751,.T.);
#476=FACE_OUTER_BOUND('',#752,.T.);
#477=FACE_OUTER_BOUND('',#754,.T.);
#478=FACE_OUTER_BOUND('',#755,.T.);
#479=FACE_OUTER_BOUND('',#756,.T.);
#480=FACE_OUTER_BOUND('',#758,.T.);
#481=FACE_OUTER_BOUND('',#759,.T.);
#482=FACE_OUTER_BOUND('',#760,.T.);
#483=FACE_OUTER_BOUND('',#762,.T.);
#484=FACE_OUTER_BOUND('',#763,.T.);
#485=FACE_OUTER_BOUND('',#764,.T.);
#486=FACE_OUTER_BOUND('',#766,.T.);
#487=FACE_OUTER_BOUND('',#767,.T.);
#488=FACE_OUTER_BOUND('',#768,.T.);
#489=FACE_OUTER_BOUND('',#769,.T.);
#490=FACE_OUTER_BOUND('',#770,.T.);
#491=FACE_OUTER_BOUND('',#771,.T.);
#492=FACE_OUTER_BOUND('',#773,.T.);
#493=FACE_OUTER_BOUND('',#774,.T.);
#494=FACE_OUTER_BOUND('',#775,.T.);
#495=FACE_OUTER_BOUND('',#776,.T.);
#496=FACE_OUTER_BOUND('',#777,.T.);
#497=FACE_OUTER_BOUND('',#778,.T.);
#498=FACE_OUTER_BOUND('',#779,.T.);
#499=FACE_OUTER_BOUND('',#780,.T.);
#500=FACE_OUTER_BOUND('',#781,.T.);
#501=FACE_OUTER_BOUND('',#782,.T.);
#502=FACE_OUTER_BOUND('',#783,.T.);
#503=FACE_OUTER_BOUND('',#784,.T.);
#504=FACE_OUTER_BOUND('',#785,.T.);
#505=FACE_OUTER_BOUND('',#786,.T.);
#506=FACE_OUTER_BOUND('',#787,.T.);
#507=FACE_OUTER_BOUND('',#788,.T.);
#508=FACE_OUTER_BOUND('',#789,.T.);
#509=FACE_OUTER_BOUND('',#790,.T.);
#510=FACE_OUTER_BOUND('',#791,.T.);
#511=FACE_OUTER_BOUND('',#792,.T.);
#512=FACE_OUTER_BOUND('',#793,.T.);
#513=FACE_OUTER_BOUND('',#794,.T.);
#514=FACE_OUTER_BOUND('',#795,.T.);
#515=FACE_OUTER_BOUND('',#796,.T.);
#516=FACE_OUTER_BOUND('',#797,.T.);
#517=FACE_OUTER_BOUND('',#798,.T.);
#518=FACE_OUTER_BOUND('',#799,.T.);
#519=FACE_OUTER_BOUND('',#801,.T.);
#520=FACE_OUTER_BOUND('',#802,.T.);
#521=FACE_OUTER_BOUND('',#804,.T.);
#522=FACE_OUTER_BOUND('',#805,.T.);
#523=FACE_OUTER_BOUND('',#807,.T.);
#524=FACE_OUTER_BOUND('',#808,.T.);
#525=FACE_OUTER_BOUND('',#809,.T.);
#526=FACE_OUTER_BOUND('',#810,.T.);
#527=FACE_OUTER_BOUND('',#811,.T.);
#528=FACE_OUTER_BOUND('',#812,.T.);
#529=FACE_OUTER_BOUND('',#813,.T.);
#530=FACE_OUTER_BOUND('',#814,.T.);
#531=FACE_OUTER_BOUND('',#815,.T.);
#532=FACE_OUTER_BOUND('',#816,.T.);
#533=FACE_OUTER_BOUND('',#817,.T.);
#534=FACE_OUTER_BOUND('',#818,.T.);
#535=EDGE_LOOP('',(#2595,#2596,#2597,#2598,#2599,#2600,#2601,#2602));
#536=EDGE_LOOP('',(#2603,#2604,#2605,#2606));
#537=EDGE_LOOP('',(#2607,#2608,#2609,#2610,#2611,#2612,#2613));
#538=EDGE_LOOP('',(#2614,#2615,#2616,#2617));
#539=EDGE_LOOP('',(#2618,#2619,#2620,#2621,#2622,#2623,#2624));
#540=EDGE_LOOP('',(#2625,#2626,#2627,#2628));
#541=EDGE_LOOP('',(#2629,#2630,#2631,#2632,#2633,#2634,#2635,#2636,#2637));
#542=EDGE_LOOP('',(#2638,#2639,#2640,#2641,#2642));
#543=EDGE_LOOP('',(#2643));
#544=EDGE_LOOP('',(#2644));
#545=EDGE_LOOP('',(#2645));
#546=EDGE_LOOP('',(#2646));
#547=EDGE_LOOP('',(#2647,#2648,#2649,#2650));
#548=EDGE_LOOP('',(#2651,#2652,#2653,#2654));
#549=EDGE_LOOP('',(#2655));
#550=EDGE_LOOP('',(#2656));
#551=EDGE_LOOP('',(#2657,#2658,#2659,#2660,#2661,#2662,#2663,#2664,#2665,
#2666,#2667,#2668,#2669,#2670,#2671,#2672,#2673));
#552=EDGE_LOOP('',(#2674));
#553=EDGE_LOOP('',(#2675));
#554=EDGE_LOOP('',(#2676));
#555=EDGE_LOOP('',(#2677,#2678));
#556=EDGE_LOOP('',(#2679,#2680));
#557=EDGE_LOOP('',(#2681,#2682,#2683,#2684));
#558=EDGE_LOOP('',(#2685,#2686,#2687,#2688));
#559=EDGE_LOOP('',(#2689,#2690,#2691,#2692));
#560=EDGE_LOOP('',(#2693,#2694,#2695,#2696));
#561=EDGE_LOOP('',(#2697,#2698,#2699,#2700));
#562=EDGE_LOOP('',(#2701,#2702,#2703,#2704));
#563=EDGE_LOOP('',(#2705,#2706,#2707,#2708));
#564=EDGE_LOOP('',(#2709));
#565=EDGE_LOOP('',(#2710,#2711));
#566=EDGE_LOOP('',(#2712,#2713));
#567=EDGE_LOOP('',(#2714));
#568=EDGE_LOOP('',(#2715,#2716,#2717,#2718,#2719,#2720,#2721,#2722,#2723,
#2724,#2725,#2726,#2727,#2728,#2729,#2730,#2731,#2732,#2733,#2734));
#569=EDGE_LOOP('',(#2735));
#570=EDGE_LOOP('',(#2736));
#571=EDGE_LOOP('',(#2737,#2738,#2739,#2740));
#572=EDGE_LOOP('',(#2741,#2742,#2743,#2744));
#573=EDGE_LOOP('',(#2745));
#574=EDGE_LOOP('',(#2746));
#575=EDGE_LOOP('',(#2747));
#576=EDGE_LOOP('',(#2748,#2749,#2750,#2751));
#577=EDGE_LOOP('',(#2752,#2753,#2754,#2755));
#578=EDGE_LOOP('',(#2756));
#579=EDGE_LOOP('',(#2757));
#580=EDGE_LOOP('',(#2758));
#581=EDGE_LOOP('',(#2759,#2760,#2761,#2762));
#582=EDGE_LOOP('',(#2763,#2764,#2765,#2766));
#583=EDGE_LOOP('',(#2767));
#584=EDGE_LOOP('',(#2768));
#585=EDGE_LOOP('',(#2769));
#586=EDGE_LOOP('',(#2770,#2771,#2772,#2773,#2774,#2775,#2776,#2777));
#587=EDGE_LOOP('',(#2778,#2779,#2780,#2781,#2782,#2783,#2784,#2785,#2786));
#588=EDGE_LOOP('',(#2787,#2788,#2789,#2790,#2791,#2792,#2793));
#589=EDGE_LOOP('',(#2794,#2795,#2796,#2797,#2798,#2799,#2800));
#590=EDGE_LOOP('',(#2801,#2802,#2803,#2804));
#591=EDGE_LOOP('',(#2805,#2806,#2807,#2808,#2809,#2810));
#592=EDGE_LOOP('',(#2811,#2812,#2813,#2814));
#593=EDGE_LOOP('',(#2815,#2816,#2817,#2818,#2819,#2820,#2821,#2822,#2823,
#2824,#2825,#2826));
#594=EDGE_LOOP('',(#2827,#2828,#2829,#2830));
#595=EDGE_LOOP('',(#2831,#2832,#2833,#2834));
#596=EDGE_LOOP('',(#2835,#2836,#2837,#2838));
#597=EDGE_LOOP('',(#2839));
#598=EDGE_LOOP('',(#2840,#2841,#2842,#2843));
#599=EDGE_LOOP('',(#2844,#2845,#2846,#2847));
#600=EDGE_LOOP('',(#2848,#2849,#2850,#2851));
#601=EDGE_LOOP('',(#2852,#2853,#2854,#2855));
#602=EDGE_LOOP('',(#2856,#2857,#2858,#2859));
#603=EDGE_LOOP('',(#2860,#2861,#2862,#2863));
#604=EDGE_LOOP('',(#2864,#2865,#2866,#2867));
#605=EDGE_LOOP('',(#2868,#2869,#2870,#2871));
#606=EDGE_LOOP('',(#2872,#2873,#2874,#2875));
#607=EDGE_LOOP('',(#2876,#2877,#2878,#2879,#2880));
#608=EDGE_LOOP('',(#2881,#2882,#2883,#2884));
#609=EDGE_LOOP('',(#2885));
#610=EDGE_LOOP('',(#2886,#2887,#2888,#2889));
#611=EDGE_LOOP('',(#2890,#2891,#2892,#2893));
#612=EDGE_LOOP('',(#2894,#2895,#2896,#2897));
#613=EDGE_LOOP('',(#2898,#2899,#2900,#2901));
#614=EDGE_LOOP('',(#2902,#2903,#2904,#2905));
#615=EDGE_LOOP('',(#2906,#2907,#2908,#2909));
#616=EDGE_LOOP('',(#2910,#2911,#2912,#2913));
#617=EDGE_LOOP('',(#2914,#2915,#2916,#2917));
#618=EDGE_LOOP('',(#2918));
#619=EDGE_LOOP('',(#2919,#2920,#2921));
#620=EDGE_LOOP('',(#2922,#2923,#2924));
#621=EDGE_LOOP('',(#2925,#2926,#2927));
#622=EDGE_LOOP('',(#2928,#2929,#2930));
#623=EDGE_LOOP('',(#2931,#2932,#2933,#2934,#2935,#2936,#2937));
#624=EDGE_LOOP('',(#2938,#2939,#2940,#2941,#2942,#2943,#2944));
#625=EDGE_LOOP('',(#2945,#2946,#2947,#2948,#2949,#2950,#2951));
#626=EDGE_LOOP('',(#2952,#2953,#2954,#2955,#2956,#2957,#2958));
#627=EDGE_LOOP('',(#2959,#2960,#2961,#2962,#2963,#2964,#2965,#2966,#2967,
#2968,#2969,#2970,#2971,#2972,#2973,#2974));
#628=EDGE_LOOP('',(#2975));
#629=EDGE_LOOP('',(#2976,#2977,#2978,#2979));
#630=EDGE_LOOP('',(#2980,#2981,#2982,#2983));
#631=EDGE_LOOP('',(#2984,#2985,#2986,#2987));
#632=EDGE_LOOP('',(#2988,#2989,#2990,#2991));
#633=EDGE_LOOP('',(#2992,#2993,#2994,#2995));
#634=EDGE_LOOP('',(#2996,#2997,#2998,#2999,#3000));
#635=EDGE_LOOP('',(#3001));
#636=EDGE_LOOP('',(#3002,#3003,#3004,#3005));
#637=EDGE_LOOP('',(#3006,#3007,#3008,#3009));
#638=EDGE_LOOP('',(#3010));
#639=EDGE_LOOP('',(#3011));
#640=EDGE_LOOP('',(#3012));
#641=EDGE_LOOP('',(#3013,#3014,#3015,#3016));
#642=EDGE_LOOP('',(#3017,#3018,#3019,#3020));
#643=EDGE_LOOP('',(#3021));
#644=EDGE_LOOP('',(#3022));
#645=EDGE_LOOP('',(#3023));
#646=EDGE_LOOP('',(#3024,#3025,#3026,#3027));
#647=EDGE_LOOP('',(#3028,#3029,#3030,#3031));
#648=EDGE_LOOP('',(#3032,#3033,#3034,#3035));
#649=EDGE_LOOP('',(#3036,#3037));
#650=EDGE_LOOP('',(#3038));
#651=EDGE_LOOP('',(#3039));
#652=EDGE_LOOP('',(#3040,#3041,#3042,#3043));
#653=EDGE_LOOP('',(#3044,#3045,#3046,#3047));
#654=EDGE_LOOP('',(#3048,#3049,#3050,#3051));
#655=EDGE_LOOP('',(#3052,#3053));
#656=EDGE_LOOP('',(#3054));
#657=EDGE_LOOP('',(#3055,#3056,#3057,#3058));
#658=EDGE_LOOP('',(#3059,#3060,#3061,#3062));
#659=EDGE_LOOP('',(#3063,#3064,#3065,#3066));
#660=EDGE_LOOP('',(#3067,#3068));
#661=EDGE_LOOP('',(#3069));
#662=EDGE_LOOP('',(#3070,#3071,#3072,#3073));
#663=EDGE_LOOP('',(#3074,#3075,#3076,#3077));
#664=EDGE_LOOP('',(#3078,#3079,#3080,#3081));
#665=EDGE_LOOP('',(#3082,#3083));
#666=EDGE_LOOP('',(#3084));
#667=EDGE_LOOP('',(#3085));
#668=EDGE_LOOP('',(#3086));
#669=EDGE_LOOP('',(#3087,#3088,#3089,#3090));
#670=EDGE_LOOP('',(#3091,#3092,#3093,#3094));
#671=EDGE_LOOP('',(#3095,#3096,#3097,#3098));
#672=EDGE_LOOP('',(#3099,#3100,#3101,#3102));
#673=EDGE_LOOP('',(#3103,#3104,#3105,#3106));
#674=EDGE_LOOP('',(#3107));
#675=EDGE_LOOP('',(#3108));
#676=EDGE_LOOP('',(#3109,#3110,#3111,#3112));
#677=EDGE_LOOP('',(#3113,#3114,#3115,#3116));
#678=EDGE_LOOP('',(#3117,#3118,#3119,#3120));
#679=EDGE_LOOP('',(#3121,#3122,#3123,#3124));
#680=EDGE_LOOP('',(#3125,#3126,#3127,#3128));
#681=EDGE_LOOP('',(#3129,#3130,#3131,#3132));
#682=EDGE_LOOP('',(#3133,#3134,#3135,#3136));
#683=EDGE_LOOP('',(#3137,#3138,#3139,#3140));
#684=EDGE_LOOP('',(#3141,#3142,#3143,#3144));
#685=EDGE_LOOP('',(#3145,#3146,#3147,#3148));
#686=EDGE_LOOP('',(#3149,#3150,#3151,#3152));
#687=EDGE_LOOP('',(#3153,#3154,#3155,#3156));
#688=EDGE_LOOP('',(#3157,#3158,#3159,#3160));
#689=EDGE_LOOP('',(#3161,#3162,#3163,#3164));
#690=EDGE_LOOP('',(#3165,#3166,#3167,#3168,#3169,#3170,#3171));
#691=EDGE_LOOP('',(#3172,#3173,#3174,#3175,#3176,#3177,#3178));
#692=EDGE_LOOP('',(#3179,#3180,#3181,#3182));
#693=EDGE_LOOP('',(#3183,#3184,#3185,#3186));
#694=EDGE_LOOP('',(#3187,#3188,#3189,#3190));
#695=EDGE_LOOP('',(#3191,#3192,#3193,#3194));
#696=EDGE_LOOP('',(#3195,#3196,#3197,#3198));
#697=EDGE_LOOP('',(#3199,#3200,#3201,#3202));
#698=EDGE_LOOP('',(#3203,#3204,#3205,#3206));
#699=EDGE_LOOP('',(#3207,#3208,#3209,#3210));
#700=EDGE_LOOP('',(#3211,#3212,#3213,#3214));
#701=EDGE_LOOP('',(#3215,#3216,#3217,#3218,#3219,#3220,#3221));
#702=EDGE_LOOP('',(#3222,#3223,#3224,#3225,#3226,#3227,#3228));
#703=EDGE_LOOP('',(#3229,#3230,#3231,#3232));
#704=EDGE_LOOP('',(#3233,#3234,#3235,#3236));
#705=EDGE_LOOP('',(#3237,#3238,#3239,#3240));
#706=EDGE_LOOP('',(#3241,#3242,#3243,#3244));
#707=EDGE_LOOP('',(#3245,#3246,#3247,#3248));
#708=EDGE_LOOP('',(#3249,#3250,#3251,#3252));
#709=EDGE_LOOP('',(#3253,#3254,#3255,#3256));
#710=EDGE_LOOP('',(#3257,#3258,#3259,#3260));
#711=EDGE_LOOP('',(#3261,#3262,#3263,#3264));
#712=EDGE_LOOP('',(#3265,#3266,#3267,#3268));
#713=EDGE_LOOP('',(#3269,#3270,#3271,#3272));
#714=EDGE_LOOP('',(#3273,#3274,#3275,#3276));
#715=EDGE_LOOP('',(#3277,#3278,#3279,#3280));
#716=EDGE_LOOP('',(#3281,#3282,#3283,#3284));
#717=EDGE_LOOP('',(#3285,#3286,#3287,#3288));
#718=EDGE_LOOP('',(#3289,#3290,#3291,#3292));
#719=EDGE_LOOP('',(#3293,#3294,#3295,#3296));
#720=EDGE_LOOP('',(#3297,#3298,#3299,#3300));
#721=EDGE_LOOP('',(#3301,#3302,#3303,#3304));
#722=EDGE_LOOP('',(#3305,#3306,#3307,#3308));
#723=EDGE_LOOP('',(#3309,#3310,#3311,#3312));
#724=EDGE_LOOP('',(#3313,#3314,#3315,#3316));
#725=EDGE_LOOP('',(#3317,#3318,#3319,#3320,#3321,#3322,#3323,#3324,#3325,
#3326,#3327,#3328,#3329,#3330,#3331,#3332,#3333,#3334,#3335,#3336,#3337,
#3338,#3339));
#726=EDGE_LOOP('',(#3340));
#727=EDGE_LOOP('',(#3341));
#728=EDGE_LOOP('',(#3342));
#729=EDGE_LOOP('',(#3343));
#730=EDGE_LOOP('',(#3344));
#731=EDGE_LOOP('',(#3345));
#732=EDGE_LOOP('',(#3346));
#733=EDGE_LOOP('',(#3347));
#734=EDGE_LOOP('',(#3348,#3349,#3350,#3351));
#735=EDGE_LOOP('',(#3352,#3353,#3354,#3355));
#736=EDGE_LOOP('',(#3356));
#737=EDGE_LOOP('',(#3357));
#738=EDGE_LOOP('',(#3358,#3359,#3360,#3361));
#739=EDGE_LOOP('',(#3362,#3363,#3364,#3365));
#740=EDGE_LOOP('',(#3366));
#741=EDGE_LOOP('',(#3367));
#742=EDGE_LOOP('',(#3368,#3369,#3370,#3371));
#743=EDGE_LOOP('',(#3372,#3373,#3374,#3375));
#744=EDGE_LOOP('',(#3376));
#745=EDGE_LOOP('',(#3377));
#746=EDGE_LOOP('',(#3378,#3379,#3380,#3381));
#747=EDGE_LOOP('',(#3382,#3383,#3384,#3385));
#748=EDGE_LOOP('',(#3386));
#749=EDGE_LOOP('',(#3387));
#750=EDGE_LOOP('',(#3388,#3389,#3390,#3391));
#751=EDGE_LOOP('',(#3392,#3393,#3394,#3395));
#752=EDGE_LOOP('',(#3396));
#753=EDGE_LOOP('',(#3397));
#754=EDGE_LOOP('',(#3398,#3399,#3400,#3401));
#755=EDGE_LOOP('',(#3402,#3403,#3404,#3405));
#756=EDGE_LOOP('',(#3406));
#757=EDGE_LOOP('',(#3407));
#758=EDGE_LOOP('',(#3408,#3409,#3410,#3411));
#759=EDGE_LOOP('',(#3412,#3413,#3414,#3415));
#760=EDGE_LOOP('',(#3416));
#761=EDGE_LOOP('',(#3417));
#762=EDGE_LOOP('',(#3418,#3419,#3420,#3421));
#763=EDGE_LOOP('',(#3422,#3423,#3424,#3425));
#764=EDGE_LOOP('',(#3426));
#765=EDGE_LOOP('',(#3427));
#766=EDGE_LOOP('',(#3428,#3429,#3430,#3431));
#767=EDGE_LOOP('',(#3432,#3433,#3434,#3435,#3436,#3437,#3438,#3439));
#768=EDGE_LOOP('',(#3440,#3441,#3442,#3443));
#769=EDGE_LOOP('',(#3444,#3445,#3446,#3447,#3448,#3449,#3450,#3451));
#770=EDGE_LOOP('',(#3452,#3453,#3454,#3455,#3456,#3457));
#771=EDGE_LOOP('',(#3458,#3459,#3460,#3461,#3462,#3463));
#772=EDGE_LOOP('',(#3464));
#773=EDGE_LOOP('',(#3465,#3466,#3467,#3468,#3469,#3470,#3471,#3472,#3473,
#3474));
#774=EDGE_LOOP('',(#3475,#3476,#3477,#3478,#3479,#3480));
#775=EDGE_LOOP('',(#3481,#3482,#3483,#3484));
#776=EDGE_LOOP('',(#3485,#3486,#3487,#3488));
#777=EDGE_LOOP('',(#3489,#3490,#3491,#3492,#3493,#3494,#3495,#3496));
#778=EDGE_LOOP('',(#3497,#3498,#3499,#3500));
#779=EDGE_LOOP('',(#3501,#3502,#3503,#3504));
#780=EDGE_LOOP('',(#3505,#3506,#3507,#3508,#3509,#3510,#3511,#3512));
#781=EDGE_LOOP('',(#3513,#3514,#3515,#3516));
#782=EDGE_LOOP('',(#3517,#3518,#3519,#3520,#3521,#3522,#3523,#3524));
#783=EDGE_LOOP('',(#3525,#3526,#3527,#3528));
#784=EDGE_LOOP('',(#3529,#3530,#3531,#3532,#3533,#3534,#3535,#3536,#3537,
#3538,#3539,#3540,#3541,#3542,#3543,#3544,#3545,#3546,#3547,#3548,#3549,
#3550,#3551,#3552));
#785=EDGE_LOOP('',(#3553,#3554,#3555,#3556));
#786=EDGE_LOOP('',(#3557,#3558,#3559,#3560));
#787=EDGE_LOOP('',(#3561,#3562,#3563,#3564));
#788=EDGE_LOOP('',(#3565,#3566,#3567,#3568));
#789=EDGE_LOOP('',(#3569,#3570,#3571,#3572));
#790=EDGE_LOOP('',(#3573,#3574,#3575,#3576));
#791=EDGE_LOOP('',(#3577,#3578,#3579,#3580));
#792=EDGE_LOOP('',(#3581,#3582,#3583,#3584));
#793=EDGE_LOOP('',(#3585,#3586,#3587,#3588));
#794=EDGE_LOOP('',(#3589,#3590,#3591,#3592));
#795=EDGE_LOOP('',(#3593,#3594,#3595,#3596));
#796=EDGE_LOOP('',(#3597,#3598,#3599,#3600));
#797=EDGE_LOOP('',(#3601,#3602,#3603,#3604));
#798=EDGE_LOOP('',(#3605,#3606,#3607,#3608));
#799=EDGE_LOOP('',(#3609,#3610,#3611,#3612,#3613,#3614,#3615));
#800=EDGE_LOOP('',(#3616));
#801=EDGE_LOOP('',(#3617,#3618,#3619,#3620));
#802=EDGE_LOOP('',(#3621,#3622,#3623,#3624,#3625,#3626));
#803=EDGE_LOOP('',(#3627));
#804=EDGE_LOOP('',(#3628,#3629,#3630,#3631));
#805=EDGE_LOOP('',(#3632,#3633,#3634,#3635,#3636,#3637));
#806=EDGE_LOOP('',(#3638));
#807=EDGE_LOOP('',(#3639,#3640,#3641,#3642));
#808=EDGE_LOOP('',(#3643,#3644,#3645,#3646));
#809=EDGE_LOOP('',(#3647,#3648,#3649,#3650));
#810=EDGE_LOOP('',(#3651,#3652,#3653,#3654));
#811=EDGE_LOOP('',(#3655,#3656,#3657,#3658));
#812=EDGE_LOOP('',(#3659,#3660,#3661,#3662));
#813=EDGE_LOOP('',(#3663,#3664,#3665,#3666));
#814=EDGE_LOOP('',(#3667,#3668,#3669,#3670));
#815=EDGE_LOOP('',(#3671,#3672,#3673,#3674));
#816=EDGE_LOOP('',(#3675,#3676,#3677,#3678));
#817=EDGE_LOOP('',(#3679,#3680,#3681,#3682,#3683,#3684));
#818=EDGE_LOOP('',(#3685,#3686,#3687,#3688,#3689,#3690,#3691,#3692,#3693,
#3694,#3695,#3696));
#819=EDGE_LOOP('',(#3697,#3698,#3699,#3700));
#820=EDGE_LOOP('',(#3701));
#821=EDGE_LOOP('',(#3702));
#822=EDGE_LOOP('',(#3703));
#823=EDGE_LOOP('',(#3704));
#824=EDGE_LOOP('',(#3705));
#825=EDGE_LOOP('',(#3706));
#826=EDGE_LOOP('',(#3707));
#827=EDGE_LOOP('',(#3708));
#828=EDGE_LOOP('',(#3709));
#829=EDGE_LOOP('',(#3710));
#830=EDGE_LOOP('',(#3711));
#831=EDGE_LOOP('',(#3712));
#832=LINE('',#5603,#1249);
#833=LINE('',#5605,#1250);
#834=LINE('',#5607,#1251);
#835=LINE('',#5609,#1252);
#836=LINE('',#5611,#1253);
#837=LINE('',#5613,#1254);
#838=LINE('',#5615,#1255);
#839=LINE('',#5616,#1256);
#840=LINE('',#5619,#1257);
#841=LINE('',#5621,#1258);
#842=LINE('',#5622,#1259);
#843=LINE('',#5625,#1260);
#844=LINE('',#5627,#1261);
#845=LINE('',#5629,#1262);
#846=LINE('',#5631,#1263);
#847=LINE('',#5633,#1264);
#848=LINE('',#5634,#1265);
#849=LINE('',#5637,#1266);
#850=LINE('',#5638,#1267);
#851=LINE('',#5641,#1268);
#852=LINE('',#5643,#1269);
#853=LINE('',#5645,#1270);
#854=LINE('',#5646,#1271);
#855=LINE('',#5649,#1272);
#856=LINE('',#5651,#1273);
#857=LINE('',#5652,#1274);
#858=LINE('',#5655,#1275);
#859=LINE('',#5657,#1276);
#860=LINE('',#5659,#1277);
#861=LINE('',#5663,#1278);
#862=LINE('',#5665,#1279);
#863=LINE('',#5666,#1280);
#864=LINE('',#5669,#1281);
#865=LINE('',#5671,#1282);
#866=LINE('',#5672,#1283);
#867=LINE('',#5689,#1284);
#868=LINE('',#5695,#1285);
#869=LINE('',#5700,#1286);
#870=LINE('',#5704,#1287);
#871=LINE('',#5708,#1288);
#872=LINE('',#5712,#1289);
#873=LINE('',#5715,#1290);
#874=LINE('',#5717,#1291);
#875=LINE('',#5719,#1292);
#876=LINE('',#5721,#1293);
#877=LINE('',#5723,#1294);
#878=LINE('',#5733,#1295);
#879=LINE('',#5737,#1296);
#880=LINE('',#5741,#1297);
#881=LINE('',#5743,#1298);
#882=LINE('',#5745,#1299);
#883=LINE('',#5746,#1300);
#884=LINE('',#5749,#1301);
#885=LINE('',#5751,#1302);
#886=LINE('',#5753,#1303);
#887=LINE('',#5754,#1304);
#888=LINE('',#5757,#1305);
#889=LINE('',#5759,#1306);
#890=LINE('',#5761,#1307);
#891=LINE('',#5762,#1308);
#892=LINE('',#5765,#1309);
#893=LINE('',#5767,#1310);
#894=LINE('',#5769,#1311);
#895=LINE('',#5770,#1312);
#896=LINE('',#5773,#1313);
#897=LINE('',#5775,#1314);
#898=LINE('',#5777,#1315);
#899=LINE('',#5778,#1316);
#900=LINE('',#5781,#1317);
#901=LINE('',#5783,#1318);
#902=LINE('',#5785,#1319);
#903=LINE('',#5786,#1320);
#904=LINE('',#5789,#1321);
#905=LINE('',#5791,#1322);
#906=LINE('',#5793,#1323);
#907=LINE('',#5794,#1324);
#908=LINE('',#5799,#1325);
#909=LINE('',#5803,#1326);
#910=LINE('',#5809,#1327);
#911=LINE('',#5811,#1328);
#912=LINE('',#5813,#1329);
#913=LINE('',#5815,#1330);
#914=LINE('',#5817,#1331);
#915=LINE('',#5819,#1332);
#916=LINE('',#5821,#1333);
#917=LINE('',#5823,#1334);
#918=LINE('',#5825,#1335);
#919=LINE('',#5827,#1336);
#920=LINE('',#5829,#1337);
#921=LINE('',#5831,#1338);
#922=LINE('',#5833,#1339);
#923=LINE('',#5835,#1340);
#924=LINE('',#5837,#1341);
#925=LINE('',#5839,#1342);
#926=LINE('',#5841,#1343);
#927=LINE('',#5843,#1344);
#928=LINE('',#5845,#1345);
#929=LINE('',#5846,#1346);
#930=LINE('',#5853,#1347);
#931=LINE('',#5858,#1348);
#932=LINE('',#5865,#1349);
#933=LINE('',#5870,#1350);
#934=LINE('',#5877,#1351);
#935=LINE('',#5882,#1352);
#936=LINE('',#5887,#1353);
#937=LINE('',#5888,#1354);
#938=LINE('',#5889,#1355);
#939=LINE('',#5892,#1356);
#940=LINE('',#5894,#1357);
#941=LINE('',#5897,#1358);
#942=LINE('',#5902,#1359);
#943=LINE('',#5903,#1360);
#944=LINE('',#5906,#1361);
#945=LINE('',#5908,#1362);
#946=LINE('',#5912,#1363);
#947=LINE('',#5915,#1364);
#948=LINE('',#5918,#1365);
#949=LINE('',#5920,#1366);
#950=LINE('',#5925,#1367);
#951=LINE('',#5929,#1368);
#952=LINE('',#5933,#1369);
#953=LINE('',#5937,#1370);
#954=LINE('',#5939,#1371);
#955=LINE('',#5941,#1372);
#956=LINE('',#5942,#1373);
#957=LINE('',#5945,#1374);
#958=LINE('',#5947,#1375);
#959=LINE('',#5949,#1376);
#960=LINE('',#5950,#1377);
#961=LINE('',#5953,#1378);
#962=LINE('',#5955,#1379);
#963=LINE('',#5957,#1380);
#964=LINE('',#5958,#1381);
#965=LINE('',#5963,#1382);
#966=LINE('',#5965,#1383);
#967=LINE('',#5967,#1384);
#968=LINE('',#5968,#1385);
#969=LINE('',#5971,#1386);
#970=LINE('',#5973,#1387);
#971=LINE('',#5975,#1388);
#972=LINE('',#5976,#1389);
#973=LINE('',#5979,#1390);
#974=LINE('',#5981,#1391);
#975=LINE('',#5983,#1392);
#976=LINE('',#5984,#1393);
#977=LINE('',#5987,#1394);
#978=LINE('',#5989,#1395);
#979=LINE('',#5991,#1396);
#980=LINE('',#5992,#1397);
#981=LINE('',#5995,#1398);
#982=LINE('',#5997,#1399);
#983=LINE('',#5999,#1400);
#984=LINE('',#6000,#1401);
#985=LINE('',#6003,#1402);
#986=LINE('',#6005,#1403);
#987=LINE('',#6007,#1404);
#988=LINE('',#6008,#1405);
#989=LINE('',#6011,#1406);
#990=LINE('',#6013,#1407);
#991=LINE('',#6015,#1408);
#992=LINE('',#6016,#1409);
#993=LINE('',#6019,#1410);
#994=LINE('',#6021,#1411);
#995=LINE('',#6023,#1412);
#996=LINE('',#6024,#1413);
#997=LINE('',#6026,#1414);
#998=LINE('',#6029,#1415);
#999=LINE('',#6030,#1416);
#1000=LINE('',#6031,#1417);
#1001=LINE('',#6036,#1418);
#1002=LINE('',#6037,#1419);
#1003=LINE('',#6039,#1420);
#1004=LINE('',#6041,#1421);
#1005=LINE('',#6043,#1422);
#1006=LINE('',#6046,#1423);
#1007=LINE('',#6052,#1424);
#1008=LINE('',#6100,#1425);
#1009=LINE('',#6101,#1426);
#1010=LINE('',#6103,#1427);
#1011=LINE('',#6104,#1428);
#1012=LINE('',#6107,#1429);
#1013=LINE('',#6108,#1430);
#1014=LINE('',#6109,#1431);
#1015=LINE('',#6111,#1432);
#1016=LINE('',#6112,#1433);
#1017=LINE('',#6114,#1434);
#1018=LINE('',#6115,#1435);
#1019=LINE('',#6118,#1436);
#1020=LINE('',#6119,#1437);
#1021=LINE('',#6120,#1438);
#1022=LINE('',#6123,#1439);
#1023=LINE('',#6124,#1440);
#1024=LINE('',#6126,#1441);
#1025=LINE('',#6128,#1442);
#1026=LINE('',#6129,#1443);
#1027=LINE('',#6131,#1444);
#1028=LINE('',#6132,#1445);
#1029=LINE('',#6133,#1446);
#1030=LINE('',#6135,#1447);
#1031=LINE('',#6138,#1448);
#1032=LINE('',#6140,#1449);
#1033=LINE('',#6141,#1450);
#1034=LINE('',#6146,#1451);
#1035=LINE('',#6153,#1452);
#1036=LINE('',#6158,#1453);
#1037=LINE('',#6165,#1454);
#1038=LINE('',#6170,#1455);
#1039=LINE('',#6176,#1456);
#1040=LINE('',#6179,#1457);
#1041=LINE('',#6181,#1458);
#1042=LINE('',#6182,#1459);
#1043=LINE('',#6190,#1460);
#1044=LINE('',#6193,#1461);
#1045=LINE('',#6195,#1462);
#1046=LINE('',#6196,#1463);
#1047=LINE('',#6203,#1464);
#1048=LINE('',#6206,#1465);
#1049=LINE('',#6208,#1466);
#1050=LINE('',#6209,#1467);
#1051=LINE('',#6216,#1468);
#1052=LINE('',#6219,#1469);
#1053=LINE('',#6221,#1470);
#1054=LINE('',#6222,#1471);
#1055=LINE('',#6233,#1472);
#1056=LINE('',#6234,#1473);
#1057=LINE('',#6237,#1474);
#1058=LINE('',#6238,#1475);
#1059=LINE('',#6240,#1476);
#1060=LINE('',#6245,#1477);
#1061=LINE('',#6250,#1478);
#1062=LINE('',#6252,#1479);
#1063=LINE('',#6253,#1480);
#1064=LINE('',#6255,#1481);
#1065=LINE('',#6257,#1482);
#1066=LINE('',#6260,#1483);
#1067=LINE('',#6261,#1484);
#1068=LINE('',#6263,#1485);
#1069=LINE('',#6265,#1486);
#1070=LINE('',#6268,#1487);
#1071=LINE('',#6269,#1488);
#1072=LINE('',#6271,#1489);
#1073=LINE('',#6273,#1490);
#1074=LINE('',#6276,#1491);
#1075=LINE('',#6278,#1492);
#1076=LINE('',#6279,#1493);
#1077=LINE('',#6281,#1494);
#1078=LINE('',#6283,#1495);
#1079=LINE('',#6286,#1496);
#1080=LINE('',#6287,#1497);
#1081=LINE('',#6289,#1498);
#1082=LINE('',#6291,#1499);
#1083=LINE('',#6294,#1500);
#1084=LINE('',#6297,#1501);
#1085=LINE('',#6298,#1502);
#1086=LINE('',#6300,#1503);
#1087=LINE('',#6302,#1504);
#1088=LINE('',#6305,#1505);
#1089=LINE('',#6308,#1506);
#1090=LINE('',#6309,#1507);
#1091=LINE('',#6311,#1508);
#1092=LINE('',#6313,#1509);
#1093=LINE('',#6316,#1510);
#1094=LINE('',#6317,#1511);
#1095=LINE('',#6319,#1512);
#1096=LINE('',#6321,#1513);
#1097=LINE('',#6325,#1514);
#1098=LINE('',#6327,#1515);
#1099=LINE('',#6328,#1516);
#1100=LINE('',#6331,#1517);
#1101=LINE('',#6332,#1518);
#1102=LINE('',#6335,#1519);
#1103=LINE('',#6336,#1520);
#1104=LINE('',#6338,#1521);
#1105=LINE('',#6340,#1522);
#1106=LINE('',#6341,#1523);
#1107=LINE('',#6343,#1524);
#1108=LINE('',#6345,#1525);
#1109=LINE('',#6351,#1526);
#1110=LINE('',#6353,#1527);
#1111=LINE('',#6355,#1528);
#1112=LINE('',#6356,#1529);
#1113=LINE('',#6360,#1530);
#1114=LINE('',#6362,#1531);
#1115=LINE('',#6364,#1532);
#1116=LINE('',#6365,#1533);
#1117=LINE('',#6367,#1534);
#1118=LINE('',#6368,#1535);
#1119=LINE('',#6371,#1536);
#1120=LINE('',#6373,#1537);
#1121=LINE('',#6377,#1538);
#1122=LINE('',#6379,#1539);
#1123=LINE('',#6381,#1540);
#1124=LINE('',#6385,#1541);
#1125=LINE('',#6387,#1542);
#1126=LINE('',#6389,#1543);
#1127=LINE('',#6393,#1544);
#1128=LINE('',#6395,#1545);
#1129=LINE('',#6397,#1546);
#1130=LINE('',#6401,#1547);
#1131=LINE('',#6403,#1548);
#1132=LINE('',#6405,#1549);
#1133=LINE('',#6407,#1550);
#1134=LINE('',#6408,#1551);
#1135=LINE('',#6429,#1552);
#1136=LINE('',#6434,#1553);
#1137=LINE('',#6440,#1554);
#1138=LINE('',#6445,#1555);
#1139=LINE('',#6451,#1556);
#1140=LINE('',#6456,#1557);
#1141=LINE('',#6462,#1558);
#1142=LINE('',#6467,#1559);
#1143=LINE('',#6473,#1560);
#1144=LINE('',#6478,#1561);
#1145=LINE('',#6484,#1562);
#1146=LINE('',#6489,#1563);
#1147=LINE('',#6495,#1564);
#1148=LINE('',#6500,#1565);
#1149=LINE('',#6506,#1566);
#1150=LINE('',#6511,#1567);
#1151=LINE('',#6516,#1568);
#1152=LINE('',#6518,#1569);
#1153=LINE('',#6520,#1570);
#1154=LINE('',#6521,#1571);
#1155=LINE('',#6525,#1572);
#1156=LINE('',#6527,#1573);
#1157=LINE('',#6529,#1574);
#1158=LINE('',#6530,#1575);
#1159=LINE('',#6532,#1576);
#1160=LINE('',#6534,#1577);
#1161=LINE('',#6535,#1578);
#1162=LINE('',#6538,#1579);
#1163=LINE('',#6540,#1580);
#1164=LINE('',#6541,#1581);
#1165=LINE('',#6544,#1582);
#1166=LINE('',#6545,#1583);
#1167=LINE('',#6547,#1584);
#1168=LINE('',#6548,#1585);
#1169=LINE('',#6551,#1586);
#1170=LINE('',#6553,#1587);
#1171=LINE('',#6555,#1588);
#1172=LINE('',#6556,#1589);
#1173=LINE('',#6560,#1590);
#1174=LINE('',#6562,#1591);
#1175=LINE('',#6566,#1592);
#1176=LINE('',#6568,#1593);
#1177=LINE('',#6573,#1594);
#1178=LINE('',#6574,#1595);
#1179=LINE('',#6576,#1596);
#1180=LINE('',#6578,#1597);
#1181=LINE('',#6579,#1598);
#1182=LINE('',#6582,#1599);
#1183=LINE('',#6584,#1600);
#1184=LINE('',#6586,#1601);
#1185=LINE('',#6587,#1602);
#1186=LINE('',#6590,#1603);
#1187=LINE('',#6592,#1604);
#1188=LINE('',#6593,#1605);
#1189=LINE('',#6598,#1606);
#1190=LINE('',#6602,#1607);
#1191=LINE('',#6603,#1608);
#1192=LINE('',#6605,#1609);
#1193=LINE('',#6607,#1610);
#1194=LINE('',#6609,#1611);
#1195=LINE('',#6610,#1612);
#1196=LINE('',#6612,#1613);
#1197=LINE('',#6616,#1614);
#1198=LINE('',#6619,#1615);
#1199=LINE('',#6621,#1616);
#1200=LINE('',#6623,#1617);
#1201=LINE('',#6624,#1618);
#1202=LINE('',#6625,#1619);
#1203=LINE('',#6631,#1620);
#1204=LINE('',#6634,#1621);
#1205=LINE('',#6636,#1622);
#1206=LINE('',#6638,#1623);
#1207=LINE('',#6640,#1624);
#1208=LINE('',#6641,#1625);
#1209=LINE('',#6642,#1626);
#1210=LINE('',#6650,#1627);
#1211=LINE('',#6654,#1628);
#1212=LINE('',#6658,#1629);
#1213=LINE('',#6661,#1630);
#1214=LINE('',#6664,#1631);
#1215=LINE('',#6665,#1632);
#1216=LINE('',#6668,#1633);
#1217=LINE('',#6669,#1634);
#1218=LINE('',#6673,#1635);
#1219=LINE('',#6675,#1636);
#1220=LINE('',#6678,#1637);
#1221=LINE('',#6679,#1638);
#1222=LINE('',#6682,#1639);
#1223=LINE('',#6683,#1640);
#1224=LINE('',#6686,#1641);
#1225=LINE('',#6687,#1642);
#1226=LINE('',#6690,#1643);
#1227=LINE('',#6691,#1644);
#1228=LINE('',#6696,#1645);
#1229=LINE('',#6702,#1646);
#1230=LINE('',#6708,#1647);
#1231=LINE('',#6712,#1648);
#1232=LINE('',#6724,#1649);
#1233=LINE('',#6726,#1650);
#1234=LINE('',#6727,#1651);
#1235=LINE('',#6730,#1652);
#1236=LINE('',#6731,#1653);
#1237=LINE('',#6733,#1654);
#1238=LINE('',#6737,#1655);
#1239=LINE('',#6740,#1656);
#1240=LINE('',#6741,#1657);
#1241=LINE('',#6745,#1658);
#1242=LINE('',#6748,#1659);
#1243=LINE('',#6749,#1660);
#1244=LINE('',#6753,#1661);
#1245=LINE('',#6756,#1662);
#1246=LINE('',#6757,#1663);
#1247=LINE('',#6761,#1664);
#1248=LINE('',#6763,#1665);
#1249=VECTOR('',#4471,10.);
#1250=VECTOR('',#4472,10.);
#1251=VECTOR('',#4473,10.);
#1252=VECTOR('',#4474,10.);
#1253=VECTOR('',#4475,10.);
#1254=VECTOR('',#4476,10.);
#1255=VECTOR('',#4477,10.);
#1256=VECTOR('',#4478,10.);
#1257=VECTOR('',#4481,10.);
#1258=VECTOR('',#4482,10.);
#1259=VECTOR('',#4483,10.);
#1260=VECTOR('',#4486,10.);
#1261=VECTOR('',#4487,10.);
#1262=VECTOR('',#4488,10.);
#1263=VECTOR('',#4489,10.);
#1264=VECTOR('',#4490,10.);
#1265=VECTOR('',#4491,10.);
#1266=VECTOR('',#4494,10.);
#1267=VECTOR('',#4495,10.);
#1268=VECTOR('',#4498,10.);
#1269=VECTOR('',#4499,10.);
#1270=VECTOR('',#4500,10.);
#1271=VECTOR('',#4501,10.);
#1272=VECTOR('',#4504,10.);
#1273=VECTOR('',#4505,10.);
#1274=VECTOR('',#4506,10.);
#1275=VECTOR('',#4509,10.);
#1276=VECTOR('',#4510,10.);
#1277=VECTOR('',#4511,10.);
#1278=VECTOR('',#4514,10.);
#1279=VECTOR('',#4515,10.);
#1280=VECTOR('',#4516,10.);
#1281=VECTOR('',#4519,10.);
#1282=VECTOR('',#4520,10.);
#1283=VECTOR('',#4521,10.);
#1284=VECTOR('',#4542,2.);
#1285=VECTOR('',#4549,3.5);
#1286=VECTOR('',#4556,10.);
#1287=VECTOR('',#4559,10.);
#1288=VECTOR('',#4562,10.);
#1289=VECTOR('',#4565,10.);
#1290=VECTOR('',#4568,10.);
#1291=VECTOR('',#4569,10.);
#1292=VECTOR('',#4570,10.);
#1293=VECTOR('',#4571,10.);
#1294=VECTOR('',#4572,10.);
#1295=VECTOR('',#4581,10.);
#1296=VECTOR('',#4584,10.);
#1297=VECTOR('',#4587,10.);
#1298=VECTOR('',#4588,10.);
#1299=VECTOR('',#4589,10.);
#1300=VECTOR('',#4590,10.);
#1301=VECTOR('',#4591,10.);
#1302=VECTOR('',#4592,10.);
#1303=VECTOR('',#4593,10.);
#1304=VECTOR('',#4594,10.);
#1305=VECTOR('',#4595,10.);
#1306=VECTOR('',#4596,10.);
#1307=VECTOR('',#4597,10.);
#1308=VECTOR('',#4598,10.);
#1309=VECTOR('',#4599,10.);
#1310=VECTOR('',#4600,10.);
#1311=VECTOR('',#4601,10.);
#1312=VECTOR('',#4602,10.);
#1313=VECTOR('',#4603,10.);
#1314=VECTOR('',#4604,10.);
#1315=VECTOR('',#4605,10.);
#1316=VECTOR('',#4606,10.);
#1317=VECTOR('',#4607,10.);
#1318=VECTOR('',#4608,10.);
#1319=VECTOR('',#4609,10.);
#1320=VECTOR('',#4610,10.);
#1321=VECTOR('',#4611,10.);
#1322=VECTOR('',#4612,10.);
#1323=VECTOR('',#4613,10.);
#1324=VECTOR('',#4614,10.);
#1325=VECTOR('',#4617,10.);
#1326=VECTOR('',#4620,10.);
#1327=VECTOR('',#4625,10.);
#1328=VECTOR('',#4626,10.);
#1329=VECTOR('',#4627,10.);
#1330=VECTOR('',#4628,10.);
#1331=VECTOR('',#4629,10.);
#1332=VECTOR('',#4630,10.);
#1333=VECTOR('',#4631,10.);
#1334=VECTOR('',#4632,10.);
#1335=VECTOR('',#4633,10.);
#1336=VECTOR('',#4634,10.);
#1337=VECTOR('',#4635,10.);
#1338=VECTOR('',#4636,10.);
#1339=VECTOR('',#4637,10.);
#1340=VECTOR('',#4638,10.);
#1341=VECTOR('',#4639,10.);
#1342=VECTOR('',#4640,10.);
#1343=VECTOR('',#4641,10.);
#1344=VECTOR('',#4642,10.);
#1345=VECTOR('',#4643,10.);
#1346=VECTOR('',#4644,10.);
#1347=VECTOR('',#4651,2.);
#1348=VECTOR('',#4658,3.5);
#1349=VECTOR('',#4667,2.);
#1350=VECTOR('',#4674,3.5);
#1351=VECTOR('',#4683,2.);
#1352=VECTOR('',#4690,3.5);
#1353=VECTOR('',#4697,10.);
#1354=VECTOR('',#4698,10.);
#1355=VECTOR('',#4699,10.);
#1356=VECTOR('',#4702,10.);
#1357=VECTOR('',#4703,10.);
#1358=VECTOR('',#4706,10.);
#1359=VECTOR('',#4711,10.);
#1360=VECTOR('',#4712,10.);
#1361=VECTOR('',#4715,10.);
#1362=VECTOR('',#4716,10.);
#1363=VECTOR('',#4721,10.);
#1364=VECTOR('',#4726,10.);
#1365=VECTOR('',#4729,10.);
#1366=VECTOR('',#4732,10.);
#1367=VECTOR('',#4737,10.);
#1368=VECTOR('',#4740,10.);
#1369=VECTOR('',#4743,10.);
#1370=VECTOR('',#4746,10.);
#1371=VECTOR('',#4747,10.);
#1372=VECTOR('',#4748,10.);
#1373=VECTOR('',#4749,10.);
#1374=VECTOR('',#4750,10.);
#1375=VECTOR('',#4751,10.);
#1376=VECTOR('',#4752,10.);
#1377=VECTOR('',#4753,10.);
#1378=VECTOR('',#4754,10.);
#1379=VECTOR('',#4755,10.);
#1380=VECTOR('',#4756,10.);
#1381=VECTOR('',#4757,10.);
#1382=VECTOR('',#4760,10.);
#1383=VECTOR('',#4761,10.);
#1384=VECTOR('',#4762,10.);
#1385=VECTOR('',#4763,10.);
#1386=VECTOR('',#4764,10.);
#1387=VECTOR('',#4765,10.);
#1388=VECTOR('',#4766,10.);
#1389=VECTOR('',#4767,10.);
#1390=VECTOR('',#4768,10.);
#1391=VECTOR('',#4769,10.);
#1392=VECTOR('',#4770,10.);
#1393=VECTOR('',#4771,10.);
#1394=VECTOR('',#4772,10.);
#1395=VECTOR('',#4773,10.);
#1396=VECTOR('',#4774,10.);
#1397=VECTOR('',#4775,10.);
#1398=VECTOR('',#4776,10.);
#1399=VECTOR('',#4777,10.);
#1400=VECTOR('',#4778,10.);
#1401=VECTOR('',#4779,10.);
#1402=VECTOR('',#4780,10.);
#1403=VECTOR('',#4781,10.);
#1404=VECTOR('',#4782,10.);
#1405=VECTOR('',#4783,10.);
#1406=VECTOR('',#4784,10.);
#1407=VECTOR('',#4785,10.);
#1408=VECTOR('',#4786,10.);
#1409=VECTOR('',#4787,10.);
#1410=VECTOR('',#4788,10.);
#1411=VECTOR('',#4789,10.);
#1412=VECTOR('',#4790,10.);
#1413=VECTOR('',#4791,10.);
#1414=VECTOR('',#4794,10.);
#1415=VECTOR('',#4797,10.);
#1416=VECTOR('',#4798,10.);
#1417=VECTOR('',#4799,10.);
#1418=VECTOR('',#4808,10.);
#1419=VECTOR('',#4809,10.);
#1420=VECTOR('',#4812,10.);
#1421=VECTOR('',#4815,10.);
#1422=VECTOR('',#4818,10.);
#1423=VECTOR('',#4823,10.);
#1424=VECTOR('',#4830,2.);
#1425=VECTOR('',#4853,10.);
#1426=VECTOR('',#4854,10.);
#1427=VECTOR('',#4855,10.);
#1428=VECTOR('',#4856,10.);
#1429=VECTOR('',#4859,10.);
#1430=VECTOR('',#4860,10.);
#1431=VECTOR('',#4861,10.);
#1432=VECTOR('',#4864,10.);
#1433=VECTOR('',#4865,10.);
#1434=VECTOR('',#4866,10.);
#1435=VECTOR('',#4867,10.);
#1436=VECTOR('',#4870,10.);
#1437=VECTOR('',#4871,10.);
#1438=VECTOR('',#4872,10.);
#1439=VECTOR('',#4875,10.);
#1440=VECTOR('',#4876,10.);
#1441=VECTOR('',#4877,10.);
#1442=VECTOR('',#4878,10.);
#1443=VECTOR('',#4879,10.);
#1444=VECTOR('',#4880,10.);
#1445=VECTOR('',#4881,10.);
#1446=VECTOR('',#4882,10.);
#1447=VECTOR('',#4885,10.);
#1448=VECTOR('',#4890,10.);
#1449=VECTOR('',#4893,10.);
#1450=VECTOR('',#4894,10.);
#1451=VECTOR('',#4899,2.);
#1452=VECTOR('',#4908,2.);
#1453=VECTOR('',#4915,3.5);
#1454=VECTOR('',#4924,2.);
#1455=VECTOR('',#4931,3.5);
#1456=VECTOR('',#4940,2.);
#1457=VECTOR('',#4943,10.);
#1458=VECTOR('',#4944,10.);
#1459=VECTOR('',#4945,10.);
#1460=VECTOR('',#4958,2.);
#1461=VECTOR('',#4961,10.);
#1462=VECTOR('',#4962,10.);
#1463=VECTOR('',#4963,10.);
#1464=VECTOR('',#4974,2.);
#1465=VECTOR('',#4977,10.);
#1466=VECTOR('',#4978,10.);
#1467=VECTOR('',#4979,10.);
#1468=VECTOR('',#4990,2.);
#1469=VECTOR('',#4993,10.);
#1470=VECTOR('',#4994,10.);
#1471=VECTOR('',#4995,10.);
#1472=VECTOR('',#5010,10.);
#1473=VECTOR('',#5011,10.);
#1474=VECTOR('',#5014,10.);
#1475=VECTOR('',#5015,10.);
#1476=VECTOR('',#5018,10.);
#1477=VECTOR('',#5025,5.);
#1478=VECTOR('',#5032,11.);
#1479=VECTOR('',#5035,10.);
#1480=VECTOR('',#5036,10.);
#1481=VECTOR('',#5039,10.);
#1482=VECTOR('',#5042,10.);
#1483=VECTOR('',#5047,10.);
#1484=VECTOR('',#5048,10.);
#1485=VECTOR('',#5051,10.);
#1486=VECTOR('',#5054,10.);
#1487=VECTOR('',#5059,10.);
#1488=VECTOR('',#5060,10.);
#1489=VECTOR('',#5063,10.);
#1490=VECTOR('',#5066,10.);
#1491=VECTOR('',#5071,9.66723116636755);
#1492=VECTOR('',#5074,10.);
#1493=VECTOR('',#5075,10.);
#1494=VECTOR('',#5078,10.);
#1495=VECTOR('',#5081,10.);
#1496=VECTOR('',#5086,10.);
#1497=VECTOR('',#5087,10.);
#1498=VECTOR('',#5090,10.);
#1499=VECTOR('',#5093,10.);
#1500=VECTOR('',#5098,10.);
#1501=VECTOR('',#5103,10.);
#1502=VECTOR('',#5104,10.);
#1503=VECTOR('',#5107,10.);
#1504=VECTOR('',#5110,10.);
#1505=VECTOR('',#5115,10.);
#1506=VECTOR('',#5120,10.);
#1507=VECTOR('',#5121,10.);
#1508=VECTOR('',#5124,10.);
#1509=VECTOR('',#5127,10.);
#1510=VECTOR('',#5132,10.);
#1511=VECTOR('',#5133,10.);
#1512=VECTOR('',#5136,10.);
#1513=VECTOR('',#5139,10.);
#1514=VECTOR('',#5144,10.);
#1515=VECTOR('',#5145,10.);
#1516=VECTOR('',#5146,10.);
#1517=VECTOR('',#5149,10.);
#1518=VECTOR('',#5150,10.);
#1519=VECTOR('',#5153,10.);
#1520=VECTOR('',#5154,10.);
#1521=VECTOR('',#5157,10.);
#1522=VECTOR('',#5160,10.);
#1523=VECTOR('',#5161,10.);
#1524=VECTOR('',#5164,10.);
#1525=VECTOR('',#5167,10.);
#1526=VECTOR('',#5174,10.);
#1527=VECTOR('',#5175,10.);
#1528=VECTOR('',#5176,10.);
#1529=VECTOR('',#5177,10.);
#1530=VECTOR('',#5180,10.);
#1531=VECTOR('',#5181,10.);
#1532=VECTOR('',#5182,10.);
#1533=VECTOR('',#5183,10.);
#1534=VECTOR('',#5186,10.);
#1535=VECTOR('',#5187,10.);
#1536=VECTOR('',#5190,10.);
#1537=VECTOR('',#5191,10.);
#1538=VECTOR('',#5194,10.);
#1539=VECTOR('',#5195,10.);
#1540=VECTOR('',#5196,10.);
#1541=VECTOR('',#5199,10.);
#1542=VECTOR('',#5200,10.);
#1543=VECTOR('',#5201,10.);
#1544=VECTOR('',#5204,10.);
#1545=VECTOR('',#5205,10.);
#1546=VECTOR('',#5206,10.);
#1547=VECTOR('',#5209,10.);
#1548=VECTOR('',#5210,10.);
#1549=VECTOR('',#5211,10.);
#1550=VECTOR('',#5212,10.);
#1551=VECTOR('',#5213,10.);
#1552=VECTOR('',#5234,3.);
#1553=VECTOR('',#5241,5.);
#1554=VECTOR('',#5248,3.);
#1555=VECTOR('',#5255,5.);
#1556=VECTOR('',#5262,3.);
#1557=VECTOR('',#5269,5.);
#1558=VECTOR('',#5276,3.);
#1559=VECTOR('',#5283,5.);
#1560=VECTOR('',#5290,3.);
#1561=VECTOR('',#5297,5.);
#1562=VECTOR('',#5304,3.);
#1563=VECTOR('',#5311,5.);
#1564=VECTOR('',#5318,3.);
#1565=VECTOR('',#5325,5.);
#1566=VECTOR('',#5332,3.);
#1567=VECTOR('',#5339,5.);
#1568=VECTOR('',#5344,10.);
#1569=VECTOR('',#5345,10.);
#1570=VECTOR('',#5346,10.);
#1571=VECTOR('',#5347,10.);
#1572=VECTOR('',#5350,10.);
#1573=VECTOR('',#5351,10.);
#1574=VECTOR('',#5352,10.);
#1575=VECTOR('',#5353,10.);
#1576=VECTOR('',#5354,10.);
#1577=VECTOR('',#5355,10.);
#1578=VECTOR('',#5356,10.);
#1579=VECTOR('',#5359,10.);
#1580=VECTOR('',#5360,10.);
#1581=VECTOR('',#5361,10.);
#1582=VECTOR('',#5364,10.);
#1583=VECTOR('',#5365,10.);
#1584=VECTOR('',#5366,10.);
#1585=VECTOR('',#5367,10.);
#1586=VECTOR('',#5370,10.);
#1587=VECTOR('',#5371,10.);
#1588=VECTOR('',#5372,10.);
#1589=VECTOR('',#5373,10.);
#1590=VECTOR('',#5376,10.);
#1591=VECTOR('',#5377,10.);
#1592=VECTOR('',#5380,10.);
#1593=VECTOR('',#5381,10.);
#1594=VECTOR('',#5388,10.);
#1595=VECTOR('',#5389,10.);
#1596=VECTOR('',#5390,10.);
#1597=VECTOR('',#5391,10.);
#1598=VECTOR('',#5392,10.);
#1599=VECTOR('',#5395,10.);
#1600=VECTOR('',#5396,10.);
#1601=VECTOR('',#5397,10.);
#1602=VECTOR('',#5398,10.);
#1603=VECTOR('',#5401,10.);
#1604=VECTOR('',#5402,10.);
#1605=VECTOR('',#5403,10.);
#1606=VECTOR('',#5408,10.);
#1607=VECTOR('',#5413,10.);
#1608=VECTOR('',#5414,10.);
#1609=VECTOR('',#5415,10.);
#1610=VECTOR('',#5416,10.);
#1611=VECTOR('',#5417,10.);
#1612=VECTOR('',#5418,10.);
#1613=VECTOR('',#5421,10.);
#1614=VECTOR('',#5426,10.);
#1615=VECTOR('',#5429,10.);
#1616=VECTOR('',#5430,10.);
#1617=VECTOR('',#5431,10.);
#1618=VECTOR('',#5432,10.);
#1619=VECTOR('',#5433,10.);
#1620=VECTOR('',#5440,10.);
#1621=VECTOR('',#5443,10.);
#1622=VECTOR('',#5444,10.);
#1623=VECTOR('',#5445,10.);
#1624=VECTOR('',#5446,10.);
#1625=VECTOR('',#5447,10.);
#1626=VECTOR('',#5448,10.);
#1627=VECTOR('',#5459,10.);
#1628=VECTOR('',#5462,10.);
#1629=VECTOR('',#5465,10.);
#1630=VECTOR('',#5468,10.);
#1631=VECTOR('',#5471,10.);
#1632=VECTOR('',#5472,10.);
#1633=VECTOR('',#5475,10.);
#1634=VECTOR('',#5476,10.);
#1635=VECTOR('',#5483,10.);
#1636=VECTOR('',#5486,10.);
#1637=VECTOR('',#5489,10.);
#1638=VECTOR('',#5490,10.);
#1639=VECTOR('',#5493,10.);
#1640=VECTOR('',#5494,10.);
#1641=VECTOR('',#5497,10.);
#1642=VECTOR('',#5498,10.);
#1643=VECTOR('',#5501,10.);
#1644=VECTOR('',#5502,10.);
#1645=VECTOR('',#5507,1.75);
#1646=VECTOR('',#5514,1.75);
#1647=VECTOR('',#5521,1.75);
#1648=VECTOR('',#5526,1.75);
#1649=VECTOR('',#5547,10.);
#1650=VECTOR('',#5548,10.);
#1651=VECTOR('',#5549,10.);
#1652=VECTOR('',#5552,10.);
#1653=VECTOR('',#5553,10.);
#1654=VECTOR('',#5556,10.);
#1655=VECTOR('',#5561,10.);
#1656=VECTOR('',#5564,10.);
#1657=VECTOR('',#5565,10.);
#1658=VECTOR('',#5570,10.);
#1659=VECTOR('',#5573,10.);
#1660=VECTOR('',#5574,10.);
#1661=VECTOR('',#5579,10.);
#1662=VECTOR('',#5582,10.);
#1663=VECTOR('',#5583,10.);
#1664=VECTOR('',#5588,10.);
#1665=VECTOR('',#5591,10.);
#1666=VERTEX_POINT('',#5601);
#1667=VERTEX_POINT('',#5602);
#1668=VERTEX_POINT('',#5604);
#1669=VERTEX_POINT('',#5606);
#1670=VERTEX_POINT('',#5608);
#1671=VERTEX_POINT('',#5610);
#1672=VERTEX_POINT('',#5612);
#1673=VERTEX_POINT('',#5614);
#1674=VERTEX_POINT('',#5618);
#1675=VERTEX_POINT('',#5620);
#1676=VERTEX_POINT('',#5624);
#1677=VERTEX_POINT('',#5626);
#1678=VERTEX_POINT('',#5628);
#1679=VERTEX_POINT('',#5630);
#1680=VERTEX_POINT('',#5632);
#1681=VERTEX_POINT('',#5636);
#1682=VERTEX_POINT('',#5640);
#1683=VERTEX_POINT('',#5642);
#1684=VERTEX_POINT('',#5644);
#1685=VERTEX_POINT('',#5648);
#1686=VERTEX_POINT('',#5650);
#1687=VERTEX_POINT('',#5654);
#1688=VERTEX_POINT('',#5656);
#1689=VERTEX_POINT('',#5658);
#1690=VERTEX_POINT('',#5660);
#1691=VERTEX_POINT('',#5662);
#1692=VERTEX_POINT('',#5664);
#1693=VERTEX_POINT('',#5668);
#1694=VERTEX_POINT('',#5670);
#1695=VERTEX_POINT('',#5674);
#1696=VERTEX_POINT('',#5677);
#1697=VERTEX_POINT('',#5680);
#1698=VERTEX_POINT('',#5683);
#1699=VERTEX_POINT('',#5686);
#1700=VERTEX_POINT('',#5688);
#1701=VERTEX_POINT('',#5692);
#1702=VERTEX_POINT('',#5694);
#1703=VERTEX_POINT('',#5699);
#1704=VERTEX_POINT('',#5701);
#1705=VERTEX_POINT('',#5703);
#1706=VERTEX_POINT('',#5705);
#1707=VERTEX_POINT('',#5707);
#1708=VERTEX_POINT('',#5709);
#1709=VERTEX_POINT('',#5711);
#1710=VERTEX_POINT('',#5713);
#1711=VERTEX_POINT('',#5716);
#1712=VERTEX_POINT('',#5718);
#1713=VERTEX_POINT('',#5720);
#1714=VERTEX_POINT('',#5722);
#1715=VERTEX_POINT('',#5725);
#1716=VERTEX_POINT('',#5727);
#1717=VERTEX_POINT('',#5729);
#1718=VERTEX_POINT('',#5731);
#1719=VERTEX_POINT('',#5732);
#1720=VERTEX_POINT('',#5735);
#1721=VERTEX_POINT('',#5736);
#1722=VERTEX_POINT('',#5739);
#1723=VERTEX_POINT('',#5740);
#1724=VERTEX_POINT('',#5742);
#1725=VERTEX_POINT('',#5744);
#1726=VERTEX_POINT('',#5747);
#1727=VERTEX_POINT('',#5748);
#1728=VERTEX_POINT('',#5750);
#1729=VERTEX_POINT('',#5752);
#1730=VERTEX_POINT('',#5755);
#1731=VERTEX_POINT('',#5756);
#1732=VERTEX_POINT('',#5758);
#1733=VERTEX_POINT('',#5760);
#1734=VERTEX_POINT('',#5763);
#1735=VERTEX_POINT('',#5764);
#1736=VERTEX_POINT('',#5766);
#1737=VERTEX_POINT('',#5768);
#1738=VERTEX_POINT('',#5771);
#1739=VERTEX_POINT('',#5772);
#1740=VERTEX_POINT('',#5774);
#1741=VERTEX_POINT('',#5776);
#1742=VERTEX_POINT('',#5779);
#1743=VERTEX_POINT('',#5780);
#1744=VERTEX_POINT('',#5782);
#1745=VERTEX_POINT('',#5784);
#1746=VERTEX_POINT('',#5787);
#1747=VERTEX_POINT('',#5788);
#1748=VERTEX_POINT('',#5790);
#1749=VERTEX_POINT('',#5792);
#1750=VERTEX_POINT('',#5795);
#1751=VERTEX_POINT('',#5797);
#1752=VERTEX_POINT('',#5798);
#1753=VERTEX_POINT('',#5801);
#1754=VERTEX_POINT('',#5802);
#1755=VERTEX_POINT('',#5805);
#1756=VERTEX_POINT('',#5807);
#1757=VERTEX_POINT('',#5808);
#1758=VERTEX_POINT('',#5810);
#1759=VERTEX_POINT('',#5812);
#1760=VERTEX_POINT('',#5814);
#1761=VERTEX_POINT('',#5816);
#1762=VERTEX_POINT('',#5818);
#1763=VERTEX_POINT('',#5820);
#1764=VERTEX_POINT('',#5822);
#1765=VERTEX_POINT('',#5824);
#1766=VERTEX_POINT('',#5826);
#1767=VERTEX_POINT('',#5828);
#1768=VERTEX_POINT('',#5830);
#1769=VERTEX_POINT('',#5832);
#1770=VERTEX_POINT('',#5834);
#1771=VERTEX_POINT('',#5836);
#1772=VERTEX_POINT('',#5838);
#1773=VERTEX_POINT('',#5840);
#1774=VERTEX_POINT('',#5842);
#1775=VERTEX_POINT('',#5844);
#1776=VERTEX_POINT('',#5847);
#1777=VERTEX_POINT('',#5850);
#1778=VERTEX_POINT('',#5852);
#1779=VERTEX_POINT('',#5856);
#1780=VERTEX_POINT('',#5862);
#1781=VERTEX_POINT('',#5864);
#1782=VERTEX_POINT('',#5868);
#1783=VERTEX_POINT('',#5874);
#1784=VERTEX_POINT('',#5876);
#1785=VERTEX_POINT('',#5880);
#1786=VERTEX_POINT('',#5886);
#1787=VERTEX_POINT('',#5891);
#1788=VERTEX_POINT('',#5893);
#1789=VERTEX_POINT('',#5895);
#1790=VERTEX_POINT('',#5899);
#1791=VERTEX_POINT('',#5901);
#1792=VERTEX_POINT('',#5905);
#1793=VERTEX_POINT('',#5907);
#1794=VERTEX_POINT('',#5911);
#1795=VERTEX_POINT('',#5916);
#1796=VERTEX_POINT('',#5922);
#1797=VERTEX_POINT('',#5924);
#1798=VERTEX_POINT('',#5926);
#1799=VERTEX_POINT('',#5928);
#1800=VERTEX_POINT('',#5930);
#1801=VERTEX_POINT('',#5932);
#1802=VERTEX_POINT('',#5935);
#1803=VERTEX_POINT('',#5936);
#1804=VERTEX_POINT('',#5938);
#1805=VERTEX_POINT('',#5940);
#1806=VERTEX_POINT('',#5943);
#1807=VERTEX_POINT('',#5944);
#1808=VERTEX_POINT('',#5946);
#1809=VERTEX_POINT('',#5948);
#1810=VERTEX_POINT('',#5951);
#1811=VERTEX_POINT('',#5952);
#1812=VERTEX_POINT('',#5954);
#1813=VERTEX_POINT('',#5956);
#1814=VERTEX_POINT('',#5959);
#1815=VERTEX_POINT('',#5961);
#1816=VERTEX_POINT('',#5962);
#1817=VERTEX_POINT('',#5964);
#1818=VERTEX_POINT('',#5966);
#1819=VERTEX_POINT('',#5969);
#1820=VERTEX_POINT('',#5970);
#1821=VERTEX_POINT('',#5972);
#1822=VERTEX_POINT('',#5974);
#1823=VERTEX_POINT('',#5977);
#1824=VERTEX_POINT('',#5978);
#1825=VERTEX_POINT('',#5980);
#1826=VERTEX_POINT('',#5982);
#1827=VERTEX_POINT('',#5985);
#1828=VERTEX_POINT('',#5986);
#1829=VERTEX_POINT('',#5988);
#1830=VERTEX_POINT('',#5990);
#1831=VERTEX_POINT('',#5993);
#1832=VERTEX_POINT('',#5994);
#1833=VERTEX_POINT('',#5996);
#1834=VERTEX_POINT('',#5998);
#1835=VERTEX_POINT('',#6001);
#1836=VERTEX_POINT('',#6002);
#1837=VERTEX_POINT('',#6004);
#1838=VERTEX_POINT('',#6006);
#1839=VERTEX_POINT('',#6009);
#1840=VERTEX_POINT('',#6010);
#1841=VERTEX_POINT('',#6012);
#1842=VERTEX_POINT('',#6014);
#1843=VERTEX_POINT('',#6017);
#1844=VERTEX_POINT('',#6018);
#1845=VERTEX_POINT('',#6020);
#1846=VERTEX_POINT('',#6022);
#1847=VERTEX_POINT('',#6028);
#1848=VERTEX_POINT('',#6049);
#1849=VERTEX_POINT('',#6051);
#1850=VERTEX_POINT('',#6056);
#1851=VERTEX_POINT('',#6057);
#1852=VERTEX_POINT('',#6061);
#1853=VERTEX_POINT('',#6067);
#1854=VERTEX_POINT('',#6068);
#1855=VERTEX_POINT('',#6072);
#1856=VERTEX_POINT('',#6078);
#1857=VERTEX_POINT('',#6079);
#1858=VERTEX_POINT('',#6083);
#1859=VERTEX_POINT('',#6089);
#1860=VERTEX_POINT('',#6090);
#1861=VERTEX_POINT('',#6094);
#1862=VERTEX_POINT('',#6102);
#1863=VERTEX_POINT('',#6106);
#1864=VERTEX_POINT('',#6113);
#1865=VERTEX_POINT('',#6117);
#1866=VERTEX_POINT('',#6122);
#1867=VERTEX_POINT('',#6125);
#1868=VERTEX_POINT('',#6127);
#1869=VERTEX_POINT('',#6130);
#1870=VERTEX_POINT('',#6143);
#1871=VERTEX_POINT('',#6145);
#1872=VERTEX_POINT('',#6150);
#1873=VERTEX_POINT('',#6152);
#1874=VERTEX_POINT('',#6156);
#1875=VERTEX_POINT('',#6162);
#1876=VERTEX_POINT('',#6164);
#1877=VERTEX_POINT('',#6168);
#1878=VERTEX_POINT('',#6174);
#1879=VERTEX_POINT('',#6178);
#1880=VERTEX_POINT('',#6180);
#1881=VERTEX_POINT('',#6188);
#1882=VERTEX_POINT('',#6192);
#1883=VERTEX_POINT('',#6194);
#1884=VERTEX_POINT('',#6201);
#1885=VERTEX_POINT('',#6205);
#1886=VERTEX_POINT('',#6207);
#1887=VERTEX_POINT('',#6214);
#1888=VERTEX_POINT('',#6218);
#1889=VERTEX_POINT('',#6220);
#1890=VERTEX_POINT('',#6227);
#1891=VERTEX_POINT('',#6229);
#1892=VERTEX_POINT('',#6232);
#1893=VERTEX_POINT('',#6236);
#1894=VERTEX_POINT('',#6243);
#1895=VERTEX_POINT('',#6247);
#1896=VERTEX_POINT('',#6324);
#1897=VERTEX_POINT('',#6326);
#1898=VERTEX_POINT('',#6330);
#1899=VERTEX_POINT('',#6334);
#1900=VERTEX_POINT('',#6349);
#1901=VERTEX_POINT('',#6350);
#1902=VERTEX_POINT('',#6352);
#1903=VERTEX_POINT('',#6354);
#1904=VERTEX_POINT('',#6358);
#1905=VERTEX_POINT('',#6359);
#1906=VERTEX_POINT('',#6361);
#1907=VERTEX_POINT('',#6363);
#1908=VERTEX_POINT('',#6370);
#1909=VERTEX_POINT('',#6372);
#1910=VERTEX_POINT('',#6374);
#1911=VERTEX_POINT('',#6376);
#1912=VERTEX_POINT('',#6378);
#1913=VERTEX_POINT('',#6380);
#1914=VERTEX_POINT('',#6382);
#1915=VERTEX_POINT('',#6384);
#1916=VERTEX_POINT('',#6386);
#1917=VERTEX_POINT('',#6388);
#1918=VERTEX_POINT('',#6390);
#1919=VERTEX_POINT('',#6392);
#1920=VERTEX_POINT('',#6394);
#1921=VERTEX_POINT('',#6396);
#1922=VERTEX_POINT('',#6398);
#1923=VERTEX_POINT('',#6400);
#1924=VERTEX_POINT('',#6402);
#1925=VERTEX_POINT('',#6404);
#1926=VERTEX_POINT('',#6406);
#1927=VERTEX_POINT('',#6409);
#1928=VERTEX_POINT('',#6411);
#1929=VERTEX_POINT('',#6413);
#1930=VERTEX_POINT('',#6415);
#1931=VERTEX_POINT('',#6417);
#1932=VERTEX_POINT('',#6419);
#1933=VERTEX_POINT('',#6421);
#1934=VERTEX_POINT('',#6423);
#1935=VERTEX_POINT('',#6426);
#1936=VERTEX_POINT('',#6428);
#1937=VERTEX_POINT('',#6432);
#1938=VERTEX_POINT('',#6437);
#1939=VERTEX_POINT('',#6439);
#1940=VERTEX_POINT('',#6443);
#1941=VERTEX_POINT('',#6448);
#1942=VERTEX_POINT('',#6450);
#1943=VERTEX_POINT('',#6454);
#1944=VERTEX_POINT('',#6459);
#1945=VERTEX_POINT('',#6461);
#1946=VERTEX_POINT('',#6465);
#1947=VERTEX_POINT('',#6470);
#1948=VERTEX_POINT('',#6472);
#1949=VERTEX_POINT('',#6476);
#1950=VERTEX_POINT('',#6481);
#1951=VERTEX_POINT('',#6483);
#1952=VERTEX_POINT('',#6487);
#1953=VERTEX_POINT('',#6492);
#1954=VERTEX_POINT('',#6494);
#1955=VERTEX_POINT('',#6498);
#1956=VERTEX_POINT('',#6503);
#1957=VERTEX_POINT('',#6505);
#1958=VERTEX_POINT('',#6509);
#1959=VERTEX_POINT('',#6514);
#1960=VERTEX_POINT('',#6515);
#1961=VERTEX_POINT('',#6517);
#1962=VERTEX_POINT('',#6519);
#1963=VERTEX_POINT('',#6523);
#1964=VERTEX_POINT('',#6524);
#1965=VERTEX_POINT('',#6526);
#1966=VERTEX_POINT('',#6528);
#1967=VERTEX_POINT('',#6531);
#1968=VERTEX_POINT('',#6533);
#1969=VERTEX_POINT('',#6537);
#1970=VERTEX_POINT('',#6539);
#1971=VERTEX_POINT('',#6543);
#1972=VERTEX_POINT('',#6546);
#1973=VERTEX_POINT('',#6550);
#1974=VERTEX_POINT('',#6552);
#1975=VERTEX_POINT('',#6554);
#1976=VERTEX_POINT('',#6558);
#1977=VERTEX_POINT('',#6559);
#1978=VERTEX_POINT('',#6561);
#1979=VERTEX_POINT('',#6563);
#1980=VERTEX_POINT('',#6565);
#1981=VERTEX_POINT('',#6567);
#1982=VERTEX_POINT('',#6570);
#1983=VERTEX_POINT('',#6575);
#1984=VERTEX_POINT('',#6577);
#1985=VERTEX_POINT('',#6581);
#1986=VERTEX_POINT('',#6583);
#1987=VERTEX_POINT('',#6585);
#1988=VERTEX_POINT('',#6589);
#1989=VERTEX_POINT('',#6591);
#1990=VERTEX_POINT('',#6595);
#1991=VERTEX_POINT('',#6597);
#1992=VERTEX_POINT('',#6601);
#1993=VERTEX_POINT('',#6604);
#1994=VERTEX_POINT('',#6606);
#1995=VERTEX_POINT('',#6608);
#1996=VERTEX_POINT('',#6614);
#1997=VERTEX_POINT('',#6618);
#1998=VERTEX_POINT('',#6620);
#1999=VERTEX_POINT('',#6622);
#2000=VERTEX_POINT('',#6627);
#2001=VERTEX_POINT('',#6629);
#2002=VERTEX_POINT('',#6633);
#2003=VERTEX_POINT('',#6635);
#2004=VERTEX_POINT('',#6637);
#2005=VERTEX_POINT('',#6639);
#2006=VERTEX_POINT('',#6647);
#2007=VERTEX_POINT('',#6649);
#2008=VERTEX_POINT('',#6651);
#2009=VERTEX_POINT('',#6653);
#2010=VERTEX_POINT('',#6655);
#2011=VERTEX_POINT('',#6657);
#2012=VERTEX_POINT('',#6659);
#2013=VERTEX_POINT('',#6663);
#2014=VERTEX_POINT('',#6667);
#2015=VERTEX_POINT('',#6677);
#2016=VERTEX_POINT('',#6681);
#2017=VERTEX_POINT('',#6685);
#2018=VERTEX_POINT('',#6689);
#2019=VERTEX_POINT('',#6693);
#2020=VERTEX_POINT('',#6695);
#2021=VERTEX_POINT('',#6699);
#2022=VERTEX_POINT('',#6701);
#2023=VERTEX_POINT('',#6705);
#2024=VERTEX_POINT('',#6707);
#2025=VERTEX_POINT('',#6711);
#2026=VERTEX_POINT('',#6723);
#2027=VERTEX_POINT('',#6725);
#2028=VERTEX_POINT('',#6729);
#2029=VERTEX_POINT('',#6735);
#2030=VERTEX_POINT('',#6739);
#2031=VERTEX_POINT('',#6743);
#2032=VERTEX_POINT('',#6747);
#2033=VERTEX_POINT('',#6751);
#2034=VERTEX_POINT('',#6755);
#2035=VERTEX_POINT('',#6759);
#2036=EDGE_CURVE('',#1666,#1667,#832,.T.);
#2037=EDGE_CURVE('',#1666,#1668,#833,.T.);
#2038=EDGE_CURVE('',#1669,#1668,#834,.T.);
#2039=EDGE_CURVE('',#1670,#1669,#835,.T.);
#2040=EDGE_CURVE('',#1671,#1670,#836,.T.);
#2041=EDGE_CURVE('',#1671,#1672,#837,.T.);
#2042=EDGE_CURVE('',#1673,#1672,#838,.T.);
#2043=EDGE_CURVE('',#1667,#1673,#839,.T.);
#2044=EDGE_CURVE('',#1672,#1674,#840,.T.);
#2045=EDGE_CURVE('',#1675,#1671,#841,.T.);
#2046=EDGE_CURVE('',#1674,#1675,#842,.T.);
#2047=EDGE_CURVE('',#1676,#1666,#843,.T.);
#2048=EDGE_CURVE('',#1667,#1677,#844,.T.);
#2049=EDGE_CURVE('',#1677,#1678,#845,.T.);
#2050=EDGE_CURVE('',#1678,#1679,#846,.T.);
#2051=EDGE_CURVE('',#1680,#1679,#847,.T.);
#2052=EDGE_CURVE('',#1676,#1680,#848,.T.);
#2053=EDGE_CURVE('',#1673,#1681,#849,.T.);
#2054=EDGE_CURVE('',#1681,#1677,#850,.T.);
#2055=EDGE_CURVE('',#1674,#1682,#851,.T.);
#2056=EDGE_CURVE('',#1683,#1682,#852,.T.);
#2057=EDGE_CURVE('',#1683,#1684,#853,.T.);
#2058=EDGE_CURVE('',#1684,#1681,#854,.T.);
#2059=EDGE_CURVE('',#1669,#1685,#855,.T.);
#2060=EDGE_CURVE('',#1685,#1686,#856,.T.);
#2061=EDGE_CURVE('',#1670,#1686,#857,.T.);
#2062=EDGE_CURVE('',#1668,#1687,#858,.T.);
#2063=EDGE_CURVE('',#1688,#1687,#859,.T.);
#2064=EDGE_CURVE('',#1688,#1689,#860,.T.);
#2065=EDGE_CURVE('',#1690,#1689,#310,.T.);
#2066=EDGE_CURVE('',#1691,#1690,#861,.T.);
#2067=EDGE_CURVE('',#1692,#1691,#862,.T.);
#2068=EDGE_CURVE('',#1692,#1685,#863,.T.);
#2069=EDGE_CURVE('',#1675,#1693,#864,.T.);
#2070=EDGE_CURVE('',#1694,#1693,#865,.T.);
#2071=EDGE_CURVE('',#1682,#1694,#866,.T.);
#2072=EDGE_CURVE('',#1695,#1695,#182,.T.);
#2073=EDGE_CURVE('',#1696,#1696,#183,.T.);
#2074=EDGE_CURVE('',#1697,#1697,#184,.T.);
#2075=EDGE_CURVE('',#1698,#1698,#185,.T.);
#2076=EDGE_CURVE('',#1699,#1699,#186,.T.);
#2077=EDGE_CURVE('',#1699,#1700,#867,.T.);
#2078=EDGE_CURVE('',#1700,#1700,#187,.T.);
#2079=EDGE_CURVE('',#1701,#1701,#188,.T.);
#2080=EDGE_CURVE('',#1701,#1702,#868,.T.);
#2081=EDGE_CURVE('',#1702,#1702,#189,.T.);
#2082=EDGE_CURVE('',#1679,#1703,#869,.T.);
#2083=EDGE_CURVE('',#1704,#1703,#190,.T.);
#2084=EDGE_CURVE('',#1704,#1705,#870,.T.);
#2085=EDGE_CURVE('',#1706,#1705,#191,.T.);
#2086=EDGE_CURVE('',#1706,#1707,#871,.T.);
#2087=EDGE_CURVE('',#1708,#1707,#192,.T.);
#2088=EDGE_CURVE('',#1708,#1709,#872,.T.);
#2089=EDGE_CURVE('',#1710,#1709,#193,.T.);
#2090=EDGE_CURVE('',#1710,#1683,#873,.T.);
#2091=EDGE_CURVE('',#1694,#1711,#874,.T.);
#2092=EDGE_CURVE('',#1711,#1712,#875,.T.);
#2093=EDGE_CURVE('',#1712,#1713,#876,.T.);
#2094=EDGE_CURVE('',#1713,#1714,#877,.T.);
#2095=EDGE_CURVE('',#1714,#1680,#194,.T.);
#2096=EDGE_CURVE('',#1715,#1715,#195,.T.);
#2097=EDGE_CURVE('',#1716,#1716,#196,.T.);
#2098=EDGE_CURVE('',#1717,#1717,#197,.T.);
#2099=EDGE_CURVE('',#1718,#1719,#878,.T.);
#2100=EDGE_CURVE('',#1719,#1718,#198,.T.);
#2101=EDGE_CURVE('',#1720,#1721,#879,.T.);
#2102=EDGE_CURVE('',#1721,#1720,#199,.T.);
#2103=EDGE_CURVE('',#1722,#1723,#880,.T.);
#2104=EDGE_CURVE('',#1724,#1722,#881,.T.);
#2105=EDGE_CURVE('',#1725,#1724,#882,.T.);
#2106=EDGE_CURVE('',#1723,#1725,#883,.T.);
#2107=EDGE_CURVE('',#1726,#1727,#884,.T.);
#2108=EDGE_CURVE('',#1727,#1728,#885,.T.);
#2109=EDGE_CURVE('',#1728,#1729,#886,.T.);
#2110=EDGE_CURVE('',#1729,#1726,#887,.T.);
#2111=EDGE_CURVE('',#1730,#1731,#888,.T.);
#2112=EDGE_CURVE('',#1731,#1732,#889,.T.);
#2113=EDGE_CURVE('',#1732,#1733,#890,.T.);
#2114=EDGE_CURVE('',#1733,#1730,#891,.T.);
#2115=EDGE_CURVE('',#1734,#1735,#892,.T.);
#2116=EDGE_CURVE('',#1735,#1736,#893,.T.);
#2117=EDGE_CURVE('',#1736,#1737,#894,.T.);
#2118=EDGE_CURVE('',#1737,#1734,#895,.T.);
#2119=EDGE_CURVE('',#1738,#1739,#896,.T.);
#2120=EDGE_CURVE('',#1739,#1740,#897,.T.);
#2121=EDGE_CURVE('',#1740,#1741,#898,.T.);
#2122=EDGE_CURVE('',#1741,#1738,#899,.T.);
#2123=EDGE_CURVE('',#1742,#1743,#900,.T.);
#2124=EDGE_CURVE('',#1743,#1744,#901,.T.);
#2125=EDGE_CURVE('',#1744,#1745,#902,.T.);
#2126=EDGE_CURVE('',#1745,#1742,#903,.T.);
#2127=EDGE_CURVE('',#1746,#1747,#904,.T.);
#2128=EDGE_CURVE('',#1747,#1748,#905,.T.);
#2129=EDGE_CURVE('',#1748,#1749,#906,.T.);
#2130=EDGE_CURVE('',#1749,#1746,#907,.T.);
#2131=EDGE_CURVE('',#1750,#1750,#200,.T.);
#2132=EDGE_CURVE('',#1751,#1752,#908,.T.);
#2133=EDGE_CURVE('',#1752,#1751,#201,.T.);
#2134=EDGE_CURVE('',#1753,#1754,#909,.T.);
#2135=EDGE_CURVE('',#1754,#1753,#202,.T.);
#2136=EDGE_CURVE('',#1755,#1755,#203,.T.);
#2137=EDGE_CURVE('',#1756,#1757,#910,.T.);
#2138=EDGE_CURVE('',#1757,#1758,#911,.T.);
#2139=EDGE_CURVE('',#1758,#1759,#912,.T.);
#2140=EDGE_CURVE('',#1759,#1760,#913,.T.);
#2141=EDGE_CURVE('',#1760,#1761,#914,.T.);
#2142=EDGE_CURVE('',#1761,#1762,#915,.T.);
#2143=EDGE_CURVE('',#1762,#1763,#916,.T.);
#2144=EDGE_CURVE('',#1763,#1764,#917,.T.);
#2145=EDGE_CURVE('',#1764,#1765,#918,.T.);
#2146=EDGE_CURVE('',#1765,#1766,#919,.T.);
#2147=EDGE_CURVE('',#1766,#1767,#920,.T.);
#2148=EDGE_CURVE('',#1767,#1768,#921,.T.);
#2149=EDGE_CURVE('',#1768,#1769,#922,.T.);
#2150=EDGE_CURVE('',#1769,#1770,#923,.T.);
#2151=EDGE_CURVE('',#1770,#1771,#924,.T.);
#2152=EDGE_CURVE('',#1771,#1772,#925,.T.);
#2153=EDGE_CURVE('',#1772,#1773,#926,.T.);
#2154=EDGE_CURVE('',#1773,#1774,#927,.T.);
#2155=EDGE_CURVE('',#1774,#1775,#928,.T.);
#2156=EDGE_CURVE('',#1775,#1756,#929,.T.);
#2157=EDGE_CURVE('',#1776,#1776,#204,.T.);
#2158=EDGE_CURVE('',#1777,#1777,#205,.T.);
#2159=EDGE_CURVE('',#1777,#1778,#930,.T.);
#2160=EDGE_CURVE('',#1778,#1778,#206,.T.);
#2161=EDGE_CURVE('',#1779,#1779,#207,.T.);
#2162=EDGE_CURVE('',#1779,#1715,#931,.T.);
#2163=EDGE_CURVE('',#1780,#1780,#208,.T.);
#2164=EDGE_CURVE('',#1780,#1781,#932,.T.);
#2165=EDGE_CURVE('',#1781,#1781,#209,.T.);
#2166=EDGE_CURVE('',#1782,#1782,#210,.T.);
#2167=EDGE_CURVE('',#1782,#1776,#933,.T.);
#2168=EDGE_CURVE('',#1783,#1783,#211,.T.);
#2169=EDGE_CURVE('',#1783,#1784,#934,.T.);
#2170=EDGE_CURVE('',#1784,#1784,#212,.T.);
#2171=EDGE_CURVE('',#1785,#1785,#213,.T.);
#2172=EDGE_CURVE('',#1785,#1716,#935,.T.);
#2173=EDGE_CURVE('',#1786,#1684,#936,.T.);
#2174=EDGE_CURVE('',#1686,#1786,#937,.T.);
#2175=EDGE_CURVE('',#1678,#1692,#938,.T.);
#2176=EDGE_CURVE('',#1787,#1786,#939,.T.);
#2177=EDGE_CURVE('',#1788,#1787,#940,.T.);
#2178=EDGE_CURVE('',#1789,#1788,#311,.T.);
#2179=EDGE_CURVE('',#1693,#1789,#941,.T.);
#2180=EDGE_CURVE('',#1790,#1691,#312,.T.);
#2181=EDGE_CURVE('',#1790,#1791,#942,.T.);
#2182=EDGE_CURVE('',#1703,#1791,#943,.T.);
#2183=EDGE_CURVE('',#1792,#1710,#944,.T.);
#2184=EDGE_CURVE('',#1792,#1793,#945,.T.);
#2185=EDGE_CURVE('',#1787,#1793,#313,.T.);
#2186=EDGE_CURVE('',#1794,#1790,#946,.T.);
#2187=EDGE_CURVE('',#1690,#1794,#314,.T.);
#2188=EDGE_CURVE('',#1689,#1789,#947,.T.);
#2189=EDGE_CURVE('',#1788,#1795,#315,.T.);
#2190=EDGE_CURVE('',#1795,#1794,#948,.T.);
#2191=EDGE_CURVE('',#1793,#1795,#949,.T.);
#2192=EDGE_CURVE('',#1796,#1792,#214,.T.);
#2193=EDGE_CURVE('',#1797,#1796,#950,.T.);
#2194=EDGE_CURVE('',#1798,#1797,#215,.T.);
#2195=EDGE_CURVE('',#1799,#1798,#951,.T.);
#2196=EDGE_CURVE('',#1800,#1799,#216,.T.);
#2197=EDGE_CURVE('',#1801,#1800,#952,.T.);
#2198=EDGE_CURVE('',#1791,#1801,#217,.T.);
#2199=EDGE_CURVE('',#1802,#1803,#953,.T.);
#2200=EDGE_CURVE('',#1803,#1804,#954,.T.);
#2201=EDGE_CURVE('',#1804,#1805,#955,.T.);
#2202=EDGE_CURVE('',#1805,#1802,#956,.T.);
#2203=EDGE_CURVE('',#1806,#1807,#957,.T.);
#2204=EDGE_CURVE('',#1807,#1808,#958,.T.);
#2205=EDGE_CURVE('',#1808,#1809,#959,.T.);
#2206=EDGE_CURVE('',#1809,#1806,#960,.T.);
#2207=EDGE_CURVE('',#1810,#1811,#961,.T.);
#2208=EDGE_CURVE('',#1811,#1812,#962,.T.);
#2209=EDGE_CURVE('',#1812,#1813,#963,.T.);
#2210=EDGE_CURVE('',#1813,#1810,#964,.T.);
#2211=EDGE_CURVE('',#1814,#1814,#218,.T.);
#2212=EDGE_CURVE('',#1815,#1816,#965,.T.);
#2213=EDGE_CURVE('',#1816,#1817,#966,.T.);
#2214=EDGE_CURVE('',#1817,#1818,#967,.T.);
#2215=EDGE_CURVE('',#1818,#1815,#968,.T.);
#2216=EDGE_CURVE('',#1819,#1820,#969,.T.);
#2217=EDGE_CURVE('',#1820,#1821,#970,.T.);
#2218=EDGE_CURVE('',#1821,#1822,#971,.T.);
#2219=EDGE_CURVE('',#1822,#1819,#972,.T.);
#2220=EDGE_CURVE('',#1823,#1824,#973,.T.);
#2221=EDGE_CURVE('',#1824,#1825,#974,.T.);
#2222=EDGE_CURVE('',#1825,#1826,#975,.T.);
#2223=EDGE_CURVE('',#1826,#1823,#976,.T.);
#2224=EDGE_CURVE('',#1827,#1828,#977,.T.);
#2225=EDGE_CURVE('',#1828,#1829,#978,.T.);
#2226=EDGE_CURVE('',#1829,#1830,#979,.T.);
#2227=EDGE_CURVE('',#1830,#1827,#980,.T.);
#2228=EDGE_CURVE('',#1831,#1832,#981,.T.);
#2229=EDGE_CURVE('',#1832,#1833,#982,.T.);
#2230=EDGE_CURVE('',#1833,#1834,#983,.T.);
#2231=EDGE_CURVE('',#1834,#1831,#984,.T.);
#2232=EDGE_CURVE('',#1835,#1836,#985,.T.);
#2233=EDGE_CURVE('',#1836,#1837,#986,.T.);
#2234=EDGE_CURVE('',#1837,#1838,#987,.T.);
#2235=EDGE_CURVE('',#1838,#1835,#988,.T.);
#2236=EDGE_CURVE('',#1839,#1840,#989,.T.);
#2237=EDGE_CURVE('',#1840,#1841,#990,.T.);
#2238=EDGE_CURVE('',#1841,#1842,#991,.T.);
#2239=EDGE_CURVE('',#1842,#1839,#992,.T.);
#2240=EDGE_CURVE('',#1843,#1844,#993,.T.);
#2241=EDGE_CURVE('',#1845,#1843,#994,.T.);
#2242=EDGE_CURVE('',#1846,#1845,#995,.T.);
#2243=EDGE_CURVE('',#1844,#1846,#996,.T.);
#2244=EDGE_CURVE('',#1693,#1688,#997,.T.);
#2245=EDGE_CURVE('',#1687,#1847,#998,.T.);
#2246=EDGE_CURVE('',#1714,#1847,#999,.T.);
#2247=EDGE_CURVE('',#1713,#1688,#1000,.T.);
#2248=EDGE_CURVE('',#1676,#1847,#219,.T.);
#2249=EDGE_CURVE('',#1707,#1798,#1001,.T.);
#2250=EDGE_CURVE('',#1797,#1708,#1002,.T.);
#2251=EDGE_CURVE('',#1799,#1706,#1003,.T.);
#2252=EDGE_CURVE('',#1705,#1800,#1004,.T.);
#2253=EDGE_CURVE('',#1801,#1704,#1005,.T.);
#2254=EDGE_CURVE('',#1709,#1796,#1006,.T.);
#2255=EDGE_CURVE('',#1848,#1848,#220,.T.);
#2256=EDGE_CURVE('',#1848,#1849,#1007,.T.);
#2257=EDGE_CURVE('',#1849,#1849,#221,.T.);
#2258=EDGE_CURVE('',#1850,#1851,#27,.T.);
#2259=EDGE_CURVE('',#1852,#1850,#28,.T.);
#2260=EDGE_CURVE('',#1851,#1852,#222,.T.);
#2261=EDGE_CURVE('',#1853,#1854,#29,.T.);
#2262=EDGE_CURVE('',#1855,#1853,#223,.T.);
#2263=EDGE_CURVE('',#1854,#1855,#30,.T.);
#2264=EDGE_CURVE('',#1856,#1857,#31,.T.);
#2265=EDGE_CURVE('',#1858,#1856,#224,.T.);
#2266=EDGE_CURVE('',#1857,#1858,#32,.T.);
#2267=EDGE_CURVE('',#1859,#1860,#33,.T.);
#2268=EDGE_CURVE('',#1861,#1859,#34,.T.);
#2269=EDGE_CURVE('',#1860,#1861,#225,.T.);
#2270=EDGE_CURVE('',#1831,#1857,#1008,.T.);
#2271=EDGE_CURVE('',#1834,#1773,#1009,.T.);
#2272=EDGE_CURVE('',#1772,#1862,#1010,.T.);
#2273=EDGE_CURVE('',#1856,#1862,#1011,.T.);
#2274=EDGE_CURVE('',#1863,#1858,#1012,.T.);
#2275=EDGE_CURVE('',#1756,#1863,#1013,.T.);
#2276=EDGE_CURVE('',#1832,#1775,#1014,.T.);
#2277=EDGE_CURVE('',#1826,#1854,#1015,.T.);
#2278=EDGE_CURVE('',#1825,#1758,#1016,.T.);
#2279=EDGE_CURVE('',#1757,#1864,#1017,.T.);
#2280=EDGE_CURVE('',#1853,#1864,#1018,.T.);
#2281=EDGE_CURVE('',#1865,#1855,#1019,.T.);
#2282=EDGE_CURVE('',#1761,#1865,#1020,.T.);
#2283=EDGE_CURVE('',#1823,#1760,#1021,.T.);
#2284=EDGE_CURVE('',#1862,#1866,#1022,.T.);
#2285=EDGE_CURVE('',#1866,#1860,#1023,.T.);
#2286=EDGE_CURVE('',#1861,#1867,#1024,.T.);
#2287=EDGE_CURVE('',#1867,#1868,#1025,.T.);
#2288=EDGE_CURVE('',#1868,#1851,#1026,.T.);
#2289=EDGE_CURVE('',#1852,#1869,#1027,.T.);
#2290=EDGE_CURVE('',#1869,#1865,#1028,.T.);
#2291=EDGE_CURVE('',#1864,#1863,#1029,.T.);
#2292=EDGE_CURVE('',#1771,#1866,#1030,.T.);
#2293=EDGE_CURVE('',#1762,#1869,#1031,.T.);
#2294=EDGE_CURVE('',#1766,#1868,#1032,.T.);
#2295=EDGE_CURVE('',#1767,#1867,#1033,.T.);
#2296=EDGE_CURVE('',#1870,#1870,#226,.T.);
#2297=EDGE_CURVE('',#1870,#1871,#1034,.T.);
#2298=EDGE_CURVE('',#1871,#1871,#227,.T.);
#2299=EDGE_CURVE('',#1872,#1872,#228,.T.);
#2300=EDGE_CURVE('',#1872,#1873,#1035,.T.);
#2301=EDGE_CURVE('',#1873,#1873,#229,.T.);
#2302=EDGE_CURVE('',#1874,#1874,#230,.T.);
#2303=EDGE_CURVE('',#1874,#1755,#1036,.T.);
#2304=EDGE_CURVE('',#1875,#1875,#231,.T.);
#2305=EDGE_CURVE('',#1875,#1876,#1037,.T.);
#2306=EDGE_CURVE('',#1876,#1876,#232,.T.);
#2307=EDGE_CURVE('',#1877,#1877,#233,.T.);
#2308=EDGE_CURVE('',#1877,#1717,#1038,.T.);
#2309=EDGE_CURVE('',#1878,#1878,#234,.T.);
#2310=EDGE_CURVE('',#1878,#1696,#1039,.T.);
#2311=EDGE_CURVE('',#1753,#1879,#1040,.T.);
#2312=EDGE_CURVE('',#1880,#1879,#1041,.T.);
#2313=EDGE_CURVE('',#1754,#1880,#1042,.T.);
#2314=EDGE_CURVE('',#1879,#1880,#235,.T.);
#2315=EDGE_CURVE('',#1881,#1881,#236,.T.);
#2316=EDGE_CURVE('',#1881,#1698,#1043,.T.);
#2317=EDGE_CURVE('',#1718,#1882,#1044,.T.);
#2318=EDGE_CURVE('',#1883,#1882,#1045,.T.);
#2319=EDGE_CURVE('',#1719,#1883,#1046,.T.);
#2320=EDGE_CURVE('',#1882,#1883,#237,.T.);
#2321=EDGE_CURVE('',#1884,#1884,#238,.T.);
#2322=EDGE_CURVE('',#1884,#1697,#1047,.T.);
#2323=EDGE_CURVE('',#1751,#1885,#1048,.T.);
#2324=EDGE_CURVE('',#1886,#1885,#1049,.T.);
#2325=EDGE_CURVE('',#1752,#1886,#1050,.T.);
#2326=EDGE_CURVE('',#1885,#1886,#239,.T.);
#2327=EDGE_CURVE('',#1887,#1887,#240,.T.);
#2328=EDGE_CURVE('',#1887,#1695,#1051,.T.);
#2329=EDGE_CURVE('',#1720,#1888,#1052,.T.);
#2330=EDGE_CURVE('',#1889,#1888,#1053,.T.);
#2331=EDGE_CURVE('',#1721,#1889,#1054,.T.);
#2332=EDGE_CURVE('',#1888,#1889,#241,.T.);
#2333=EDGE_CURVE('',#1890,#1890,#242,.T.);
#2334=EDGE_CURVE('',#1891,#1891,#243,.T.);
#2335=EDGE_CURVE('',#1892,#1693,#1055,.T.);
#2336=EDGE_CURVE('',#1711,#1892,#1056,.T.);
#2337=EDGE_CURVE('',#1893,#1892,#1057,.T.);
#2338=EDGE_CURVE('',#1712,#1893,#1058,.T.);
#2339=EDGE_CURVE('',#1688,#1893,#1059,.T.);
#2340=EDGE_CURVE('',#1894,#1894,#244,.T.);
#2341=EDGE_CURVE('',#1894,#1891,#1060,.T.);
#2342=EDGE_CURVE('',#1895,#1895,#245,.T.);
#2343=EDGE_CURVE('',#1890,#1750,#1061,.T.);
#2344=EDGE_CURVE('',#1803,#1746,#1062,.T.);
#2345=EDGE_CURVE('',#1804,#1749,#1063,.T.);
#2346=EDGE_CURVE('',#1805,#1748,#1064,.T.);
#2347=EDGE_CURVE('',#1802,#1747,#1065,.T.);
#2348=EDGE_CURVE('',#1807,#1742,#1066,.T.);
#2349=EDGE_CURVE('',#1808,#1745,#1067,.T.);
#2350=EDGE_CURVE('',#1809,#1744,#1068,.T.);
#2351=EDGE_CURVE('',#1806,#1743,#1069,.T.);
#2352=EDGE_CURVE('',#1811,#1738,#1070,.T.);
#2353=EDGE_CURVE('',#1812,#1741,#1071,.T.);
#2354=EDGE_CURVE('',#1813,#1740,#1072,.T.);
#2355=EDGE_CURVE('',#1810,#1739,#1073,.T.);
#2356=EDGE_CURVE('',#1895,#1814,#1074,.T.);
#2357=EDGE_CURVE('',#1817,#1859,#1075,.T.);
#2358=EDGE_CURVE('',#1816,#1768,#1076,.T.);
#2359=EDGE_CURVE('',#1818,#1770,#1077,.T.);
#2360=EDGE_CURVE('',#1815,#1769,#1078,.T.);
#2361=EDGE_CURVE('',#1820,#1734,#1079,.T.);
#2362=EDGE_CURVE('',#1821,#1737,#1080,.T.);
#2363=EDGE_CURVE('',#1822,#1736,#1081,.T.);
#2364=EDGE_CURVE('',#1819,#1735,#1082,.T.);
#2365=EDGE_CURVE('',#1824,#1759,#1083,.T.);
#2366=EDGE_CURVE('',#1828,#1764,#1084,.T.);
#2367=EDGE_CURVE('',#1829,#1763,#1085,.T.);
#2368=EDGE_CURVE('',#1830,#1850,#1086,.T.);
#2369=EDGE_CURVE('',#1827,#1765,#1087,.T.);
#2370=EDGE_CURVE('',#1833,#1774,#1088,.T.);
#2371=EDGE_CURVE('',#1836,#1730,#1089,.T.);
#2372=EDGE_CURVE('',#1837,#1733,#1090,.T.);
#2373=EDGE_CURVE('',#1838,#1732,#1091,.T.);
#2374=EDGE_CURVE('',#1835,#1731,#1092,.T.);
#2375=EDGE_CURVE('',#1840,#1726,#1093,.T.);
#2376=EDGE_CURVE('',#1841,#1729,#1094,.T.);
#2377=EDGE_CURVE('',#1842,#1728,#1095,.T.);
#2378=EDGE_CURVE('',#1839,#1727,#1096,.T.);
#2379=EDGE_CURVE('',#1844,#1896,#1097,.T.);
#2380=EDGE_CURVE('',#1896,#1897,#1098,.T.);
#2381=EDGE_CURVE('',#1843,#1897,#1099,.T.);
#2382=EDGE_CURVE('',#1846,#1898,#1100,.T.);
#2383=EDGE_CURVE('',#1898,#1896,#1101,.T.);
#2384=EDGE_CURVE('',#1845,#1899,#1102,.T.);
#2385=EDGE_CURVE('',#1899,#1898,#1103,.T.);
#2386=EDGE_CURVE('',#1897,#1899,#1104,.T.);
#2387=EDGE_CURVE('',#1722,#1897,#1105,.T.);
#2388=EDGE_CURVE('',#1723,#1899,#1106,.T.);
#2389=EDGE_CURVE('',#1724,#1896,#1107,.T.);
#2390=EDGE_CURVE('',#1725,#1898,#1108,.T.);
#2391=EDGE_CURVE('',#1900,#1901,#1109,.T.);
#2392=EDGE_CURVE('',#1902,#1900,#1110,.T.);
#2393=EDGE_CURVE('',#1903,#1902,#1111,.T.);
#2394=EDGE_CURVE('',#1903,#1901,#1112,.T.);
#2395=EDGE_CURVE('',#1904,#1905,#1113,.T.);
#2396=EDGE_CURVE('',#1906,#1904,#1114,.T.);
#2397=EDGE_CURVE('',#1907,#1906,#1115,.T.);
#2398=EDGE_CURVE('',#1907,#1905,#1116,.T.);
#2399=EDGE_CURVE('',#1905,#1900,#1117,.T.);
#2400=EDGE_CURVE('',#1902,#1907,#1118,.T.);
#2401=EDGE_CURVE('',#1906,#1908,#1119,.T.);
#2402=EDGE_CURVE('',#1908,#1909,#1120,.T.);
#2403=EDGE_CURVE('',#1909,#1910,#246,.T.);
#2404=EDGE_CURVE('',#1910,#1911,#1121,.T.);
#2405=EDGE_CURVE('',#1911,#1912,#1122,.T.);
#2406=EDGE_CURVE('',#1912,#1913,#1123,.T.);
#2407=EDGE_CURVE('',#1913,#1914,#247,.T.);
#2408=EDGE_CURVE('',#1914,#1915,#1124,.T.);
#2409=EDGE_CURVE('',#1915,#1916,#1125,.T.);
#2410=EDGE_CURVE('',#1916,#1917,#1126,.T.);
#2411=EDGE_CURVE('',#1917,#1918,#248,.T.);
#2412=EDGE_CURVE('',#1918,#1919,#1127,.T.);
#2413=EDGE_CURVE('',#1919,#1920,#1128,.T.);
#2414=EDGE_CURVE('',#1920,#1921,#1129,.T.);
#2415=EDGE_CURVE('',#1921,#1922,#249,.T.);
#2416=EDGE_CURVE('',#1922,#1923,#1130,.T.);
#2417=EDGE_CURVE('',#1923,#1924,#1131,.T.);
#2418=EDGE_CURVE('',#1924,#1925,#1132,.T.);
#2419=EDGE_CURVE('',#1925,#1926,#1133,.T.);
#2420=EDGE_CURVE('',#1926,#1903,#1134,.T.);
#2421=EDGE_CURVE('',#1927,#1927,#250,.T.);
#2422=EDGE_CURVE('',#1928,#1928,#251,.T.);
#2423=EDGE_CURVE('',#1929,#1929,#252,.T.);
#2424=EDGE_CURVE('',#1930,#1930,#253,.T.);
#2425=EDGE_CURVE('',#1931,#1931,#254,.T.);
#2426=EDGE_CURVE('',#1932,#1932,#255,.T.);
#2427=EDGE_CURVE('',#1933,#1933,#256,.T.);
#2428=EDGE_CURVE('',#1934,#1934,#257,.T.);
#2429=EDGE_CURVE('',#1935,#1935,#258,.T.);
#2430=EDGE_CURVE('',#1935,#1936,#1135,.T.);
#2431=EDGE_CURVE('',#1936,#1936,#259,.T.);
#2432=EDGE_CURVE('',#1937,#1937,#260,.T.);
#2433=EDGE_CURVE('',#1937,#1927,#1136,.T.);
#2434=EDGE_CURVE('',#1938,#1938,#261,.T.);
#2435=EDGE_CURVE('',#1938,#1939,#1137,.T.);
#2436=EDGE_CURVE('',#1939,#1939,#262,.T.);
#2437=EDGE_CURVE('',#1940,#1940,#263,.T.);
#2438=EDGE_CURVE('',#1940,#1934,#1138,.T.);
#2439=EDGE_CURVE('',#1941,#1941,#264,.T.);
#2440=EDGE_CURVE('',#1941,#1942,#1139,.T.);
#2441=EDGE_CURVE('',#1942,#1942,#265,.T.);
#2442=EDGE_CURVE('',#1943,#1943,#266,.T.);
#2443=EDGE_CURVE('',#1943,#1928,#1140,.T.);
#2444=EDGE_CURVE('',#1944,#1944,#267,.T.);
#2445=EDGE_CURVE('',#1944,#1945,#1141,.T.);
#2446=EDGE_CURVE('',#1945,#1945,#268,.T.);
#2447=EDGE_CURVE('',#1946,#1946,#269,.T.);
#2448=EDGE_CURVE('',#1946,#1933,#1142,.T.);
#2449=EDGE_CURVE('',#1947,#1947,#270,.T.);
#2450=EDGE_CURVE('',#1947,#1948,#1143,.T.);
#2451=EDGE_CURVE('',#1948,#1948,#271,.T.);
#2452=EDGE_CURVE('',#1949,#1949,#272,.T.);
#2453=EDGE_CURVE('',#1949,#1929,#1144,.T.);
#2454=EDGE_CURVE('',#1950,#1950,#273,.T.);
#2455=EDGE_CURVE('',#1950,#1951,#1145,.T.);
#2456=EDGE_CURVE('',#1951,#1951,#274,.T.);
#2457=EDGE_CURVE('',#1952,#1952,#275,.T.);
#2458=EDGE_CURVE('',#1952,#1932,#1146,.T.);
#2459=EDGE_CURVE('',#1953,#1953,#276,.T.);
#2460=EDGE_CURVE('',#1953,#1954,#1147,.T.);
#2461=EDGE_CURVE('',#1954,#1954,#277,.T.);
#2462=EDGE_CURVE('',#1955,#1955,#278,.T.);
#2463=EDGE_CURVE('',#1955,#1930,#1148,.T.);
#2464=EDGE_CURVE('',#1956,#1956,#279,.T.);
#2465=EDGE_CURVE('',#1956,#1957,#1149,.T.);
#2466=EDGE_CURVE('',#1957,#1957,#280,.T.);
#2467=EDGE_CURVE('',#1958,#1958,#281,.T.);
#2468=EDGE_CURVE('',#1958,#1931,#1150,.T.);
#2469=EDGE_CURVE('',#1959,#1960,#1151,.T.);
#2470=EDGE_CURVE('',#1961,#1959,#1152,.T.);
#2471=EDGE_CURVE('',#1962,#1961,#1153,.T.);
#2472=EDGE_CURVE('',#1960,#1962,#1154,.T.);
#2473=EDGE_CURVE('',#1963,#1964,#1155,.T.);
#2474=EDGE_CURVE('',#1965,#1963,#1156,.T.);
#2475=EDGE_CURVE('',#1965,#1966,#1157,.T.);
#2476=EDGE_CURVE('',#1960,#1966,#1158,.T.);
#2477=EDGE_CURVE('',#1967,#1962,#1159,.T.);
#2478=EDGE_CURVE('',#1968,#1967,#1160,.T.);
#2479=EDGE_CURVE('',#1968,#1964,#1161,.T.);
#2480=EDGE_CURVE('',#1966,#1969,#1162,.T.);
#2481=EDGE_CURVE('',#1970,#1965,#1163,.T.);
#2482=EDGE_CURVE('',#1969,#1970,#1164,.T.);
#2483=EDGE_CURVE('',#1971,#1969,#1165,.T.);
#2484=EDGE_CURVE('',#1925,#1971,#1166,.T.);
#2485=EDGE_CURVE('',#1924,#1972,#1167,.T.);
#2486=EDGE_CURVE('',#1959,#1972,#1168,.T.);
#2487=EDGE_CURVE('',#1963,#1973,#1169,.T.);
#2488=EDGE_CURVE('',#1974,#1973,#1170,.T.);
#2489=EDGE_CURVE('',#1975,#1974,#1171,.T.);
#2490=EDGE_CURVE('',#1970,#1975,#1172,.T.);
#2491=EDGE_CURVE('',#1976,#1977,#1173,.T.);
#2492=EDGE_CURVE('',#1977,#1978,#1174,.T.);
#2493=EDGE_CURVE('',#1978,#1979,#282,.T.);
#2494=EDGE_CURVE('',#1979,#1980,#1175,.T.);
#2495=EDGE_CURVE('',#1980,#1981,#1176,.T.);
#2496=EDGE_CURVE('',#1981,#1976,#283,.T.);
#2497=EDGE_CURVE('',#1982,#1982,#284,.T.);
#2498=EDGE_CURVE('',#1908,#1977,#1177,.T.);
#2499=EDGE_CURVE('',#1901,#1904,#1178,.T.);
#2500=EDGE_CURVE('',#1926,#1983,#1179,.T.);
#2501=EDGE_CURVE('',#1984,#1983,#1180,.T.);
#2502=EDGE_CURVE('',#1978,#1984,#1181,.T.);
#2503=EDGE_CURVE('',#1923,#1985,#1182,.T.);
#2504=EDGE_CURVE('',#1986,#1985,#1183,.T.);
#2505=EDGE_CURVE('',#1986,#1987,#1184,.T.);
#2506=EDGE_CURVE('',#1972,#1987,#1185,.T.);
#2507=EDGE_CURVE('',#1988,#1986,#1186,.T.);
#2508=EDGE_CURVE('',#1988,#1989,#1187,.T.);
#2509=EDGE_CURVE('',#1987,#1989,#1188,.T.);
#2510=EDGE_CURVE('',#1990,#1988,#285,.T.);
#2511=EDGE_CURVE('',#1990,#1991,#1189,.T.);
#2512=EDGE_CURVE('',#1989,#1991,#286,.T.);
#2513=EDGE_CURVE('',#1992,#1990,#1190,.T.);
#2514=EDGE_CURVE('',#1920,#1992,#1191,.T.);
#2515=EDGE_CURVE('',#1919,#1993,#1192,.T.);
#2516=EDGE_CURVE('',#1994,#1993,#1193,.T.);
#2517=EDGE_CURVE('',#1994,#1995,#1194,.T.);
#2518=EDGE_CURVE('',#1991,#1995,#1195,.T.);
#2519=EDGE_CURVE('',#1983,#1971,#1196,.T.);
#2520=EDGE_CURVE('',#1996,#1984,#287,.T.);
#2521=EDGE_CURVE('',#1979,#1996,#1197,.T.);
#2522=EDGE_CURVE('',#1997,#1996,#1198,.T.);
#2523=EDGE_CURVE('',#1998,#1997,#1199,.T.);
#2524=EDGE_CURVE('',#1999,#1998,#1200,.T.);
#2525=EDGE_CURVE('',#1912,#1999,#1201,.T.);
#2526=EDGE_CURVE('',#1911,#1980,#1202,.T.);
#2527=EDGE_CURVE('',#1998,#2000,#288,.T.);
#2528=EDGE_CURVE('',#2001,#1997,#289,.T.);
#2529=EDGE_CURVE('',#2000,#2001,#1203,.T.);
#2530=EDGE_CURVE('',#2000,#2002,#1204,.T.);
#2531=EDGE_CURVE('',#2003,#2001,#1205,.T.);
#2532=EDGE_CURVE('',#2004,#2003,#1206,.T.);
#2533=EDGE_CURVE('',#2005,#2004,#1207,.T.);
#2534=EDGE_CURVE('',#1916,#2005,#1208,.T.);
#2535=EDGE_CURVE('',#1915,#2002,#1209,.T.);
#2536=EDGE_CURVE('',#2004,#1994,#290,.T.);
#2537=EDGE_CURVE('',#1995,#2003,#291,.T.);
#2538=EDGE_CURVE('',#1975,#2006,#292,.T.);
#2539=EDGE_CURVE('',#2006,#2007,#1210,.T.);
#2540=EDGE_CURVE('',#2007,#2008,#293,.T.);
#2541=EDGE_CURVE('',#2008,#2009,#1211,.T.);
#2542=EDGE_CURVE('',#2009,#2010,#294,.T.);
#2543=EDGE_CURVE('',#2010,#2011,#1212,.T.);
#2544=EDGE_CURVE('',#2011,#2012,#295,.T.);
#2545=EDGE_CURVE('',#2012,#1961,#1213,.T.);
#2546=EDGE_CURVE('',#1922,#2013,#1214,.T.);
#2547=EDGE_CURVE('',#1985,#2013,#1215,.T.);
#2548=EDGE_CURVE('',#2014,#1992,#1216,.T.);
#2549=EDGE_CURVE('',#1921,#2014,#1217,.T.);
#2550=EDGE_CURVE('',#2013,#2014,#296,.T.);
#2551=EDGE_CURVE('',#1910,#1981,#1218,.T.);
#2552=EDGE_CURVE('',#1909,#1976,#1219,.T.);
#2553=EDGE_CURVE('',#1918,#2015,#1220,.T.);
#2554=EDGE_CURVE('',#1993,#2015,#1221,.T.);
#2555=EDGE_CURVE('',#2016,#2005,#1222,.T.);
#2556=EDGE_CURVE('',#1917,#2016,#1223,.T.);
#2557=EDGE_CURVE('',#1914,#2017,#1224,.T.);
#2558=EDGE_CURVE('',#2002,#2017,#1225,.T.);
#2559=EDGE_CURVE('',#2018,#1999,#1226,.T.);
#2560=EDGE_CURVE('',#1913,#2018,#1227,.T.);
#2561=EDGE_CURVE('',#2019,#2019,#297,.T.);
#2562=EDGE_CURVE('',#2019,#2020,#1228,.T.);
#2563=EDGE_CURVE('',#2020,#2020,#298,.T.);
#2564=EDGE_CURVE('',#2021,#2021,#299,.T.);
#2565=EDGE_CURVE('',#2021,#2022,#1229,.T.);
#2566=EDGE_CURVE('',#2022,#2022,#300,.T.);
#2567=EDGE_CURVE('',#2023,#2023,#301,.T.);
#2568=EDGE_CURVE('',#2023,#2024,#1230,.T.);
#2569=EDGE_CURVE('',#2024,#2024,#302,.T.);
#2570=EDGE_CURVE('',#1982,#2025,#1231,.T.);
#2571=EDGE_CURVE('',#2025,#2025,#303,.T.);
#2572=EDGE_CURVE('',#2017,#2018,#304,.T.);
#2573=EDGE_CURVE('',#2015,#2016,#305,.T.);
#2574=EDGE_CURVE('',#2026,#1967,#1232,.T.);
#2575=EDGE_CURVE('',#2027,#2026,#1233,.T.);
#2576=EDGE_CURVE('',#1968,#2027,#1234,.T.);
#2577=EDGE_CURVE('',#2028,#2027,#1235,.T.);
#2578=EDGE_CURVE('',#1964,#2028,#1236,.T.);
#2579=EDGE_CURVE('',#1973,#2028,#1237,.T.);
#2580=EDGE_CURVE('',#2029,#1974,#306,.T.);
#2581=EDGE_CURVE('',#2006,#2029,#1238,.T.);
#2582=EDGE_CURVE('',#2030,#2029,#1239,.T.);
#2583=EDGE_CURVE('',#2007,#2030,#1240,.T.);
#2584=EDGE_CURVE('',#2031,#2030,#307,.T.);
#2585=EDGE_CURVE('',#2008,#2031,#1241,.T.);
#2586=EDGE_CURVE('',#2032,#2031,#1242,.T.);
#2587=EDGE_CURVE('',#2009,#2032,#1243,.T.);
#2588=EDGE_CURVE('',#2033,#2032,#308,.T.);
#2589=EDGE_CURVE('',#2010,#2033,#1244,.T.);
#2590=EDGE_CURVE('',#2034,#2033,#1245,.T.);
#2591=EDGE_CURVE('',#2011,#2034,#1246,.T.);
#2592=EDGE_CURVE('',#2035,#2034,#309,.T.);
#2593=EDGE_CURVE('',#2012,#2035,#1247,.T.);
#2594=EDGE_CURVE('',#2026,#2035,#1248,.T.);
#2595=ORIENTED_EDGE('',*,*,#2036,.F.);
#2596=ORIENTED_EDGE('',*,*,#2037,.T.);
#2597=ORIENTED_EDGE('',*,*,#2038,.F.);
#2598=ORIENTED_EDGE('',*,*,#2039,.F.);
#2599=ORIENTED_EDGE('',*,*,#2040,.F.);
#2600=ORIENTED_EDGE('',*,*,#2041,.T.);
#2601=ORIENTED_EDGE('',*,*,#2042,.F.);
#2602=ORIENTED_EDGE('',*,*,#2043,.F.);
#2603=ORIENTED_EDGE('',*,*,#2044,.F.);
#2604=ORIENTED_EDGE('',*,*,#2041,.F.);
#2605=ORIENTED_EDGE('',*,*,#2045,.F.);
#2606=ORIENTED_EDGE('',*,*,#2046,.F.);
#2607=ORIENTED_EDGE('',*,*,#2047,.T.);
#2608=ORIENTED_EDGE('',*,*,#2036,.T.);
#2609=ORIENTED_EDGE('',*,*,#2048,.T.);
#2610=ORIENTED_EDGE('',*,*,#2049,.T.);
#2611=ORIENTED_EDGE('',*,*,#2050,.T.);
#2612=ORIENTED_EDGE('',*,*,#2051,.F.);
#2613=ORIENTED_EDGE('',*,*,#2052,.F.);
#2614=ORIENTED_EDGE('',*,*,#2043,.T.);
#2615=ORIENTED_EDGE('',*,*,#2053,.T.);
#2616=ORIENTED_EDGE('',*,*,#2054,.T.);
#2617=ORIENTED_EDGE('',*,*,#2048,.F.);
#2618=ORIENTED_EDGE('',*,*,#2042,.T.);
#2619=ORIENTED_EDGE('',*,*,#2044,.T.);
#2620=ORIENTED_EDGE('',*,*,#2055,.T.);
#2621=ORIENTED_EDGE('',*,*,#2056,.F.);
#2622=ORIENTED_EDGE('',*,*,#2057,.T.);
#2623=ORIENTED_EDGE('',*,*,#2058,.T.);
#2624=ORIENTED_EDGE('',*,*,#2053,.F.);
#2625=ORIENTED_EDGE('',*,*,#2039,.T.);
#2626=ORIENTED_EDGE('',*,*,#2059,.T.);
#2627=ORIENTED_EDGE('',*,*,#2060,.T.);
#2628=ORIENTED_EDGE('',*,*,#2061,.F.);
#2629=ORIENTED_EDGE('',*,*,#2038,.T.);
#2630=ORIENTED_EDGE('',*,*,#2062,.T.);
#2631=ORIENTED_EDGE('',*,*,#2063,.F.);
#2632=ORIENTED_EDGE('',*,*,#2064,.T.);
#2633=ORIENTED_EDGE('',*,*,#2065,.F.);
#2634=ORIENTED_EDGE('',*,*,#2066,.F.);
#2635=ORIENTED_EDGE('',*,*,#2067,.F.);
#2636=ORIENTED_EDGE('',*,*,#2068,.T.);
#2637=ORIENTED_EDGE('',*,*,#2059,.F.);
#2638=ORIENTED_EDGE('',*,*,#2046,.T.);
#2639=ORIENTED_EDGE('',*,*,#2069,.T.);
#2640=ORIENTED_EDGE('',*,*,#2070,.F.);
#2641=ORIENTED_EDGE('',*,*,#2071,.F.);
#2642=ORIENTED_EDGE('',*,*,#2055,.F.);
#2643=ORIENTED_EDGE('',*,*,#2072,.F.);
#2644=ORIENTED_EDGE('',*,*,#2073,.F.);
#2645=ORIENTED_EDGE('',*,*,#2074,.F.);
#2646=ORIENTED_EDGE('',*,*,#2075,.F.);
#2647=ORIENTED_EDGE('',*,*,#2076,.F.);
#2648=ORIENTED_EDGE('',*,*,#2077,.T.);
#2649=ORIENTED_EDGE('',*,*,#2078,.F.);
#2650=ORIENTED_EDGE('',*,*,#2077,.F.);
#2651=ORIENTED_EDGE('',*,*,#2079,.F.);
#2652=ORIENTED_EDGE('',*,*,#2080,.T.);
#2653=ORIENTED_EDGE('',*,*,#2081,.F.);
#2654=ORIENTED_EDGE('',*,*,#2080,.F.);
#2655=ORIENTED_EDGE('',*,*,#2079,.T.);
#2656=ORIENTED_EDGE('',*,*,#2076,.T.);
#2657=ORIENTED_EDGE('',*,*,#2051,.T.);
#2658=ORIENTED_EDGE('',*,*,#2082,.T.);
#2659=ORIENTED_EDGE('',*,*,#2083,.F.);
#2660=ORIENTED_EDGE('',*,*,#2084,.T.);
#2661=ORIENTED_EDGE('',*,*,#2085,.F.);
#2662=ORIENTED_EDGE('',*,*,#2086,.T.);
#2663=ORIENTED_EDGE('',*,*,#2087,.F.);
#2664=ORIENTED_EDGE('',*,*,#2088,.T.);
#2665=ORIENTED_EDGE('',*,*,#2089,.F.);
#2666=ORIENTED_EDGE('',*,*,#2090,.T.);
#2667=ORIENTED_EDGE('',*,*,#2056,.T.);
#2668=ORIENTED_EDGE('',*,*,#2071,.T.);
#2669=ORIENTED_EDGE('',*,*,#2091,.T.);
#2670=ORIENTED_EDGE('',*,*,#2092,.T.);
#2671=ORIENTED_EDGE('',*,*,#2093,.T.);
#2672=ORIENTED_EDGE('',*,*,#2094,.T.);
#2673=ORIENTED_EDGE('',*,*,#2095,.T.);
#2674=ORIENTED_EDGE('',*,*,#2096,.T.);
#2675=ORIENTED_EDGE('',*,*,#2097,.T.);
#2676=ORIENTED_EDGE('',*,*,#2098,.T.);
#2677=ORIENTED_EDGE('',*,*,#2099,.T.);
#2678=ORIENTED_EDGE('',*,*,#2100,.T.);
#2679=ORIENTED_EDGE('',*,*,#2101,.T.);
#2680=ORIENTED_EDGE('',*,*,#2102,.T.);
#2681=ORIENTED_EDGE('',*,*,#2103,.F.);
#2682=ORIENTED_EDGE('',*,*,#2104,.F.);
#2683=ORIENTED_EDGE('',*,*,#2105,.F.);
#2684=ORIENTED_EDGE('',*,*,#2106,.F.);
#2685=ORIENTED_EDGE('',*,*,#2107,.T.);
#2686=ORIENTED_EDGE('',*,*,#2108,.T.);
#2687=ORIENTED_EDGE('',*,*,#2109,.T.);
#2688=ORIENTED_EDGE('',*,*,#2110,.T.);
#2689=ORIENTED_EDGE('',*,*,#2111,.T.);
#2690=ORIENTED_EDGE('',*,*,#2112,.T.);
#2691=ORIENTED_EDGE('',*,*,#2113,.T.);
#2692=ORIENTED_EDGE('',*,*,#2114,.T.);
#2693=ORIENTED_EDGE('',*,*,#2115,.T.);
#2694=ORIENTED_EDGE('',*,*,#2116,.T.);
#2695=ORIENTED_EDGE('',*,*,#2117,.T.);
#2696=ORIENTED_EDGE('',*,*,#2118,.T.);
#2697=ORIENTED_EDGE('',*,*,#2119,.T.);
#2698=ORIENTED_EDGE('',*,*,#2120,.T.);
#2699=ORIENTED_EDGE('',*,*,#2121,.T.);
#2700=ORIENTED_EDGE('',*,*,#2122,.T.);
#2701=ORIENTED_EDGE('',*,*,#2123,.T.);
#2702=ORIENTED_EDGE('',*,*,#2124,.T.);
#2703=ORIENTED_EDGE('',*,*,#2125,.T.);
#2704=ORIENTED_EDGE('',*,*,#2126,.T.);
#2705=ORIENTED_EDGE('',*,*,#2127,.T.);
#2706=ORIENTED_EDGE('',*,*,#2128,.T.);
#2707=ORIENTED_EDGE('',*,*,#2129,.T.);
#2708=ORIENTED_EDGE('',*,*,#2130,.T.);
#2709=ORIENTED_EDGE('',*,*,#2131,.T.);
#2710=ORIENTED_EDGE('',*,*,#2132,.T.);
#2711=ORIENTED_EDGE('',*,*,#2133,.T.);
#2712=ORIENTED_EDGE('',*,*,#2134,.T.);
#2713=ORIENTED_EDGE('',*,*,#2135,.T.);
#2714=ORIENTED_EDGE('',*,*,#2136,.T.);
#2715=ORIENTED_EDGE('',*,*,#2137,.T.);
#2716=ORIENTED_EDGE('',*,*,#2138,.T.);
#2717=ORIENTED_EDGE('',*,*,#2139,.T.);
#2718=ORIENTED_EDGE('',*,*,#2140,.T.);
#2719=ORIENTED_EDGE('',*,*,#2141,.T.);
#2720=ORIENTED_EDGE('',*,*,#2142,.T.);
#2721=ORIENTED_EDGE('',*,*,#2143,.T.);
#2722=ORIENTED_EDGE('',*,*,#2144,.T.);
#2723=ORIENTED_EDGE('',*,*,#2145,.T.);
#2724=ORIENTED_EDGE('',*,*,#2146,.T.);
#2725=ORIENTED_EDGE('',*,*,#2147,.T.);
#2726=ORIENTED_EDGE('',*,*,#2148,.T.);
#2727=ORIENTED_EDGE('',*,*,#2149,.T.);
#2728=ORIENTED_EDGE('',*,*,#2150,.T.);
#2729=ORIENTED_EDGE('',*,*,#2151,.T.);
#2730=ORIENTED_EDGE('',*,*,#2152,.T.);
#2731=ORIENTED_EDGE('',*,*,#2153,.T.);
#2732=ORIENTED_EDGE('',*,*,#2154,.T.);
#2733=ORIENTED_EDGE('',*,*,#2155,.T.);
#2734=ORIENTED_EDGE('',*,*,#2156,.T.);
#2735=ORIENTED_EDGE('',*,*,#2157,.T.);
#2736=ORIENTED_EDGE('',*,*,#2081,.T.);
#2737=ORIENTED_EDGE('',*,*,#2158,.F.);
#2738=ORIENTED_EDGE('',*,*,#2159,.T.);
#2739=ORIENTED_EDGE('',*,*,#2160,.F.);
#2740=ORIENTED_EDGE('',*,*,#2159,.F.);
#2741=ORIENTED_EDGE('',*,*,#2161,.F.);
#2742=ORIENTED_EDGE('',*,*,#2162,.T.);
#2743=ORIENTED_EDGE('',*,*,#2096,.F.);
#2744=ORIENTED_EDGE('',*,*,#2162,.F.);
#2745=ORIENTED_EDGE('',*,*,#2161,.T.);
#2746=ORIENTED_EDGE('',*,*,#2158,.T.);
#2747=ORIENTED_EDGE('',*,*,#2078,.T.);
#2748=ORIENTED_EDGE('',*,*,#2163,.F.);
#2749=ORIENTED_EDGE('',*,*,#2164,.T.);
#2750=ORIENTED_EDGE('',*,*,#2165,.F.);
#2751=ORIENTED_EDGE('',*,*,#2164,.F.);
#2752=ORIENTED_EDGE('',*,*,#2166,.F.);
#2753=ORIENTED_EDGE('',*,*,#2167,.T.);
#2754=ORIENTED_EDGE('',*,*,#2157,.F.);
#2755=ORIENTED_EDGE('',*,*,#2167,.F.);
#2756=ORIENTED_EDGE('',*,*,#2166,.T.);
#2757=ORIENTED_EDGE('',*,*,#2163,.T.);
#2758=ORIENTED_EDGE('',*,*,#2160,.T.);
#2759=ORIENTED_EDGE('',*,*,#2168,.F.);
#2760=ORIENTED_EDGE('',*,*,#2169,.T.);
#2761=ORIENTED_EDGE('',*,*,#2170,.F.);
#2762=ORIENTED_EDGE('',*,*,#2169,.F.);
#2763=ORIENTED_EDGE('',*,*,#2171,.F.);
#2764=ORIENTED_EDGE('',*,*,#2172,.T.);
#2765=ORIENTED_EDGE('',*,*,#2097,.F.);
#2766=ORIENTED_EDGE('',*,*,#2172,.F.);
#2767=ORIENTED_EDGE('',*,*,#2171,.T.);
#2768=ORIENTED_EDGE('',*,*,#2168,.T.);
#2769=ORIENTED_EDGE('',*,*,#2165,.T.);
#2770=ORIENTED_EDGE('',*,*,#2049,.F.);
#2771=ORIENTED_EDGE('',*,*,#2054,.F.);
#2772=ORIENTED_EDGE('',*,*,#2058,.F.);
#2773=ORIENTED_EDGE('',*,*,#2173,.F.);
#2774=ORIENTED_EDGE('',*,*,#2174,.F.);
#2775=ORIENTED_EDGE('',*,*,#2060,.F.);
#2776=ORIENTED_EDGE('',*,*,#2068,.F.);
#2777=ORIENTED_EDGE('',*,*,#2175,.F.);
#2778=ORIENTED_EDGE('',*,*,#2040,.T.);
#2779=ORIENTED_EDGE('',*,*,#2061,.T.);
#2780=ORIENTED_EDGE('',*,*,#2174,.T.);
#2781=ORIENTED_EDGE('',*,*,#2176,.F.);
#2782=ORIENTED_EDGE('',*,*,#2177,.F.);
#2783=ORIENTED_EDGE('',*,*,#2178,.F.);
#2784=ORIENTED_EDGE('',*,*,#2179,.F.);
#2785=ORIENTED_EDGE('',*,*,#2069,.F.);
#2786=ORIENTED_EDGE('',*,*,#2045,.T.);
#2787=ORIENTED_EDGE('',*,*,#2175,.T.);
#2788=ORIENTED_EDGE('',*,*,#2067,.T.);
#2789=ORIENTED_EDGE('',*,*,#2180,.F.);
#2790=ORIENTED_EDGE('',*,*,#2181,.T.);
#2791=ORIENTED_EDGE('',*,*,#2182,.F.);
#2792=ORIENTED_EDGE('',*,*,#2082,.F.);
#2793=ORIENTED_EDGE('',*,*,#2050,.F.);
#2794=ORIENTED_EDGE('',*,*,#2173,.T.);
#2795=ORIENTED_EDGE('',*,*,#2057,.F.);
#2796=ORIENTED_EDGE('',*,*,#2090,.F.);
#2797=ORIENTED_EDGE('',*,*,#2183,.F.);
#2798=ORIENTED_EDGE('',*,*,#2184,.T.);
#2799=ORIENTED_EDGE('',*,*,#2185,.F.);
#2800=ORIENTED_EDGE('',*,*,#2176,.T.);
#2801=ORIENTED_EDGE('',*,*,#2186,.T.);
#2802=ORIENTED_EDGE('',*,*,#2180,.T.);
#2803=ORIENTED_EDGE('',*,*,#2066,.T.);
#2804=ORIENTED_EDGE('',*,*,#2187,.T.);
#2805=ORIENTED_EDGE('',*,*,#2188,.T.);
#2806=ORIENTED_EDGE('',*,*,#2178,.T.);
#2807=ORIENTED_EDGE('',*,*,#2189,.T.);
#2808=ORIENTED_EDGE('',*,*,#2190,.T.);
#2809=ORIENTED_EDGE('',*,*,#2187,.F.);
#2810=ORIENTED_EDGE('',*,*,#2065,.T.);
#2811=ORIENTED_EDGE('',*,*,#2177,.T.);
#2812=ORIENTED_EDGE('',*,*,#2185,.T.);
#2813=ORIENTED_EDGE('',*,*,#2191,.T.);
#2814=ORIENTED_EDGE('',*,*,#2189,.F.);
#2815=ORIENTED_EDGE('',*,*,#2186,.F.);
#2816=ORIENTED_EDGE('',*,*,#2190,.F.);
#2817=ORIENTED_EDGE('',*,*,#2191,.F.);
#2818=ORIENTED_EDGE('',*,*,#2184,.F.);
#2819=ORIENTED_EDGE('',*,*,#2192,.F.);
#2820=ORIENTED_EDGE('',*,*,#2193,.F.);
#2821=ORIENTED_EDGE('',*,*,#2194,.F.);
#2822=ORIENTED_EDGE('',*,*,#2195,.F.);
#2823=ORIENTED_EDGE('',*,*,#2196,.F.);
#2824=ORIENTED_EDGE('',*,*,#2197,.F.);
#2825=ORIENTED_EDGE('',*,*,#2198,.F.);
#2826=ORIENTED_EDGE('',*,*,#2181,.F.);
#2827=ORIENTED_EDGE('',*,*,#2199,.T.);
#2828=ORIENTED_EDGE('',*,*,#2200,.T.);
#2829=ORIENTED_EDGE('',*,*,#2201,.T.);
#2830=ORIENTED_EDGE('',*,*,#2202,.T.);
#2831=ORIENTED_EDGE('',*,*,#2203,.T.);
#2832=ORIENTED_EDGE('',*,*,#2204,.T.);
#2833=ORIENTED_EDGE('',*,*,#2205,.T.);
#2834=ORIENTED_EDGE('',*,*,#2206,.T.);
#2835=ORIENTED_EDGE('',*,*,#2207,.T.);
#2836=ORIENTED_EDGE('',*,*,#2208,.T.);
#2837=ORIENTED_EDGE('',*,*,#2209,.T.);
#2838=ORIENTED_EDGE('',*,*,#2210,.T.);
#2839=ORIENTED_EDGE('',*,*,#2211,.T.);
#2840=ORIENTED_EDGE('',*,*,#2212,.T.);
#2841=ORIENTED_EDGE('',*,*,#2213,.T.);
#2842=ORIENTED_EDGE('',*,*,#2214,.T.);
#2843=ORIENTED_EDGE('',*,*,#2215,.T.);
#2844=ORIENTED_EDGE('',*,*,#2216,.T.);
#2845=ORIENTED_EDGE('',*,*,#2217,.T.);
#2846=ORIENTED_EDGE('',*,*,#2218,.T.);
#2847=ORIENTED_EDGE('',*,*,#2219,.T.);
#2848=ORIENTED_EDGE('',*,*,#2220,.T.);
#2849=ORIENTED_EDGE('',*,*,#2221,.T.);
#2850=ORIENTED_EDGE('',*,*,#2222,.T.);
#2851=ORIENTED_EDGE('',*,*,#2223,.T.);
#2852=ORIENTED_EDGE('',*,*,#2224,.T.);
#2853=ORIENTED_EDGE('',*,*,#2225,.T.);
#2854=ORIENTED_EDGE('',*,*,#2226,.T.);
#2855=ORIENTED_EDGE('',*,*,#2227,.T.);
#2856=ORIENTED_EDGE('',*,*,#2228,.T.);
#2857=ORIENTED_EDGE('',*,*,#2229,.T.);
#2858=ORIENTED_EDGE('',*,*,#2230,.T.);
#2859=ORIENTED_EDGE('',*,*,#2231,.T.);
#2860=ORIENTED_EDGE('',*,*,#2232,.T.);
#2861=ORIENTED_EDGE('',*,*,#2233,.T.);
#2862=ORIENTED_EDGE('',*,*,#2234,.T.);
#2863=ORIENTED_EDGE('',*,*,#2235,.T.);
#2864=ORIENTED_EDGE('',*,*,#2236,.T.);
#2865=ORIENTED_EDGE('',*,*,#2237,.T.);
#2866=ORIENTED_EDGE('',*,*,#2238,.T.);
#2867=ORIENTED_EDGE('',*,*,#2239,.T.);
#2868=ORIENTED_EDGE('',*,*,#2240,.F.);
#2869=ORIENTED_EDGE('',*,*,#2241,.F.);
#2870=ORIENTED_EDGE('',*,*,#2242,.F.);
#2871=ORIENTED_EDGE('',*,*,#2243,.F.);
#2872=ORIENTED_EDGE('',*,*,#2188,.F.);
#2873=ORIENTED_EDGE('',*,*,#2064,.F.);
#2874=ORIENTED_EDGE('',*,*,#2244,.F.);
#2875=ORIENTED_EDGE('',*,*,#2179,.T.);
#2876=ORIENTED_EDGE('',*,*,#2245,.T.);
#2877=ORIENTED_EDGE('',*,*,#2246,.F.);
#2878=ORIENTED_EDGE('',*,*,#2094,.F.);
#2879=ORIENTED_EDGE('',*,*,#2247,.T.);
#2880=ORIENTED_EDGE('',*,*,#2063,.T.);
#2881=ORIENTED_EDGE('',*,*,#2052,.T.);
#2882=ORIENTED_EDGE('',*,*,#2095,.F.);
#2883=ORIENTED_EDGE('',*,*,#2246,.T.);
#2884=ORIENTED_EDGE('',*,*,#2248,.F.);
#2885=ORIENTED_EDGE('',*,*,#2170,.T.);
#2886=ORIENTED_EDGE('',*,*,#2087,.T.);
#2887=ORIENTED_EDGE('',*,*,#2249,.T.);
#2888=ORIENTED_EDGE('',*,*,#2194,.T.);
#2889=ORIENTED_EDGE('',*,*,#2250,.T.);
#2890=ORIENTED_EDGE('',*,*,#2249,.F.);
#2891=ORIENTED_EDGE('',*,*,#2086,.F.);
#2892=ORIENTED_EDGE('',*,*,#2251,.F.);
#2893=ORIENTED_EDGE('',*,*,#2195,.T.);
#2894=ORIENTED_EDGE('',*,*,#2085,.T.);
#2895=ORIENTED_EDGE('',*,*,#2252,.T.);
#2896=ORIENTED_EDGE('',*,*,#2196,.T.);
#2897=ORIENTED_EDGE('',*,*,#2251,.T.);
#2898=ORIENTED_EDGE('',*,*,#2252,.F.);
#2899=ORIENTED_EDGE('',*,*,#2084,.F.);
#2900=ORIENTED_EDGE('',*,*,#2253,.F.);
#2901=ORIENTED_EDGE('',*,*,#2197,.T.);
#2902=ORIENTED_EDGE('',*,*,#2083,.T.);
#2903=ORIENTED_EDGE('',*,*,#2182,.T.);
#2904=ORIENTED_EDGE('',*,*,#2198,.T.);
#2905=ORIENTED_EDGE('',*,*,#2253,.T.);
#2906=ORIENTED_EDGE('',*,*,#2089,.T.);
#2907=ORIENTED_EDGE('',*,*,#2254,.T.);
#2908=ORIENTED_EDGE('',*,*,#2192,.T.);
#2909=ORIENTED_EDGE('',*,*,#2183,.T.);
#2910=ORIENTED_EDGE('',*,*,#2250,.F.);
#2911=ORIENTED_EDGE('',*,*,#2193,.T.);
#2912=ORIENTED_EDGE('',*,*,#2254,.F.);
#2913=ORIENTED_EDGE('',*,*,#2088,.F.);
#2914=ORIENTED_EDGE('',*,*,#2255,.F.);
#2915=ORIENTED_EDGE('',*,*,#2256,.T.);
#2916=ORIENTED_EDGE('',*,*,#2257,.T.);
#2917=ORIENTED_EDGE('',*,*,#2256,.F.);
#2918=ORIENTED_EDGE('',*,*,#2257,.F.);
#2919=ORIENTED_EDGE('',*,*,#2258,.F.);
#2920=ORIENTED_EDGE('',*,*,#2259,.F.);
#2921=ORIENTED_EDGE('',*,*,#2260,.F.);
#2922=ORIENTED_EDGE('',*,*,#2261,.F.);
#2923=ORIENTED_EDGE('',*,*,#2262,.F.);
#2924=ORIENTED_EDGE('',*,*,#2263,.F.);
#2925=ORIENTED_EDGE('',*,*,#2264,.F.);
#2926=ORIENTED_EDGE('',*,*,#2265,.F.);
#2927=ORIENTED_EDGE('',*,*,#2266,.F.);
#2928=ORIENTED_EDGE('',*,*,#2267,.F.);
#2929=ORIENTED_EDGE('',*,*,#2268,.F.);
#2930=ORIENTED_EDGE('',*,*,#2269,.F.);
#2931=ORIENTED_EDGE('',*,*,#2264,.T.);
#2932=ORIENTED_EDGE('',*,*,#2270,.F.);
#2933=ORIENTED_EDGE('',*,*,#2231,.F.);
#2934=ORIENTED_EDGE('',*,*,#2271,.T.);
#2935=ORIENTED_EDGE('',*,*,#2153,.F.);
#2936=ORIENTED_EDGE('',*,*,#2272,.T.);
#2937=ORIENTED_EDGE('',*,*,#2273,.F.);
#2938=ORIENTED_EDGE('',*,*,#2266,.T.);
#2939=ORIENTED_EDGE('',*,*,#2274,.F.);
#2940=ORIENTED_EDGE('',*,*,#2275,.F.);
#2941=ORIENTED_EDGE('',*,*,#2156,.F.);
#2942=ORIENTED_EDGE('',*,*,#2276,.F.);
#2943=ORIENTED_EDGE('',*,*,#2228,.F.);
#2944=ORIENTED_EDGE('',*,*,#2270,.T.);
#2945=ORIENTED_EDGE('',*,*,#2261,.T.);
#2946=ORIENTED_EDGE('',*,*,#2277,.F.);
#2947=ORIENTED_EDGE('',*,*,#2222,.F.);
#2948=ORIENTED_EDGE('',*,*,#2278,.T.);
#2949=ORIENTED_EDGE('',*,*,#2138,.F.);
#2950=ORIENTED_EDGE('',*,*,#2279,.T.);
#2951=ORIENTED_EDGE('',*,*,#2280,.F.);
#2952=ORIENTED_EDGE('',*,*,#2263,.T.);
#2953=ORIENTED_EDGE('',*,*,#2281,.F.);
#2954=ORIENTED_EDGE('',*,*,#2282,.F.);
#2955=ORIENTED_EDGE('',*,*,#2141,.F.);
#2956=ORIENTED_EDGE('',*,*,#2283,.F.);
#2957=ORIENTED_EDGE('',*,*,#2223,.F.);
#2958=ORIENTED_EDGE('',*,*,#2277,.T.);
#2959=ORIENTED_EDGE('',*,*,#2273,.T.);
#2960=ORIENTED_EDGE('',*,*,#2284,.T.);
#2961=ORIENTED_EDGE('',*,*,#2285,.T.);
#2962=ORIENTED_EDGE('',*,*,#2269,.T.);
#2963=ORIENTED_EDGE('',*,*,#2286,.T.);
#2964=ORIENTED_EDGE('',*,*,#2287,.T.);
#2965=ORIENTED_EDGE('',*,*,#2288,.T.);
#2966=ORIENTED_EDGE('',*,*,#2260,.T.);
#2967=ORIENTED_EDGE('',*,*,#2289,.T.);
#2968=ORIENTED_EDGE('',*,*,#2290,.T.);
#2969=ORIENTED_EDGE('',*,*,#2281,.T.);
#2970=ORIENTED_EDGE('',*,*,#2262,.T.);
#2971=ORIENTED_EDGE('',*,*,#2280,.T.);
#2972=ORIENTED_EDGE('',*,*,#2291,.T.);
#2973=ORIENTED_EDGE('',*,*,#2274,.T.);
#2974=ORIENTED_EDGE('',*,*,#2265,.T.);
#2975=ORIENTED_EDGE('',*,*,#2255,.T.);
#2976=ORIENTED_EDGE('',*,*,#2152,.F.);
#2977=ORIENTED_EDGE('',*,*,#2292,.T.);
#2978=ORIENTED_EDGE('',*,*,#2284,.F.);
#2979=ORIENTED_EDGE('',*,*,#2272,.F.);
#2980=ORIENTED_EDGE('',*,*,#2137,.F.);
#2981=ORIENTED_EDGE('',*,*,#2275,.T.);
#2982=ORIENTED_EDGE('',*,*,#2291,.F.);
#2983=ORIENTED_EDGE('',*,*,#2279,.F.);
#2984=ORIENTED_EDGE('',*,*,#2142,.F.);
#2985=ORIENTED_EDGE('',*,*,#2282,.T.);
#2986=ORIENTED_EDGE('',*,*,#2290,.F.);
#2987=ORIENTED_EDGE('',*,*,#2293,.F.);
#2988=ORIENTED_EDGE('',*,*,#2147,.F.);
#2989=ORIENTED_EDGE('',*,*,#2294,.T.);
#2990=ORIENTED_EDGE('',*,*,#2287,.F.);
#2991=ORIENTED_EDGE('',*,*,#2295,.F.);
#2992=ORIENTED_EDGE('',*,*,#2296,.F.);
#2993=ORIENTED_EDGE('',*,*,#2297,.T.);
#2994=ORIENTED_EDGE('',*,*,#2298,.F.);
#2995=ORIENTED_EDGE('',*,*,#2297,.F.);
#2996=ORIENTED_EDGE('',*,*,#2248,.T.);
#2997=ORIENTED_EDGE('',*,*,#2245,.F.);
#2998=ORIENTED_EDGE('',*,*,#2062,.F.);
#2999=ORIENTED_EDGE('',*,*,#2037,.F.);
#3000=ORIENTED_EDGE('',*,*,#2047,.F.);
#3001=ORIENTED_EDGE('',*,*,#2296,.T.);
#3002=ORIENTED_EDGE('',*,*,#2299,.F.);
#3003=ORIENTED_EDGE('',*,*,#2300,.T.);
#3004=ORIENTED_EDGE('',*,*,#2301,.F.);
#3005=ORIENTED_EDGE('',*,*,#2300,.F.);
#3006=ORIENTED_EDGE('',*,*,#2302,.F.);
#3007=ORIENTED_EDGE('',*,*,#2303,.T.);
#3008=ORIENTED_EDGE('',*,*,#2136,.F.);
#3009=ORIENTED_EDGE('',*,*,#2303,.F.);
#3010=ORIENTED_EDGE('',*,*,#2302,.T.);
#3011=ORIENTED_EDGE('',*,*,#2299,.T.);
#3012=ORIENTED_EDGE('',*,*,#2298,.T.);
#3013=ORIENTED_EDGE('',*,*,#2304,.F.);
#3014=ORIENTED_EDGE('',*,*,#2305,.T.);
#3015=ORIENTED_EDGE('',*,*,#2306,.F.);
#3016=ORIENTED_EDGE('',*,*,#2305,.F.);
#3017=ORIENTED_EDGE('',*,*,#2307,.F.);
#3018=ORIENTED_EDGE('',*,*,#2308,.T.);
#3019=ORIENTED_EDGE('',*,*,#2098,.F.);
#3020=ORIENTED_EDGE('',*,*,#2308,.F.);
#3021=ORIENTED_EDGE('',*,*,#2307,.T.);
#3022=ORIENTED_EDGE('',*,*,#2304,.T.);
#3023=ORIENTED_EDGE('',*,*,#2301,.T.);
#3024=ORIENTED_EDGE('',*,*,#2309,.F.);
#3025=ORIENTED_EDGE('',*,*,#2310,.T.);
#3026=ORIENTED_EDGE('',*,*,#2073,.T.);
#3027=ORIENTED_EDGE('',*,*,#2310,.F.);
#3028=ORIENTED_EDGE('',*,*,#2134,.F.);
#3029=ORIENTED_EDGE('',*,*,#2311,.T.);
#3030=ORIENTED_EDGE('',*,*,#2312,.F.);
#3031=ORIENTED_EDGE('',*,*,#2313,.F.);
#3032=ORIENTED_EDGE('',*,*,#2135,.F.);
#3033=ORIENTED_EDGE('',*,*,#2313,.T.);
#3034=ORIENTED_EDGE('',*,*,#2314,.F.);
#3035=ORIENTED_EDGE('',*,*,#2311,.F.);
#3036=ORIENTED_EDGE('',*,*,#2314,.T.);
#3037=ORIENTED_EDGE('',*,*,#2312,.T.);
#3038=ORIENTED_EDGE('',*,*,#2309,.T.);
#3039=ORIENTED_EDGE('',*,*,#2306,.T.);
#3040=ORIENTED_EDGE('',*,*,#2315,.F.);
#3041=ORIENTED_EDGE('',*,*,#2316,.T.);
#3042=ORIENTED_EDGE('',*,*,#2075,.T.);
#3043=ORIENTED_EDGE('',*,*,#2316,.F.);
#3044=ORIENTED_EDGE('',*,*,#2099,.F.);
#3045=ORIENTED_EDGE('',*,*,#2317,.T.);
#3046=ORIENTED_EDGE('',*,*,#2318,.F.);
#3047=ORIENTED_EDGE('',*,*,#2319,.F.);
#3048=ORIENTED_EDGE('',*,*,#2100,.F.);
#3049=ORIENTED_EDGE('',*,*,#2319,.T.);
#3050=ORIENTED_EDGE('',*,*,#2320,.F.);
#3051=ORIENTED_EDGE('',*,*,#2317,.F.);
#3052=ORIENTED_EDGE('',*,*,#2320,.T.);
#3053=ORIENTED_EDGE('',*,*,#2318,.T.);
#3054=ORIENTED_EDGE('',*,*,#2315,.T.);
#3055=ORIENTED_EDGE('',*,*,#2321,.F.);
#3056=ORIENTED_EDGE('',*,*,#2322,.T.);
#3057=ORIENTED_EDGE('',*,*,#2074,.T.);
#3058=ORIENTED_EDGE('',*,*,#2322,.F.);
#3059=ORIENTED_EDGE('',*,*,#2132,.F.);
#3060=ORIENTED_EDGE('',*,*,#2323,.T.);
#3061=ORIENTED_EDGE('',*,*,#2324,.F.);
#3062=ORIENTED_EDGE('',*,*,#2325,.F.);
#3063=ORIENTED_EDGE('',*,*,#2133,.F.);
#3064=ORIENTED_EDGE('',*,*,#2325,.T.);
#3065=ORIENTED_EDGE('',*,*,#2326,.F.);
#3066=ORIENTED_EDGE('',*,*,#2323,.F.);
#3067=ORIENTED_EDGE('',*,*,#2326,.T.);
#3068=ORIENTED_EDGE('',*,*,#2324,.T.);
#3069=ORIENTED_EDGE('',*,*,#2321,.T.);
#3070=ORIENTED_EDGE('',*,*,#2327,.F.);
#3071=ORIENTED_EDGE('',*,*,#2328,.T.);
#3072=ORIENTED_EDGE('',*,*,#2072,.T.);
#3073=ORIENTED_EDGE('',*,*,#2328,.F.);
#3074=ORIENTED_EDGE('',*,*,#2101,.F.);
#3075=ORIENTED_EDGE('',*,*,#2329,.T.);
#3076=ORIENTED_EDGE('',*,*,#2330,.F.);
#3077=ORIENTED_EDGE('',*,*,#2331,.F.);
#3078=ORIENTED_EDGE('',*,*,#2102,.F.);
#3079=ORIENTED_EDGE('',*,*,#2331,.T.);
#3080=ORIENTED_EDGE('',*,*,#2332,.F.);
#3081=ORIENTED_EDGE('',*,*,#2329,.F.);
#3082=ORIENTED_EDGE('',*,*,#2332,.T.);
#3083=ORIENTED_EDGE('',*,*,#2330,.T.);
#3084=ORIENTED_EDGE('',*,*,#2327,.T.);
#3085=ORIENTED_EDGE('',*,*,#2333,.F.);
#3086=ORIENTED_EDGE('',*,*,#2334,.F.);
#3087=ORIENTED_EDGE('',*,*,#2091,.F.);
#3088=ORIENTED_EDGE('',*,*,#2070,.T.);
#3089=ORIENTED_EDGE('',*,*,#2335,.F.);
#3090=ORIENTED_EDGE('',*,*,#2336,.F.);
#3091=ORIENTED_EDGE('',*,*,#2092,.F.);
#3092=ORIENTED_EDGE('',*,*,#2336,.T.);
#3093=ORIENTED_EDGE('',*,*,#2337,.F.);
#3094=ORIENTED_EDGE('',*,*,#2338,.F.);
#3095=ORIENTED_EDGE('',*,*,#2093,.F.);
#3096=ORIENTED_EDGE('',*,*,#2338,.T.);
#3097=ORIENTED_EDGE('',*,*,#2339,.F.);
#3098=ORIENTED_EDGE('',*,*,#2247,.F.);
#3099=ORIENTED_EDGE('',*,*,#2335,.T.);
#3100=ORIENTED_EDGE('',*,*,#2244,.T.);
#3101=ORIENTED_EDGE('',*,*,#2339,.T.);
#3102=ORIENTED_EDGE('',*,*,#2337,.T.);
#3103=ORIENTED_EDGE('',*,*,#2340,.F.);
#3104=ORIENTED_EDGE('',*,*,#2341,.T.);
#3105=ORIENTED_EDGE('',*,*,#2334,.T.);
#3106=ORIENTED_EDGE('',*,*,#2341,.F.);
#3107=ORIENTED_EDGE('',*,*,#2342,.F.);
#3108=ORIENTED_EDGE('',*,*,#2340,.T.);
#3109=ORIENTED_EDGE('',*,*,#2333,.T.);
#3110=ORIENTED_EDGE('',*,*,#2343,.T.);
#3111=ORIENTED_EDGE('',*,*,#2131,.F.);
#3112=ORIENTED_EDGE('',*,*,#2343,.F.);
#3113=ORIENTED_EDGE('',*,*,#2200,.F.);
#3114=ORIENTED_EDGE('',*,*,#2344,.T.);
#3115=ORIENTED_EDGE('',*,*,#2130,.F.);
#3116=ORIENTED_EDGE('',*,*,#2345,.F.);
#3117=ORIENTED_EDGE('',*,*,#2201,.F.);
#3118=ORIENTED_EDGE('',*,*,#2345,.T.);
#3119=ORIENTED_EDGE('',*,*,#2129,.F.);
#3120=ORIENTED_EDGE('',*,*,#2346,.F.);
#3121=ORIENTED_EDGE('',*,*,#2202,.F.);
#3122=ORIENTED_EDGE('',*,*,#2346,.T.);
#3123=ORIENTED_EDGE('',*,*,#2128,.F.);
#3124=ORIENTED_EDGE('',*,*,#2347,.F.);
#3125=ORIENTED_EDGE('',*,*,#2199,.F.);
#3126=ORIENTED_EDGE('',*,*,#2347,.T.);
#3127=ORIENTED_EDGE('',*,*,#2127,.F.);
#3128=ORIENTED_EDGE('',*,*,#2344,.F.);
#3129=ORIENTED_EDGE('',*,*,#2204,.F.);
#3130=ORIENTED_EDGE('',*,*,#2348,.T.);
#3131=ORIENTED_EDGE('',*,*,#2126,.F.);
#3132=ORIENTED_EDGE('',*,*,#2349,.F.);
#3133=ORIENTED_EDGE('',*,*,#2205,.F.);
#3134=ORIENTED_EDGE('',*,*,#2349,.T.);
#3135=ORIENTED_EDGE('',*,*,#2125,.F.);
#3136=ORIENTED_EDGE('',*,*,#2350,.F.);
#3137=ORIENTED_EDGE('',*,*,#2206,.F.);
#3138=ORIENTED_EDGE('',*,*,#2350,.T.);
#3139=ORIENTED_EDGE('',*,*,#2124,.F.);
#3140=ORIENTED_EDGE('',*,*,#2351,.F.);
#3141=ORIENTED_EDGE('',*,*,#2203,.F.);
#3142=ORIENTED_EDGE('',*,*,#2351,.T.);
#3143=ORIENTED_EDGE('',*,*,#2123,.F.);
#3144=ORIENTED_EDGE('',*,*,#2348,.F.);
#3145=ORIENTED_EDGE('',*,*,#2208,.F.);
#3146=ORIENTED_EDGE('',*,*,#2352,.T.);
#3147=ORIENTED_EDGE('',*,*,#2122,.F.);
#3148=ORIENTED_EDGE('',*,*,#2353,.F.);
#3149=ORIENTED_EDGE('',*,*,#2209,.F.);
#3150=ORIENTED_EDGE('',*,*,#2353,.T.);
#3151=ORIENTED_EDGE('',*,*,#2121,.F.);
#3152=ORIENTED_EDGE('',*,*,#2354,.F.);
#3153=ORIENTED_EDGE('',*,*,#2210,.F.);
#3154=ORIENTED_EDGE('',*,*,#2354,.T.);
#3155=ORIENTED_EDGE('',*,*,#2120,.F.);
#3156=ORIENTED_EDGE('',*,*,#2355,.F.);
#3157=ORIENTED_EDGE('',*,*,#2207,.F.);
#3158=ORIENTED_EDGE('',*,*,#2355,.T.);
#3159=ORIENTED_EDGE('',*,*,#2119,.F.);
#3160=ORIENTED_EDGE('',*,*,#2352,.F.);
#3161=ORIENTED_EDGE('',*,*,#2342,.T.);
#3162=ORIENTED_EDGE('',*,*,#2356,.T.);
#3163=ORIENTED_EDGE('',*,*,#2211,.F.);
#3164=ORIENTED_EDGE('',*,*,#2356,.F.);
#3165=ORIENTED_EDGE('',*,*,#2268,.T.);
#3166=ORIENTED_EDGE('',*,*,#2357,.F.);
#3167=ORIENTED_EDGE('',*,*,#2213,.F.);
#3168=ORIENTED_EDGE('',*,*,#2358,.T.);
#3169=ORIENTED_EDGE('',*,*,#2148,.F.);
#3170=ORIENTED_EDGE('',*,*,#2295,.T.);
#3171=ORIENTED_EDGE('',*,*,#2286,.F.);
#3172=ORIENTED_EDGE('',*,*,#2267,.T.);
#3173=ORIENTED_EDGE('',*,*,#2285,.F.);
#3174=ORIENTED_EDGE('',*,*,#2292,.F.);
#3175=ORIENTED_EDGE('',*,*,#2151,.F.);
#3176=ORIENTED_EDGE('',*,*,#2359,.F.);
#3177=ORIENTED_EDGE('',*,*,#2214,.F.);
#3178=ORIENTED_EDGE('',*,*,#2357,.T.);
#3179=ORIENTED_EDGE('',*,*,#2215,.F.);
#3180=ORIENTED_EDGE('',*,*,#2359,.T.);
#3181=ORIENTED_EDGE('',*,*,#2150,.F.);
#3182=ORIENTED_EDGE('',*,*,#2360,.F.);
#3183=ORIENTED_EDGE('',*,*,#2212,.F.);
#3184=ORIENTED_EDGE('',*,*,#2360,.T.);
#3185=ORIENTED_EDGE('',*,*,#2149,.F.);
#3186=ORIENTED_EDGE('',*,*,#2358,.F.);
#3187=ORIENTED_EDGE('',*,*,#2217,.F.);
#3188=ORIENTED_EDGE('',*,*,#2361,.T.);
#3189=ORIENTED_EDGE('',*,*,#2118,.F.);
#3190=ORIENTED_EDGE('',*,*,#2362,.F.);
#3191=ORIENTED_EDGE('',*,*,#2218,.F.);
#3192=ORIENTED_EDGE('',*,*,#2362,.T.);
#3193=ORIENTED_EDGE('',*,*,#2117,.F.);
#3194=ORIENTED_EDGE('',*,*,#2363,.F.);
#3195=ORIENTED_EDGE('',*,*,#2219,.F.);
#3196=ORIENTED_EDGE('',*,*,#2363,.T.);
#3197=ORIENTED_EDGE('',*,*,#2116,.F.);
#3198=ORIENTED_EDGE('',*,*,#2364,.F.);
#3199=ORIENTED_EDGE('',*,*,#2216,.F.);
#3200=ORIENTED_EDGE('',*,*,#2364,.T.);
#3201=ORIENTED_EDGE('',*,*,#2115,.F.);
#3202=ORIENTED_EDGE('',*,*,#2361,.F.);
#3203=ORIENTED_EDGE('',*,*,#2221,.F.);
#3204=ORIENTED_EDGE('',*,*,#2365,.T.);
#3205=ORIENTED_EDGE('',*,*,#2139,.F.);
#3206=ORIENTED_EDGE('',*,*,#2278,.F.);
#3207=ORIENTED_EDGE('',*,*,#2220,.F.);
#3208=ORIENTED_EDGE('',*,*,#2283,.T.);
#3209=ORIENTED_EDGE('',*,*,#2140,.F.);
#3210=ORIENTED_EDGE('',*,*,#2365,.F.);
#3211=ORIENTED_EDGE('',*,*,#2225,.F.);
#3212=ORIENTED_EDGE('',*,*,#2366,.T.);
#3213=ORIENTED_EDGE('',*,*,#2144,.F.);
#3214=ORIENTED_EDGE('',*,*,#2367,.F.);
#3215=ORIENTED_EDGE('',*,*,#2259,.T.);
#3216=ORIENTED_EDGE('',*,*,#2368,.F.);
#3217=ORIENTED_EDGE('',*,*,#2226,.F.);
#3218=ORIENTED_EDGE('',*,*,#2367,.T.);
#3219=ORIENTED_EDGE('',*,*,#2143,.F.);
#3220=ORIENTED_EDGE('',*,*,#2293,.T.);
#3221=ORIENTED_EDGE('',*,*,#2289,.F.);
#3222=ORIENTED_EDGE('',*,*,#2258,.T.);
#3223=ORIENTED_EDGE('',*,*,#2288,.F.);
#3224=ORIENTED_EDGE('',*,*,#2294,.F.);
#3225=ORIENTED_EDGE('',*,*,#2146,.F.);
#3226=ORIENTED_EDGE('',*,*,#2369,.F.);
#3227=ORIENTED_EDGE('',*,*,#2227,.F.);
#3228=ORIENTED_EDGE('',*,*,#2368,.T.);
#3229=ORIENTED_EDGE('',*,*,#2224,.F.);
#3230=ORIENTED_EDGE('',*,*,#2369,.T.);
#3231=ORIENTED_EDGE('',*,*,#2145,.F.);
#3232=ORIENTED_EDGE('',*,*,#2366,.F.);
#3233=ORIENTED_EDGE('',*,*,#2229,.F.);
#3234=ORIENTED_EDGE('',*,*,#2276,.T.);
#3235=ORIENTED_EDGE('',*,*,#2155,.F.);
#3236=ORIENTED_EDGE('',*,*,#2370,.F.);
#3237=ORIENTED_EDGE('',*,*,#2230,.F.);
#3238=ORIENTED_EDGE('',*,*,#2370,.T.);
#3239=ORIENTED_EDGE('',*,*,#2154,.F.);
#3240=ORIENTED_EDGE('',*,*,#2271,.F.);
#3241=ORIENTED_EDGE('',*,*,#2233,.F.);
#3242=ORIENTED_EDGE('',*,*,#2371,.T.);
#3243=ORIENTED_EDGE('',*,*,#2114,.F.);
#3244=ORIENTED_EDGE('',*,*,#2372,.F.);
#3245=ORIENTED_EDGE('',*,*,#2234,.F.);
#3246=ORIENTED_EDGE('',*,*,#2372,.T.);
#3247=ORIENTED_EDGE('',*,*,#2113,.F.);
#3248=ORIENTED_EDGE('',*,*,#2373,.F.);
#3249=ORIENTED_EDGE('',*,*,#2235,.F.);
#3250=ORIENTED_EDGE('',*,*,#2373,.T.);
#3251=ORIENTED_EDGE('',*,*,#2112,.F.);
#3252=ORIENTED_EDGE('',*,*,#2374,.F.);
#3253=ORIENTED_EDGE('',*,*,#2232,.F.);
#3254=ORIENTED_EDGE('',*,*,#2374,.T.);
#3255=ORIENTED_EDGE('',*,*,#2111,.F.);
#3256=ORIENTED_EDGE('',*,*,#2371,.F.);
#3257=ORIENTED_EDGE('',*,*,#2237,.F.);
#3258=ORIENTED_EDGE('',*,*,#2375,.T.);
#3259=ORIENTED_EDGE('',*,*,#2110,.F.);
#3260=ORIENTED_EDGE('',*,*,#2376,.F.);
#3261=ORIENTED_EDGE('',*,*,#2238,.F.);
#3262=ORIENTED_EDGE('',*,*,#2376,.T.);
#3263=ORIENTED_EDGE('',*,*,#2109,.F.);
#3264=ORIENTED_EDGE('',*,*,#2377,.F.);
#3265=ORIENTED_EDGE('',*,*,#2239,.F.);
#3266=ORIENTED_EDGE('',*,*,#2377,.T.);
#3267=ORIENTED_EDGE('',*,*,#2108,.F.);
#3268=ORIENTED_EDGE('',*,*,#2378,.F.);
#3269=ORIENTED_EDGE('',*,*,#2236,.F.);
#3270=ORIENTED_EDGE('',*,*,#2378,.T.);
#3271=ORIENTED_EDGE('',*,*,#2107,.F.);
#3272=ORIENTED_EDGE('',*,*,#2375,.F.);
#3273=ORIENTED_EDGE('',*,*,#2240,.T.);
#3274=ORIENTED_EDGE('',*,*,#2379,.T.);
#3275=ORIENTED_EDGE('',*,*,#2380,.T.);
#3276=ORIENTED_EDGE('',*,*,#2381,.F.);
#3277=ORIENTED_EDGE('',*,*,#2243,.T.);
#3278=ORIENTED_EDGE('',*,*,#2382,.T.);
#3279=ORIENTED_EDGE('',*,*,#2383,.T.);
#3280=ORIENTED_EDGE('',*,*,#2379,.F.);
#3281=ORIENTED_EDGE('',*,*,#2242,.T.);
#3282=ORIENTED_EDGE('',*,*,#2384,.T.);
#3283=ORIENTED_EDGE('',*,*,#2385,.T.);
#3284=ORIENTED_EDGE('',*,*,#2382,.F.);
#3285=ORIENTED_EDGE('',*,*,#2386,.T.);
#3286=ORIENTED_EDGE('',*,*,#2384,.F.);
#3287=ORIENTED_EDGE('',*,*,#2241,.T.);
#3288=ORIENTED_EDGE('',*,*,#2381,.T.);
#3289=ORIENTED_EDGE('',*,*,#2386,.F.);
#3290=ORIENTED_EDGE('',*,*,#2387,.F.);
#3291=ORIENTED_EDGE('',*,*,#2103,.T.);
#3292=ORIENTED_EDGE('',*,*,#2388,.T.);
#3293=ORIENTED_EDGE('',*,*,#2380,.F.);
#3294=ORIENTED_EDGE('',*,*,#2389,.F.);
#3295=ORIENTED_EDGE('',*,*,#2104,.T.);
#3296=ORIENTED_EDGE('',*,*,#2387,.T.);
#3297=ORIENTED_EDGE('',*,*,#2383,.F.);
#3298=ORIENTED_EDGE('',*,*,#2390,.F.);
#3299=ORIENTED_EDGE('',*,*,#2105,.T.);
#3300=ORIENTED_EDGE('',*,*,#2389,.T.);
#3301=ORIENTED_EDGE('',*,*,#2385,.F.);
#3302=ORIENTED_EDGE('',*,*,#2388,.F.);
#3303=ORIENTED_EDGE('',*,*,#2106,.T.);
#3304=ORIENTED_EDGE('',*,*,#2390,.T.);
#3305=ORIENTED_EDGE('',*,*,#2391,.F.);
#3306=ORIENTED_EDGE('',*,*,#2392,.F.);
#3307=ORIENTED_EDGE('',*,*,#2393,.F.);
#3308=ORIENTED_EDGE('',*,*,#2394,.T.);
#3309=ORIENTED_EDGE('',*,*,#2395,.F.);
#3310=ORIENTED_EDGE('',*,*,#2396,.F.);
#3311=ORIENTED_EDGE('',*,*,#2397,.F.);
#3312=ORIENTED_EDGE('',*,*,#2398,.T.);
#3313=ORIENTED_EDGE('',*,*,#2399,.F.);
#3314=ORIENTED_EDGE('',*,*,#2398,.F.);
#3315=ORIENTED_EDGE('',*,*,#2400,.F.);
#3316=ORIENTED_EDGE('',*,*,#2392,.T.);
#3317=ORIENTED_EDGE('',*,*,#2393,.T.);
#3318=ORIENTED_EDGE('',*,*,#2400,.T.);
#3319=ORIENTED_EDGE('',*,*,#2397,.T.);
#3320=ORIENTED_EDGE('',*,*,#2401,.T.);
#3321=ORIENTED_EDGE('',*,*,#2402,.T.);
#3322=ORIENTED_EDGE('',*,*,#2403,.T.);
#3323=ORIENTED_EDGE('',*,*,#2404,.T.);
#3324=ORIENTED_EDGE('',*,*,#2405,.T.);
#3325=ORIENTED_EDGE('',*,*,#2406,.T.);
#3326=ORIENTED_EDGE('',*,*,#2407,.T.);
#3327=ORIENTED_EDGE('',*,*,#2408,.T.);
#3328=ORIENTED_EDGE('',*,*,#2409,.T.);
#3329=ORIENTED_EDGE('',*,*,#2410,.T.);
#3330=ORIENTED_EDGE('',*,*,#2411,.T.);
#3331=ORIENTED_EDGE('',*,*,#2412,.T.);
#3332=ORIENTED_EDGE('',*,*,#2413,.T.);
#3333=ORIENTED_EDGE('',*,*,#2414,.T.);
#3334=ORIENTED_EDGE('',*,*,#2415,.T.);
#3335=ORIENTED_EDGE('',*,*,#2416,.T.);
#3336=ORIENTED_EDGE('',*,*,#2417,.T.);
#3337=ORIENTED_EDGE('',*,*,#2418,.T.);
#3338=ORIENTED_EDGE('',*,*,#2419,.T.);
#3339=ORIENTED_EDGE('',*,*,#2420,.T.);
#3340=ORIENTED_EDGE('',*,*,#2421,.T.);
#3341=ORIENTED_EDGE('',*,*,#2422,.T.);
#3342=ORIENTED_EDGE('',*,*,#2423,.T.);
#3343=ORIENTED_EDGE('',*,*,#2424,.T.);
#3344=ORIENTED_EDGE('',*,*,#2425,.T.);
#3345=ORIENTED_EDGE('',*,*,#2426,.T.);
#3346=ORIENTED_EDGE('',*,*,#2427,.T.);
#3347=ORIENTED_EDGE('',*,*,#2428,.T.);
#3348=ORIENTED_EDGE('',*,*,#2429,.F.);
#3349=ORIENTED_EDGE('',*,*,#2430,.T.);
#3350=ORIENTED_EDGE('',*,*,#2431,.F.);
#3351=ORIENTED_EDGE('',*,*,#2430,.F.);
#3352=ORIENTED_EDGE('',*,*,#2432,.F.);
#3353=ORIENTED_EDGE('',*,*,#2433,.T.);
#3354=ORIENTED_EDGE('',*,*,#2421,.F.);
#3355=ORIENTED_EDGE('',*,*,#2433,.F.);
#3356=ORIENTED_EDGE('',*,*,#2432,.T.);
#3357=ORIENTED_EDGE('',*,*,#2429,.T.);
#3358=ORIENTED_EDGE('',*,*,#2434,.F.);
#3359=ORIENTED_EDGE('',*,*,#2435,.T.);
#3360=ORIENTED_EDGE('',*,*,#2436,.F.);
#3361=ORIENTED_EDGE('',*,*,#2435,.F.);
#3362=ORIENTED_EDGE('',*,*,#2437,.F.);
#3363=ORIENTED_EDGE('',*,*,#2438,.T.);
#3364=ORIENTED_EDGE('',*,*,#2428,.F.);
#3365=ORIENTED_EDGE('',*,*,#2438,.F.);
#3366=ORIENTED_EDGE('',*,*,#2437,.T.);
#3367=ORIENTED_EDGE('',*,*,#2434,.T.);
#3368=ORIENTED_EDGE('',*,*,#2439,.F.);
#3369=ORIENTED_EDGE('',*,*,#2440,.T.);
#3370=ORIENTED_EDGE('',*,*,#2441,.F.);
#3371=ORIENTED_EDGE('',*,*,#2440,.F.);
#3372=ORIENTED_EDGE('',*,*,#2442,.F.);
#3373=ORIENTED_EDGE('',*,*,#2443,.T.);
#3374=ORIENTED_EDGE('',*,*,#2422,.F.);
#3375=ORIENTED_EDGE('',*,*,#2443,.F.);
#3376=ORIENTED_EDGE('',*,*,#2442,.T.);
#3377=ORIENTED_EDGE('',*,*,#2439,.T.);
#3378=ORIENTED_EDGE('',*,*,#2444,.F.);
#3379=ORIENTED_EDGE('',*,*,#2445,.T.);
#3380=ORIENTED_EDGE('',*,*,#2446,.F.);
#3381=ORIENTED_EDGE('',*,*,#2445,.F.);
#3382=ORIENTED_EDGE('',*,*,#2447,.F.);
#3383=ORIENTED_EDGE('',*,*,#2448,.T.);
#3384=ORIENTED_EDGE('',*,*,#2427,.F.);
#3385=ORIENTED_EDGE('',*,*,#2448,.F.);
#3386=ORIENTED_EDGE('',*,*,#2447,.T.);
#3387=ORIENTED_EDGE('',*,*,#2444,.T.);
#3388=ORIENTED_EDGE('',*,*,#2449,.F.);
#3389=ORIENTED_EDGE('',*,*,#2450,.T.);
#3390=ORIENTED_EDGE('',*,*,#2451,.F.);
#3391=ORIENTED_EDGE('',*,*,#2450,.F.);
#3392=ORIENTED_EDGE('',*,*,#2452,.F.);
#3393=ORIENTED_EDGE('',*,*,#2453,.T.);
#3394=ORIENTED_EDGE('',*,*,#2423,.F.);
#3395=ORIENTED_EDGE('',*,*,#2453,.F.);
#3396=ORIENTED_EDGE('',*,*,#2452,.T.);
#3397=ORIENTED_EDGE('',*,*,#2449,.T.);
#3398=ORIENTED_EDGE('',*,*,#2454,.F.);
#3399=ORIENTED_EDGE('',*,*,#2455,.T.);
#3400=ORIENTED_EDGE('',*,*,#2456,.F.);
#3401=ORIENTED_EDGE('',*,*,#2455,.F.);
#3402=ORIENTED_EDGE('',*,*,#2457,.F.);
#3403=ORIENTED_EDGE('',*,*,#2458,.T.);
#3404=ORIENTED_EDGE('',*,*,#2426,.F.);
#3405=ORIENTED_EDGE('',*,*,#2458,.F.);
#3406=ORIENTED_EDGE('',*,*,#2457,.T.);
#3407=ORIENTED_EDGE('',*,*,#2454,.T.);
#3408=ORIENTED_EDGE('',*,*,#2459,.F.);
#3409=ORIENTED_EDGE('',*,*,#2460,.T.);
#3410=ORIENTED_EDGE('',*,*,#2461,.F.);
#3411=ORIENTED_EDGE('',*,*,#2460,.F.);
#3412=ORIENTED_EDGE('',*,*,#2462,.F.);
#3413=ORIENTED_EDGE('',*,*,#2463,.T.);
#3414=ORIENTED_EDGE('',*,*,#2424,.F.);
#3415=ORIENTED_EDGE('',*,*,#2463,.F.);
#3416=ORIENTED_EDGE('',*,*,#2462,.T.);
#3417=ORIENTED_EDGE('',*,*,#2459,.T.);
#3418=ORIENTED_EDGE('',*,*,#2464,.F.);
#3419=ORIENTED_EDGE('',*,*,#2465,.T.);
#3420=ORIENTED_EDGE('',*,*,#2466,.F.);
#3421=ORIENTED_EDGE('',*,*,#2465,.F.);
#3422=ORIENTED_EDGE('',*,*,#2467,.F.);
#3423=ORIENTED_EDGE('',*,*,#2468,.T.);
#3424=ORIENTED_EDGE('',*,*,#2425,.F.);
#3425=ORIENTED_EDGE('',*,*,#2468,.F.);
#3426=ORIENTED_EDGE('',*,*,#2467,.T.);
#3427=ORIENTED_EDGE('',*,*,#2464,.T.);
#3428=ORIENTED_EDGE('',*,*,#2469,.F.);
#3429=ORIENTED_EDGE('',*,*,#2470,.F.);
#3430=ORIENTED_EDGE('',*,*,#2471,.F.);
#3431=ORIENTED_EDGE('',*,*,#2472,.F.);
#3432=ORIENTED_EDGE('',*,*,#2473,.F.);
#3433=ORIENTED_EDGE('',*,*,#2474,.F.);
#3434=ORIENTED_EDGE('',*,*,#2475,.T.);
#3435=ORIENTED_EDGE('',*,*,#2476,.F.);
#3436=ORIENTED_EDGE('',*,*,#2472,.T.);
#3437=ORIENTED_EDGE('',*,*,#2477,.F.);
#3438=ORIENTED_EDGE('',*,*,#2478,.F.);
#3439=ORIENTED_EDGE('',*,*,#2479,.T.);
#3440=ORIENTED_EDGE('',*,*,#2480,.F.);
#3441=ORIENTED_EDGE('',*,*,#2475,.F.);
#3442=ORIENTED_EDGE('',*,*,#2481,.F.);
#3443=ORIENTED_EDGE('',*,*,#2482,.F.);
#3444=ORIENTED_EDGE('',*,*,#2469,.T.);
#3445=ORIENTED_EDGE('',*,*,#2476,.T.);
#3446=ORIENTED_EDGE('',*,*,#2480,.T.);
#3447=ORIENTED_EDGE('',*,*,#2483,.F.);
#3448=ORIENTED_EDGE('',*,*,#2484,.F.);
#3449=ORIENTED_EDGE('',*,*,#2418,.F.);
#3450=ORIENTED_EDGE('',*,*,#2485,.T.);
#3451=ORIENTED_EDGE('',*,*,#2486,.F.);
#3452=ORIENTED_EDGE('',*,*,#2481,.T.);
#3453=ORIENTED_EDGE('',*,*,#2474,.T.);
#3454=ORIENTED_EDGE('',*,*,#2487,.T.);
#3455=ORIENTED_EDGE('',*,*,#2488,.F.);
#3456=ORIENTED_EDGE('',*,*,#2489,.F.);
#3457=ORIENTED_EDGE('',*,*,#2490,.F.);
#3458=ORIENTED_EDGE('',*,*,#2491,.T.);
#3459=ORIENTED_EDGE('',*,*,#2492,.T.);
#3460=ORIENTED_EDGE('',*,*,#2493,.T.);
#3461=ORIENTED_EDGE('',*,*,#2494,.T.);
#3462=ORIENTED_EDGE('',*,*,#2495,.T.);
#3463=ORIENTED_EDGE('',*,*,#2496,.T.);
#3464=ORIENTED_EDGE('',*,*,#2497,.T.);
#3465=ORIENTED_EDGE('',*,*,#2492,.F.);
#3466=ORIENTED_EDGE('',*,*,#2498,.F.);
#3467=ORIENTED_EDGE('',*,*,#2401,.F.);
#3468=ORIENTED_EDGE('',*,*,#2396,.T.);
#3469=ORIENTED_EDGE('',*,*,#2499,.F.);
#3470=ORIENTED_EDGE('',*,*,#2394,.F.);
#3471=ORIENTED_EDGE('',*,*,#2420,.F.);
#3472=ORIENTED_EDGE('',*,*,#2500,.T.);
#3473=ORIENTED_EDGE('',*,*,#2501,.F.);
#3474=ORIENTED_EDGE('',*,*,#2502,.F.);
#3475=ORIENTED_EDGE('',*,*,#2503,.T.);
#3476=ORIENTED_EDGE('',*,*,#2504,.F.);
#3477=ORIENTED_EDGE('',*,*,#2505,.T.);
#3478=ORIENTED_EDGE('',*,*,#2506,.F.);
#3479=ORIENTED_EDGE('',*,*,#2485,.F.);
#3480=ORIENTED_EDGE('',*,*,#2417,.F.);
#3481=ORIENTED_EDGE('',*,*,#2507,.F.);
#3482=ORIENTED_EDGE('',*,*,#2508,.T.);
#3483=ORIENTED_EDGE('',*,*,#2509,.F.);
#3484=ORIENTED_EDGE('',*,*,#2505,.F.);
#3485=ORIENTED_EDGE('',*,*,#2510,.F.);
#3486=ORIENTED_EDGE('',*,*,#2511,.T.);
#3487=ORIENTED_EDGE('',*,*,#2512,.F.);
#3488=ORIENTED_EDGE('',*,*,#2508,.F.);
#3489=ORIENTED_EDGE('',*,*,#2513,.F.);
#3490=ORIENTED_EDGE('',*,*,#2514,.F.);
#3491=ORIENTED_EDGE('',*,*,#2413,.F.);
#3492=ORIENTED_EDGE('',*,*,#2515,.T.);
#3493=ORIENTED_EDGE('',*,*,#2516,.F.);
#3494=ORIENTED_EDGE('',*,*,#2517,.T.);
#3495=ORIENTED_EDGE('',*,*,#2518,.F.);
#3496=ORIENTED_EDGE('',*,*,#2511,.F.);
#3497=ORIENTED_EDGE('',*,*,#2419,.F.);
#3498=ORIENTED_EDGE('',*,*,#2484,.T.);
#3499=ORIENTED_EDGE('',*,*,#2519,.F.);
#3500=ORIENTED_EDGE('',*,*,#2500,.F.);
#3501=ORIENTED_EDGE('',*,*,#2493,.F.);
#3502=ORIENTED_EDGE('',*,*,#2502,.T.);
#3503=ORIENTED_EDGE('',*,*,#2520,.F.);
#3504=ORIENTED_EDGE('',*,*,#2521,.F.);
#3505=ORIENTED_EDGE('',*,*,#2494,.F.);
#3506=ORIENTED_EDGE('',*,*,#2521,.T.);
#3507=ORIENTED_EDGE('',*,*,#2522,.F.);
#3508=ORIENTED_EDGE('',*,*,#2523,.F.);
#3509=ORIENTED_EDGE('',*,*,#2524,.F.);
#3510=ORIENTED_EDGE('',*,*,#2525,.F.);
#3511=ORIENTED_EDGE('',*,*,#2405,.F.);
#3512=ORIENTED_EDGE('',*,*,#2526,.T.);
#3513=ORIENTED_EDGE('',*,*,#2527,.F.);
#3514=ORIENTED_EDGE('',*,*,#2523,.T.);
#3515=ORIENTED_EDGE('',*,*,#2528,.F.);
#3516=ORIENTED_EDGE('',*,*,#2529,.F.);
#3517=ORIENTED_EDGE('',*,*,#2530,.F.);
#3518=ORIENTED_EDGE('',*,*,#2529,.T.);
#3519=ORIENTED_EDGE('',*,*,#2531,.F.);
#3520=ORIENTED_EDGE('',*,*,#2532,.F.);
#3521=ORIENTED_EDGE('',*,*,#2533,.F.);
#3522=ORIENTED_EDGE('',*,*,#2534,.F.);
#3523=ORIENTED_EDGE('',*,*,#2409,.F.);
#3524=ORIENTED_EDGE('',*,*,#2535,.T.);
#3525=ORIENTED_EDGE('',*,*,#2536,.F.);
#3526=ORIENTED_EDGE('',*,*,#2532,.T.);
#3527=ORIENTED_EDGE('',*,*,#2537,.F.);
#3528=ORIENTED_EDGE('',*,*,#2517,.F.);
#3529=ORIENTED_EDGE('',*,*,#2470,.T.);
#3530=ORIENTED_EDGE('',*,*,#2486,.T.);
#3531=ORIENTED_EDGE('',*,*,#2506,.T.);
#3532=ORIENTED_EDGE('',*,*,#2509,.T.);
#3533=ORIENTED_EDGE('',*,*,#2512,.T.);
#3534=ORIENTED_EDGE('',*,*,#2518,.T.);
#3535=ORIENTED_EDGE('',*,*,#2537,.T.);
#3536=ORIENTED_EDGE('',*,*,#2531,.T.);
#3537=ORIENTED_EDGE('',*,*,#2528,.T.);
#3538=ORIENTED_EDGE('',*,*,#2522,.T.);
#3539=ORIENTED_EDGE('',*,*,#2520,.T.);
#3540=ORIENTED_EDGE('',*,*,#2501,.T.);
#3541=ORIENTED_EDGE('',*,*,#2519,.T.);
#3542=ORIENTED_EDGE('',*,*,#2483,.T.);
#3543=ORIENTED_EDGE('',*,*,#2482,.T.);
#3544=ORIENTED_EDGE('',*,*,#2490,.T.);
#3545=ORIENTED_EDGE('',*,*,#2538,.T.);
#3546=ORIENTED_EDGE('',*,*,#2539,.T.);
#3547=ORIENTED_EDGE('',*,*,#2540,.T.);
#3548=ORIENTED_EDGE('',*,*,#2541,.T.);
#3549=ORIENTED_EDGE('',*,*,#2542,.T.);
#3550=ORIENTED_EDGE('',*,*,#2543,.T.);
#3551=ORIENTED_EDGE('',*,*,#2544,.T.);
#3552=ORIENTED_EDGE('',*,*,#2545,.T.);
#3553=ORIENTED_EDGE('',*,*,#2416,.F.);
#3554=ORIENTED_EDGE('',*,*,#2546,.T.);
#3555=ORIENTED_EDGE('',*,*,#2547,.F.);
#3556=ORIENTED_EDGE('',*,*,#2503,.F.);
#3557=ORIENTED_EDGE('',*,*,#2414,.F.);
#3558=ORIENTED_EDGE('',*,*,#2514,.T.);
#3559=ORIENTED_EDGE('',*,*,#2548,.F.);
#3560=ORIENTED_EDGE('',*,*,#2549,.F.);
#3561=ORIENTED_EDGE('',*,*,#2549,.T.);
#3562=ORIENTED_EDGE('',*,*,#2550,.F.);
#3563=ORIENTED_EDGE('',*,*,#2546,.F.);
#3564=ORIENTED_EDGE('',*,*,#2415,.F.);
#3565=ORIENTED_EDGE('',*,*,#2404,.F.);
#3566=ORIENTED_EDGE('',*,*,#2551,.T.);
#3567=ORIENTED_EDGE('',*,*,#2495,.F.);
#3568=ORIENTED_EDGE('',*,*,#2526,.F.);
#3569=ORIENTED_EDGE('',*,*,#2402,.F.);
#3570=ORIENTED_EDGE('',*,*,#2498,.T.);
#3571=ORIENTED_EDGE('',*,*,#2491,.F.);
#3572=ORIENTED_EDGE('',*,*,#2552,.F.);
#3573=ORIENTED_EDGE('',*,*,#2412,.F.);
#3574=ORIENTED_EDGE('',*,*,#2553,.T.);
#3575=ORIENTED_EDGE('',*,*,#2554,.F.);
#3576=ORIENTED_EDGE('',*,*,#2515,.F.);
#3577=ORIENTED_EDGE('',*,*,#2410,.F.);
#3578=ORIENTED_EDGE('',*,*,#2534,.T.);
#3579=ORIENTED_EDGE('',*,*,#2555,.F.);
#3580=ORIENTED_EDGE('',*,*,#2556,.F.);
#3581=ORIENTED_EDGE('',*,*,#2408,.F.);
#3582=ORIENTED_EDGE('',*,*,#2557,.T.);
#3583=ORIENTED_EDGE('',*,*,#2558,.F.);
#3584=ORIENTED_EDGE('',*,*,#2535,.F.);
#3585=ORIENTED_EDGE('',*,*,#2406,.F.);
#3586=ORIENTED_EDGE('',*,*,#2525,.T.);
#3587=ORIENTED_EDGE('',*,*,#2559,.F.);
#3588=ORIENTED_EDGE('',*,*,#2560,.F.);
#3589=ORIENTED_EDGE('',*,*,#2561,.F.);
#3590=ORIENTED_EDGE('',*,*,#2562,.T.);
#3591=ORIENTED_EDGE('',*,*,#2563,.F.);
#3592=ORIENTED_EDGE('',*,*,#2562,.F.);
#3593=ORIENTED_EDGE('',*,*,#2564,.F.);
#3594=ORIENTED_EDGE('',*,*,#2565,.T.);
#3595=ORIENTED_EDGE('',*,*,#2566,.F.);
#3596=ORIENTED_EDGE('',*,*,#2565,.F.);
#3597=ORIENTED_EDGE('',*,*,#2567,.F.);
#3598=ORIENTED_EDGE('',*,*,#2568,.T.);
#3599=ORIENTED_EDGE('',*,*,#2569,.F.);
#3600=ORIENTED_EDGE('',*,*,#2568,.F.);
#3601=ORIENTED_EDGE('',*,*,#2497,.F.);
#3602=ORIENTED_EDGE('',*,*,#2570,.T.);
#3603=ORIENTED_EDGE('',*,*,#2571,.F.);
#3604=ORIENTED_EDGE('',*,*,#2570,.F.);
#3605=ORIENTED_EDGE('',*,*,#2552,.T.);
#3606=ORIENTED_EDGE('',*,*,#2496,.F.);
#3607=ORIENTED_EDGE('',*,*,#2551,.F.);
#3608=ORIENTED_EDGE('',*,*,#2403,.F.);
#3609=ORIENTED_EDGE('',*,*,#2548,.T.);
#3610=ORIENTED_EDGE('',*,*,#2513,.T.);
#3611=ORIENTED_EDGE('',*,*,#2510,.T.);
#3612=ORIENTED_EDGE('',*,*,#2507,.T.);
#3613=ORIENTED_EDGE('',*,*,#2504,.T.);
#3614=ORIENTED_EDGE('',*,*,#2547,.T.);
#3615=ORIENTED_EDGE('',*,*,#2550,.T.);
#3616=ORIENTED_EDGE('',*,*,#2561,.T.);
#3617=ORIENTED_EDGE('',*,*,#2557,.F.);
#3618=ORIENTED_EDGE('',*,*,#2407,.F.);
#3619=ORIENTED_EDGE('',*,*,#2560,.T.);
#3620=ORIENTED_EDGE('',*,*,#2572,.F.);
#3621=ORIENTED_EDGE('',*,*,#2572,.T.);
#3622=ORIENTED_EDGE('',*,*,#2559,.T.);
#3623=ORIENTED_EDGE('',*,*,#2524,.T.);
#3624=ORIENTED_EDGE('',*,*,#2527,.T.);
#3625=ORIENTED_EDGE('',*,*,#2530,.T.);
#3626=ORIENTED_EDGE('',*,*,#2558,.T.);
#3627=ORIENTED_EDGE('',*,*,#2564,.T.);
#3628=ORIENTED_EDGE('',*,*,#2556,.T.);
#3629=ORIENTED_EDGE('',*,*,#2573,.F.);
#3630=ORIENTED_EDGE('',*,*,#2553,.F.);
#3631=ORIENTED_EDGE('',*,*,#2411,.F.);
#3632=ORIENTED_EDGE('',*,*,#2573,.T.);
#3633=ORIENTED_EDGE('',*,*,#2555,.T.);
#3634=ORIENTED_EDGE('',*,*,#2533,.T.);
#3635=ORIENTED_EDGE('',*,*,#2536,.T.);
#3636=ORIENTED_EDGE('',*,*,#2516,.T.);
#3637=ORIENTED_EDGE('',*,*,#2554,.T.);
#3638=ORIENTED_EDGE('',*,*,#2567,.T.);
#3639=ORIENTED_EDGE('',*,*,#2478,.T.);
#3640=ORIENTED_EDGE('',*,*,#2574,.F.);
#3641=ORIENTED_EDGE('',*,*,#2575,.F.);
#3642=ORIENTED_EDGE('',*,*,#2576,.F.);
#3643=ORIENTED_EDGE('',*,*,#2479,.F.);
#3644=ORIENTED_EDGE('',*,*,#2576,.T.);
#3645=ORIENTED_EDGE('',*,*,#2577,.F.);
#3646=ORIENTED_EDGE('',*,*,#2578,.F.);
#3647=ORIENTED_EDGE('',*,*,#2473,.T.);
#3648=ORIENTED_EDGE('',*,*,#2578,.T.);
#3649=ORIENTED_EDGE('',*,*,#2579,.F.);
#3650=ORIENTED_EDGE('',*,*,#2487,.F.);
#3651=ORIENTED_EDGE('',*,*,#2489,.T.);
#3652=ORIENTED_EDGE('',*,*,#2580,.F.);
#3653=ORIENTED_EDGE('',*,*,#2581,.F.);
#3654=ORIENTED_EDGE('',*,*,#2538,.F.);
#3655=ORIENTED_EDGE('',*,*,#2581,.T.);
#3656=ORIENTED_EDGE('',*,*,#2582,.F.);
#3657=ORIENTED_EDGE('',*,*,#2583,.F.);
#3658=ORIENTED_EDGE('',*,*,#2539,.F.);
#3659=ORIENTED_EDGE('',*,*,#2583,.T.);
#3660=ORIENTED_EDGE('',*,*,#2584,.F.);
#3661=ORIENTED_EDGE('',*,*,#2585,.F.);
#3662=ORIENTED_EDGE('',*,*,#2540,.F.);
#3663=ORIENTED_EDGE('',*,*,#2585,.T.);
#3664=ORIENTED_EDGE('',*,*,#2586,.F.);
#3665=ORIENTED_EDGE('',*,*,#2587,.F.);
#3666=ORIENTED_EDGE('',*,*,#2541,.F.);
#3667=ORIENTED_EDGE('',*,*,#2587,.T.);
#3668=ORIENTED_EDGE('',*,*,#2588,.F.);
#3669=ORIENTED_EDGE('',*,*,#2589,.F.);
#3670=ORIENTED_EDGE('',*,*,#2542,.F.);
#3671=ORIENTED_EDGE('',*,*,#2589,.T.);
#3672=ORIENTED_EDGE('',*,*,#2590,.F.);
#3673=ORIENTED_EDGE('',*,*,#2591,.F.);
#3674=ORIENTED_EDGE('',*,*,#2543,.F.);
#3675=ORIENTED_EDGE('',*,*,#2591,.T.);
#3676=ORIENTED_EDGE('',*,*,#2592,.F.);
#3677=ORIENTED_EDGE('',*,*,#2593,.F.);
#3678=ORIENTED_EDGE('',*,*,#2544,.F.);
#3679=ORIENTED_EDGE('',*,*,#2471,.T.);
#3680=ORIENTED_EDGE('',*,*,#2545,.F.);
#3681=ORIENTED_EDGE('',*,*,#2593,.T.);
#3682=ORIENTED_EDGE('',*,*,#2594,.F.);
#3683=ORIENTED_EDGE('',*,*,#2574,.T.);
#3684=ORIENTED_EDGE('',*,*,#2477,.T.);
#3685=ORIENTED_EDGE('',*,*,#2594,.T.);
#3686=ORIENTED_EDGE('',*,*,#2592,.T.);
#3687=ORIENTED_EDGE('',*,*,#2590,.T.);
#3688=ORIENTED_EDGE('',*,*,#2588,.T.);
#3689=ORIENTED_EDGE('',*,*,#2586,.T.);
#3690=ORIENTED_EDGE('',*,*,#2584,.T.);
#3691=ORIENTED_EDGE('',*,*,#2582,.T.);
#3692=ORIENTED_EDGE('',*,*,#2580,.T.);
#3693=ORIENTED_EDGE('',*,*,#2488,.T.);
#3694=ORIENTED_EDGE('',*,*,#2579,.T.);
#3695=ORIENTED_EDGE('',*,*,#2577,.T.);
#3696=ORIENTED_EDGE('',*,*,#2575,.T.);
#3697=ORIENTED_EDGE('',*,*,#2395,.T.);
#3698=ORIENTED_EDGE('',*,*,#2399,.T.);
#3699=ORIENTED_EDGE('',*,*,#2391,.T.);
#3700=ORIENTED_EDGE('',*,*,#2499,.T.);
#3701=ORIENTED_EDGE('',*,*,#2431,.T.);
#3702=ORIENTED_EDGE('',*,*,#2446,.T.);
#3703=ORIENTED_EDGE('',*,*,#2456,.T.);
#3704=ORIENTED_EDGE('',*,*,#2441,.T.);
#3705=ORIENTED_EDGE('',*,*,#2461,.T.);
#3706=ORIENTED_EDGE('',*,*,#2436,.T.);
#3707=ORIENTED_EDGE('',*,*,#2466,.T.);
#3708=ORIENTED_EDGE('',*,*,#2451,.T.);
#3709=ORIENTED_EDGE('',*,*,#2563,.T.);
#3710=ORIENTED_EDGE('',*,*,#2566,.T.);
#3711=ORIENTED_EDGE('',*,*,#2569,.T.);
#3712=ORIENTED_EDGE('',*,*,#2571,.T.);
#3713=PLANE('',#4109);
#3714=PLANE('',#4110);
#3715=PLANE('',#4111);
#3716=PLANE('',#4112);
#3717=PLANE('',#4113);
#3718=PLANE('',#4114);
#3719=PLANE('',#4115);
#3720=PLANE('',#4117);
#3721=PLANE('',#4118);
#3722=PLANE('',#4120);
#3723=PLANE('',#4122);
#3724=PLANE('',#4124);
#3725=PLANE('',#4132);
#3726=PLANE('',#4133);
#3727=PLANE('',#4154);
#3728=PLANE('',#4155);
#3729=PLANE('',#4161);
#3730=PLANE('',#4162);
#3731=PLANE('',#4168);
#3732=PLANE('',#4169);
#3733=PLANE('',#4170);
#3734=PLANE('',#4171);
#3735=PLANE('',#4173);
#3736=PLANE('',#4175);
#3737=PLANE('',#4182);
#3738=PLANE('',#4188);
#3739=PLANE('',#4189);
#3740=PLANE('',#4192);
#3741=PLANE('',#4194);
#3742=PLANE('',#4196);
#3743=PLANE('',#4199);
#3744=PLANE('',#4203);
#3745=PLANE('',#4212);
#3746=PLANE('',#4213);
#3747=PLANE('',#4214);
#3748=PLANE('',#4215);
#3749=PLANE('',#4216);
#3750=PLANE('',#4217);
#3751=PLANE('',#4218);
#3752=PLANE('',#4219);
#3753=PLANE('',#4220);
#3754=PLANE('',#4224);
#3755=PLANE('',#4230);
#3756=PLANE('',#4231);
#3757=PLANE('',#4237);
#3758=PLANE('',#4238);
#3759=PLANE('',#4241);
#3760=PLANE('',#4244);
#3761=PLANE('',#4245);
#3762=PLANE('',#4248);
#3763=PLANE('',#4251);
#3764=PLANE('',#4254);
#3765=PLANE('',#4257);
#3766=PLANE('',#4260);
#3767=PLANE('',#4263);
#3768=PLANE('',#4264);
#3769=PLANE('',#4267);
#3770=PLANE('',#4268);
#3771=PLANE('',#4269);
#3772=PLANE('',#4270);
#3773=PLANE('',#4273);
#3774=PLANE('',#4276);
#3775=PLANE('',#4277);
#3776=PLANE('',#4278);
#3777=PLANE('',#4279);
#3778=PLANE('',#4280);
#3779=PLANE('',#4281);
#3780=PLANE('',#4282);
#3781=PLANE('',#4283);
#3782=PLANE('',#4284);
#3783=PLANE('',#4285);
#3784=PLANE('',#4286);
#3785=PLANE('',#4287);
#3786=PLANE('',#4289);
#3787=PLANE('',#4290);
#3788=PLANE('',#4291);
#3789=PLANE('',#4292);
#3790=PLANE('',#4293);
#3791=PLANE('',#4294);
#3792=PLANE('',#4295);
#3793=PLANE('',#4296);
#3794=PLANE('',#4297);
#3795=PLANE('',#4298);
#3796=PLANE('',#4299);
#3797=PLANE('',#4300);
#3798=PLANE('',#4301);
#3799=PLANE('',#4302);
#3800=PLANE('',#4303);
#3801=PLANE('',#4304);
#3802=PLANE('',#4305);
#3803=PLANE('',#4306);
#3804=PLANE('',#4307);
#3805=PLANE('',#4308);
#3806=PLANE('',#4309);
#3807=PLANE('',#4310);
#3808=PLANE('',#4311);
#3809=PLANE('',#4312);
#3810=PLANE('',#4313);
#3811=PLANE('',#4314);
#3812=PLANE('',#4315);
#3813=PLANE('',#4316);
#3814=PLANE('',#4317);
#3815=PLANE('',#4318);
#3816=PLANE('',#4319);
#3817=PLANE('',#4320);
#3818=PLANE('',#4322);
#3819=PLANE('',#4323);
#3820=PLANE('',#4324);
#3821=PLANE('',#4325);
#3822=PLANE('',#4343);
#3823=PLANE('',#4349);
#3824=PLANE('',#4355);
#3825=PLANE('',#4361);
#3826=PLANE('',#4367);
#3827=PLANE('',#4373);
#3828=PLANE('',#4379);
#3829=PLANE('',#4385);
#3830=PLANE('',#4386);
#3831=PLANE('',#4387);
#3832=PLANE('',#4388);
#3833=PLANE('',#4389);
#3834=PLANE('',#4390);
#3835=PLANE('',#4391);
#3836=PLANE('',#4395);
#3837=PLANE('',#4396);
#3838=PLANE('',#4397);
#3839=PLANE('',#4401);
#3840=PLANE('',#4402);
#3841=PLANE('',#4405);
#3842=PLANE('',#4409);
#3843=PLANE('',#4413);
#3844=PLANE('',#4418);
#3845=PLANE('',#4419);
#3846=PLANE('',#4422);
#3847=PLANE('',#4423);
#3848=PLANE('',#4424);
#3849=PLANE('',#4425);
#3850=PLANE('',#4426);
#3851=PLANE('',#4427);
#3852=PLANE('',#4440);
#3853=PLANE('',#4443);
#3854=PLANE('',#4446);
#3855=PLANE('',#4447);
#3856=PLANE('',#4448);
#3857=PLANE('',#4449);
#3858=PLANE('',#4452);
#3859=PLANE('',#4455);
#3860=PLANE('',#4458);
#3861=PLANE('',#4461);
#3862=PLANE('',#4462);
#3863=ADVANCED_FACE('',(#316),#3713,.F.);
#3864=ADVANCED_FACE('',(#317),#3714,.F.);
#3865=ADVANCED_FACE('',(#318),#3715,.T.);
#3866=ADVANCED_FACE('',(#319),#3716,.T.);
#3867=ADVANCED_FACE('',(#320),#3717,.T.);
#3868=ADVANCED_FACE('',(#321),#3718,.F.);
#3869=ADVANCED_FACE('',(#322),#3719,.F.);
#3870=ADVANCED_FACE('',(#323),#3720,.F.);
#3871=ADVANCED_FACE('',(#324),#3721,.F.);
#3872=ADVANCED_FACE('',(#325),#3722,.F.);
#3873=ADVANCED_FACE('',(#326),#3723,.F.);
#3874=ADVANCED_FACE('',(#327),#3724,.F.);
#3875=ADVANCED_FACE('',(#328),#117,.F.);
#3876=ADVANCED_FACE('',(#329),#118,.T.);
#3877=ADVANCED_FACE('',(#330,#39),#3725,.T.);
#3878=ADVANCED_FACE('',(#331,#40,#41,#42,#43,#44,#45,#46,#47,#48,#49,#50,
#51,#52,#53,#54,#55,#56,#57,#58),#3726,.F.);
#3879=ADVANCED_FACE('',(#332),#119,.F.);
#3880=ADVANCED_FACE('',(#333),#120,.T.);
#3881=ADVANCED_FACE('',(#334,#59),#3727,.T.);
#3882=ADVANCED_FACE('',(#335),#3728,.F.);
#3883=ADVANCED_FACE('',(#336),#121,.F.);
#3884=ADVANCED_FACE('',(#337),#122,.T.);
#3885=ADVANCED_FACE('',(#338,#60),#3729,.T.);
#3886=ADVANCED_FACE('',(#339),#3730,.F.);
#3887=ADVANCED_FACE('',(#340),#123,.F.);
#3888=ADVANCED_FACE('',(#341),#124,.T.);
#3889=ADVANCED_FACE('',(#342,#61),#3731,.T.);
#3890=ADVANCED_FACE('',(#343),#3732,.F.);
#3891=ADVANCED_FACE('',(#344),#3733,.T.);
#3892=ADVANCED_FACE('',(#345),#3734,.F.);
#3893=ADVANCED_FACE('',(#346),#3735,.T.);
#3894=ADVANCED_FACE('',(#347),#3736,.T.);
#3895=ADVANCED_FACE('',(#348),#125,.T.);
#3896=ADVANCED_FACE('',(#349),#126,.T.);
#3897=ADVANCED_FACE('',(#350),#127,.T.);
#3898=ADVANCED_FACE('',(#351,#62,#63,#64,#65,#66,#67,#68,#69,#70,#71,#72,
#73),#3737,.T.);
#3899=ADVANCED_FACE('',(#352),#3738,.F.);
#3900=ADVANCED_FACE('',(#353),#3739,.F.);
#3901=ADVANCED_FACE('',(#354),#128,.T.);
#3902=ADVANCED_FACE('',(#355),#3740,.F.);
#3903=ADVANCED_FACE('',(#356),#129,.T.);
#3904=ADVANCED_FACE('',(#357),#3741,.T.);
#3905=ADVANCED_FACE('',(#358),#130,.T.);
#3906=ADVANCED_FACE('',(#359),#3742,.T.);
#3907=ADVANCED_FACE('',(#360),#131,.T.);
#3908=ADVANCED_FACE('',(#361),#132,.T.);
#3909=ADVANCED_FACE('',(#362),#3743,.T.);
#3910=ADVANCED_FACE('',(#363),#133,.F.);
#3911=ADVANCED_FACE('',(#364),#3744,.T.);
#3912=ADVANCED_FACE('',(#365),#35,.T.);
#3913=ADVANCED_FACE('',(#366),#36,.T.);
#3914=ADVANCED_FACE('',(#367),#37,.T.);
#3915=ADVANCED_FACE('',(#368),#38,.T.);
#3916=ADVANCED_FACE('',(#369),#3745,.T.);
#3917=ADVANCED_FACE('',(#370),#3746,.T.);
#3918=ADVANCED_FACE('',(#371),#3747,.T.);
#3919=ADVANCED_FACE('',(#372),#3748,.T.);
#3920=ADVANCED_FACE('',(#373,#74),#3749,.T.);
#3921=ADVANCED_FACE('',(#374),#3750,.T.);
#3922=ADVANCED_FACE('',(#375),#3751,.T.);
#3923=ADVANCED_FACE('',(#376),#3752,.T.);
#3924=ADVANCED_FACE('',(#377),#3753,.T.);
#3925=ADVANCED_FACE('',(#378),#134,.F.);
#3926=ADVANCED_FACE('',(#379,#75),#3754,.T.);
#3927=ADVANCED_FACE('',(#380),#135,.F.);
#3928=ADVANCED_FACE('',(#381),#136,.T.);
#3929=ADVANCED_FACE('',(#382,#76),#3755,.T.);
#3930=ADVANCED_FACE('',(#383),#3756,.F.);
#3931=ADVANCED_FACE('',(#384),#137,.F.);
#3932=ADVANCED_FACE('',(#385),#138,.T.);
#3933=ADVANCED_FACE('',(#386,#77),#3757,.T.);
#3934=ADVANCED_FACE('',(#387),#3758,.F.);
#3935=ADVANCED_FACE('',(#388),#139,.F.);
#3936=ADVANCED_FACE('',(#389),#3759,.T.);
#3937=ADVANCED_FACE('',(#390),#140,.T.);
#3938=ADVANCED_FACE('',(#391,#78),#3760,.T.);
#3939=ADVANCED_FACE('',(#392),#3761,.F.);
#3940=ADVANCED_FACE('',(#393),#141,.F.);
#3941=ADVANCED_FACE('',(#394),#3762,.T.);
#3942=ADVANCED_FACE('',(#395),#142,.T.);
#3943=ADVANCED_FACE('',(#396,#79),#3763,.T.);
#3944=ADVANCED_FACE('',(#397),#143,.F.);
#3945=ADVANCED_FACE('',(#398),#3764,.T.);
#3946=ADVANCED_FACE('',(#399),#144,.T.);
#3947=ADVANCED_FACE('',(#400,#80),#3765,.T.);
#3948=ADVANCED_FACE('',(#401),#145,.F.);
#3949=ADVANCED_FACE('',(#402),#3766,.T.);
#3950=ADVANCED_FACE('',(#403),#146,.T.);
#3951=ADVANCED_FACE('',(#404,#81),#3767,.T.);
#3952=ADVANCED_FACE('',(#405,#82),#3768,.F.);
#3953=ADVANCED_FACE('',(#406),#3769,.T.);
#3954=ADVANCED_FACE('',(#407),#3770,.T.);
#3955=ADVANCED_FACE('',(#408),#3771,.T.);
#3956=ADVANCED_FACE('',(#409),#3772,.F.);
#3957=ADVANCED_FACE('',(#410),#147,.F.);
#3958=ADVANCED_FACE('',(#411,#83),#3773,.T.);
#3959=ADVANCED_FACE('',(#412),#148,.T.);
#3960=ADVANCED_FACE('',(#413),#3774,.T.);
#3961=ADVANCED_FACE('',(#414),#3775,.T.);
#3962=ADVANCED_FACE('',(#415),#3776,.T.);
#3963=ADVANCED_FACE('',(#416),#3777,.T.);
#3964=ADVANCED_FACE('',(#417),#3778,.T.);
#3965=ADVANCED_FACE('',(#418),#3779,.T.);
#3966=ADVANCED_FACE('',(#419),#3780,.T.);
#3967=ADVANCED_FACE('',(#420),#3781,.T.);
#3968=ADVANCED_FACE('',(#421),#3782,.T.);
#3969=ADVANCED_FACE('',(#422),#3783,.T.);
#3970=ADVANCED_FACE('',(#423),#3784,.T.);
#3971=ADVANCED_FACE('',(#424),#3785,.T.);
#3972=ADVANCED_FACE('',(#425),#149,.F.);
#3973=ADVANCED_FACE('',(#426),#3786,.T.);
#3974=ADVANCED_FACE('',(#427),#3787,.T.);
#3975=ADVANCED_FACE('',(#428),#3788,.T.);
#3976=ADVANCED_FACE('',(#429),#3789,.T.);
#3977=ADVANCED_FACE('',(#430),#3790,.T.);
#3978=ADVANCED_FACE('',(#431),#3791,.T.);
#3979=ADVANCED_FACE('',(#432),#3792,.T.);
#3980=ADVANCED_FACE('',(#433),#3793,.T.);
#3981=ADVANCED_FACE('',(#434),#3794,.T.);
#3982=ADVANCED_FACE('',(#435),#3795,.T.);
#3983=ADVANCED_FACE('',(#436),#3796,.T.);
#3984=ADVANCED_FACE('',(#437),#3797,.T.);
#3985=ADVANCED_FACE('',(#438),#3798,.T.);
#3986=ADVANCED_FACE('',(#439),#3799,.T.);
#3987=ADVANCED_FACE('',(#440),#3800,.T.);
#3988=ADVANCED_FACE('',(#441),#3801,.T.);
#3989=ADVANCED_FACE('',(#442),#3802,.T.);
#3990=ADVANCED_FACE('',(#443),#3803,.T.);
#3991=ADVANCED_FACE('',(#444),#3804,.T.);
#3992=ADVANCED_FACE('',(#445),#3805,.T.);
#3993=ADVANCED_FACE('',(#446),#3806,.T.);
#3994=ADVANCED_FACE('',(#447),#3807,.T.);
#3995=ADVANCED_FACE('',(#448),#3808,.T.);
#3996=ADVANCED_FACE('',(#449),#3809,.T.);
#3997=ADVANCED_FACE('',(#450),#3810,.T.);
#3998=ADVANCED_FACE('',(#451),#3811,.T.);
#3999=ADVANCED_FACE('',(#452),#3812,.T.);
#4000=ADVANCED_FACE('',(#453),#3813,.T.);
#4001=ADVANCED_FACE('',(#454),#3814,.T.);
#4002=ADVANCED_FACE('',(#455),#3815,.T.);
#4003=ADVANCED_FACE('',(#456),#3816,.T.);
#4004=ADVANCED_FACE('',(#457),#3817,.T.);
#4005=ADVANCED_FACE('',(#458),#3818,.F.);
#4006=ADVANCED_FACE('',(#459),#3819,.F.);
#4007=ADVANCED_FACE('',(#460),#3820,.F.);
#4008=ADVANCED_FACE('',(#461,#84,#85,#86,#87,#88,#89,#90,#91),#3821,.F.);
#4009=ADVANCED_FACE('',(#462),#150,.F.);
#4010=ADVANCED_FACE('',(#463),#151,.T.);
#4011=ADVANCED_FACE('',(#464,#92),#3822,.T.);
#4012=ADVANCED_FACE('',(#465),#152,.F.);
#4013=ADVANCED_FACE('',(#466),#153,.T.);
#4014=ADVANCED_FACE('',(#467,#93),#3823,.T.);
#4015=ADVANCED_FACE('',(#468),#154,.F.);
#4016=ADVANCED_FACE('',(#469),#155,.T.);
#4017=ADVANCED_FACE('',(#470,#94),#3824,.T.);
#4018=ADVANCED_FACE('',(#471),#156,.F.);
#4019=ADVANCED_FACE('',(#472),#157,.T.);
#4020=ADVANCED_FACE('',(#473,#95),#3825,.T.);
#4021=ADVANCED_FACE('',(#474),#158,.F.);
#4022=ADVANCED_FACE('',(#475),#159,.T.);
#4023=ADVANCED_FACE('',(#476,#96),#3826,.T.);
#4024=ADVANCED_FACE('',(#477),#160,.F.);
#4025=ADVANCED_FACE('',(#478),#161,.T.);
#4026=ADVANCED_FACE('',(#479,#97),#3827,.T.);
#4027=ADVANCED_FACE('',(#480),#162,.F.);
#4028=ADVANCED_FACE('',(#481),#163,.T.);
#4029=ADVANCED_FACE('',(#482,#98),#3828,.T.);
#4030=ADVANCED_FACE('',(#483),#164,.F.);
#4031=ADVANCED_FACE('',(#484),#165,.T.);
#4032=ADVANCED_FACE('',(#485,#99),#3829,.T.);
#4033=ADVANCED_FACE('',(#486),#3830,.F.);
#4034=ADVANCED_FACE('',(#487),#3831,.F.);
#4035=ADVANCED_FACE('',(#488),#3832,.F.);
#4036=ADVANCED_FACE('',(#489),#3833,.T.);
#4037=ADVANCED_FACE('',(#490),#3834,.T.);
#4038=ADVANCED_FACE('',(#491,#100),#3835,.F.);
#4039=ADVANCED_FACE('',(#492),#3836,.T.);
#4040=ADVANCED_FACE('',(#493),#3837,.T.);
#4041=ADVANCED_FACE('',(#494),#3838,.T.);
#4042=ADVANCED_FACE('',(#495),#166,.F.);
#4043=ADVANCED_FACE('',(#496),#3839,.T.);
#4044=ADVANCED_FACE('',(#497),#3840,.T.);
#4045=ADVANCED_FACE('',(#498),#167,.F.);
#4046=ADVANCED_FACE('',(#499),#3841,.T.);
#4047=ADVANCED_FACE('',(#500),#168,.F.);
#4048=ADVANCED_FACE('',(#501),#3842,.T.);
#4049=ADVANCED_FACE('',(#502),#169,.F.);
#4050=ADVANCED_FACE('',(#503),#3843,.T.);
#4051=ADVANCED_FACE('',(#504),#3844,.T.);
#4052=ADVANCED_FACE('',(#505),#3845,.T.);
#4053=ADVANCED_FACE('',(#506),#170,.T.);
#4054=ADVANCED_FACE('',(#507),#3846,.T.);
#4055=ADVANCED_FACE('',(#508),#3847,.T.);
#4056=ADVANCED_FACE('',(#509),#3848,.T.);
#4057=ADVANCED_FACE('',(#510),#3849,.T.);
#4058=ADVANCED_FACE('',(#511),#3850,.T.);
#4059=ADVANCED_FACE('',(#512),#3851,.T.);
#4060=ADVANCED_FACE('',(#513),#171,.F.);
#4061=ADVANCED_FACE('',(#514),#172,.F.);
#4062=ADVANCED_FACE('',(#515),#173,.F.);
#4063=ADVANCED_FACE('',(#516),#174,.F.);
#4064=ADVANCED_FACE('',(#517),#175,.T.);
#4065=ADVANCED_FACE('',(#518,#101),#3852,.F.);
#4066=ADVANCED_FACE('',(#519),#176,.T.);
#4067=ADVANCED_FACE('',(#520,#102),#3853,.F.);
#4068=ADVANCED_FACE('',(#521),#177,.T.);
#4069=ADVANCED_FACE('',(#522,#103),#3854,.F.);
#4070=ADVANCED_FACE('',(#523),#3855,.T.);
#4071=ADVANCED_FACE('',(#524),#3856,.T.);
#4072=ADVANCED_FACE('',(#525),#3857,.T.);
#4073=ADVANCED_FACE('',(#526),#178,.T.);
#4074=ADVANCED_FACE('',(#527),#3858,.T.);
#4075=ADVANCED_FACE('',(#528),#179,.T.);
#4076=ADVANCED_FACE('',(#529),#3859,.T.);
#4077=ADVANCED_FACE('',(#530),#180,.T.);
#4078=ADVANCED_FACE('',(#531),#3860,.T.);
#4079=ADVANCED_FACE('',(#532),#181,.T.);
#4080=ADVANCED_FACE('',(#533),#3861,.T.);
#4081=ADVANCED_FACE('',(#534,#104,#105,#106,#107,#108,#109,#110,#111,#112,
#113,#114,#115,#116),#3862,.T.);
#4082=CLOSED_SHELL('',(#3863,#3864,#3865,#3866,#3867,#3868,#3869,#3870,
#3871,#3872,#3873,#3874,#3875,#3876,#3877,#3878,#3879,#3880,#3881,#3882,
#3883,#3884,#3885,#3886,#3887,#3888,#3889,#3890,#3891,#3892,#3893,#3894,
#3895,#3896,#3897,#3898,#3899,#3900,#3901,#3902,#3903,#3904,#3905,#3906,
#3907,#3908,#3909,#3910,#3911,#3912,#3913,#3914,#3915,#3916,#3917,#3918,
#3919,#3920,#3921,#3922,#3923,#3924,#3925,#3926,#3927,#3928,#3929,#3930,
#3931,#3932,#3933,#3934,#3935,#3936,#3937,#3938,#3939,#3940,#3941,#3942,
#3943,#3944,#3945,#3946,#3947,#3948,#3949,#3950,#3951,#3952,#3953,#3954,
#3955,#3956,#3957,#3958,#3959,#3960,#3961,#3962,#3963,#3964,#3965,#3966,
#3967,#3968,#3969,#3970,#3971,#3972,#3973,#3974,#3975,#3976,#3977,#3978,
#3979,#3980,#3981,#3982,#3983,#3984,#3985,#3986,#3987,#3988,#3989,#3990,
#3991,#3992,#3993,#3994,#3995,#3996,#3997,#3998,#3999,#4000,#4001,#4002,
#4003,#4004));
#4083=CLOSED_SHELL('',(#4005,#4006,#4007,#4008,#4009,#4010,#4011,#4012,
#4013,#4014,#4015,#4016,#4017,#4018,#4019,#4020,#4021,#4022,#4023,#4024,
#4025,#4026,#4027,#4028,#4029,#4030,#4031,#4032,#4033,#4034,#4035,#4036,
#4037,#4038,#4039,#4040,#4041,#4042,#4043,#4044,#4045,#4046,#4047,#4048,
#4049,#4050,#4051,#4052,#4053,#4054,#4055,#4056,#4057,#4058,#4059,#4060,
#4061,#4062,#4063,#4064,#4065,#4066,#4067,#4068,#4069,#4070,#4071,#4072,
#4073,#4074,#4075,#4076,#4077,#4078,#4079,#4080,#4081));
#4084=DERIVED_UNIT_ELEMENT(#4088,1.);
#4085=DERIVED_UNIT_ELEMENT(#6776,-3.);
#4086=DERIVED_UNIT_ELEMENT(#4088,1.);
#4087=DERIVED_UNIT_ELEMENT(#6776,-3.);
#4088=(
MASS_UNIT()
NAMED_UNIT(*)
SI_UNIT(.KILO.,.GRAM.)
);
#4089=DERIVED_UNIT((#4084,#4085));
#4090=DERIVED_UNIT((#4086,#4087));
#4091=MEASURE_REPRESENTATION_ITEM('density measure',
POSITIVE_RATIO_MEASURE(7850.),#4089);
#4092=MEASURE_REPRESENTATION_ITEM('density measure',
POSITIVE_RATIO_MEASURE(7850.),#4090);
#4093=PROPERTY_DEFINITION_REPRESENTATION(#4103,#4097);
#4094=PROPERTY_DEFINITION_REPRESENTATION(#4104,#4098);
#4095=PROPERTY_DEFINITION_REPRESENTATION(#4105,#4099);
#4096=PROPERTY_DEFINITION_REPRESENTATION(#4106,#4100);
#4097=REPRESENTATION('material name',(#4101),#6772);
#4098=REPRESENTATION('density',(#4091),#6772);
#4099=REPRESENTATION('material name',(#4102),#6773);
#4100=REPRESENTATION('density',(#4092),#6773);
#4101=DESCRIPTIVE_REPRESENTATION_ITEM('Steel','Steel');
#4102=DESCRIPTIVE_REPRESENTATION_ITEM('Steel','Steel');
#4103=PROPERTY_DEFINITION('material property','material name',#6792);
#4104=PROPERTY_DEFINITION('material property','density of part',#6792);
#4105=PROPERTY_DEFINITION('material property','material name',#6793);
#4106=PROPERTY_DEFINITION('material property','density of part',#6793);
#4107=AXIS2_PLACEMENT_3D('',#5598,#4465,#4466);
#4108=AXIS2_PLACEMENT_3D('',#5599,#4467,#4468);
#4109=AXIS2_PLACEMENT_3D('',#5600,#4469,#4470);
#4110=AXIS2_PLACEMENT_3D('',#5617,#4479,#4480);
#4111=AXIS2_PLACEMENT_3D('',#5623,#4484,#4485);
#4112=AXIS2_PLACEMENT_3D('',#5635,#4492,#4493);
#4113=AXIS2_PLACEMENT_3D('',#5639,#4496,#4497);
#4114=AXIS2_PLACEMENT_3D('',#5647,#4502,#4503);
#4115=AXIS2_PLACEMENT_3D('',#5653,#4507,#4508);
#4116=AXIS2_PLACEMENT_3D('',#5661,#4512,#4513);
#4117=AXIS2_PLACEMENT_3D('',#5667,#4517,#4518);
#4118=AXIS2_PLACEMENT_3D('',#5673,#4522,#4523);
#4119=AXIS2_PLACEMENT_3D('',#5675,#4524,#4525);
#4120=AXIS2_PLACEMENT_3D('',#5676,#4526,#4527);
#4121=AXIS2_PLACEMENT_3D('',#5678,#4528,#4529);
#4122=AXIS2_PLACEMENT_3D('',#5679,#4530,#4531);
#4123=AXIS2_PLACEMENT_3D('',#5681,#4532,#4533);
#4124=AXIS2_PLACEMENT_3D('',#5682,#4534,#4535);
#4125=AXIS2_PLACEMENT_3D('',#5684,#4536,#4537);
#4126=AXIS2_PLACEMENT_3D('',#5685,#4538,#4539);
#4127=AXIS2_PLACEMENT_3D('',#5687,#4540,#4541);
#4128=AXIS2_PLACEMENT_3D('',#5690,#4543,#4544);
#4129=AXIS2_PLACEMENT_3D('',#5691,#4545,#4546);
#4130=AXIS2_PLACEMENT_3D('',#5693,#4547,#4548);
#4131=AXIS2_PLACEMENT_3D('',#5696,#4550,#4551);
#4132=AXIS2_PLACEMENT_3D('',#5697,#4552,#4553);
#4133=AXIS2_PLACEMENT_3D('',#5698,#4554,#4555);
#4134=AXIS2_PLACEMENT_3D('',#5702,#4557,#4558);
#4135=AXIS2_PLACEMENT_3D('',#5706,#4560,#4561);
#4136=AXIS2_PLACEMENT_3D('',#5710,#4563,#4564);
#4137=AXIS2_PLACEMENT_3D('',#5714,#4566,#4567);
#4138=AXIS2_PLACEMENT_3D('',#5724,#4573,#4574);
#4139=AXIS2_PLACEMENT_3D('',#5726,#4575,#4576);
#4140=AXIS2_PLACEMENT_3D('',#5728,#4577,#4578);
#4141=AXIS2_PLACEMENT_3D('',#5730,#4579,#4580);
#4142=AXIS2_PLACEMENT_3D('',#5734,#4582,#4583);
#4143=AXIS2_PLACEMENT_3D('',#5738,#4585,#4586);
#4144=AXIS2_PLACEMENT_3D('',#5796,#4615,#4616);
#4145=AXIS2_PLACEMENT_3D('',#5800,#4618,#4619);
#4146=AXIS2_PLACEMENT_3D('',#5804,#4621,#4622);
#4147=AXIS2_PLACEMENT_3D('',#5806,#4623,#4624);
#4148=AXIS2_PLACEMENT_3D('',#5848,#4645,#4646);
#4149=AXIS2_PLACEMENT_3D('',#5849,#4647,#4648);
#4150=AXIS2_PLACEMENT_3D('',#5851,#4649,#4650);
#4151=AXIS2_PLACEMENT_3D('',#5854,#4652,#4653);
#4152=AXIS2_PLACEMENT_3D('',#5855,#4654,#4655);
#4153=AXIS2_PLACEMENT_3D('',#5857,#4656,#4657);
#4154=AXIS2_PLACEMENT_3D('',#5859,#4659,#4660);
#4155=AXIS2_PLACEMENT_3D('',#5860,#4661,#4662);
#4156=AXIS2_PLACEMENT_3D('',#5861,#4663,#4664);
#4157=AXIS2_PLACEMENT_3D('',#5863,#4665,#4666);
#4158=AXIS2_PLACEMENT_3D('',#5866,#4668,#4669);
#4159=AXIS2_PLACEMENT_3D('',#5867,#4670,#4671);
#4160=AXIS2_PLACEMENT_3D('',#5869,#4672,#4673);
#4161=AXIS2_PLACEMENT_3D('',#5871,#4675,#4676);
#4162=AXIS2_PLACEMENT_3D('',#5872,#4677,#4678);
#4163=AXIS2_PLACEMENT_3D('',#5873,#4679,#4680);
#4164=AXIS2_PLACEMENT_3D('',#5875,#4681,#4682);
#4165=AXIS2_PLACEMENT_3D('',#5878,#4684,#4685);
#4166=AXIS2_PLACEMENT_3D('',#5879,#4686,#4687);
#4167=AXIS2_PLACEMENT_3D('',#5881,#4688,#4689);
#4168=AXIS2_PLACEMENT_3D('',#5883,#4691,#4692);
#4169=AXIS2_PLACEMENT_3D('',#5884,#4693,#4694);
#4170=AXIS2_PLACEMENT_3D('',#5885,#4695,#4696);
#4171=AXIS2_PLACEMENT_3D('',#5890,#4700,#4701);
#4172=AXIS2_PLACEMENT_3D('',#5896,#4704,#4705);
#4173=AXIS2_PLACEMENT_3D('',#5898,#4707,#4708);
#4174=AXIS2_PLACEMENT_3D('',#5900,#4709,#4710);
#4175=AXIS2_PLACEMENT_3D('',#5904,#4713,#4714);
#4176=AXIS2_PLACEMENT_3D('',#5909,#4717,#4718);
#4177=AXIS2_PLACEMENT_3D('',#5910,#4719,#4720);
#4178=AXIS2_PLACEMENT_3D('',#5913,#4722,#4723);
#4179=AXIS2_PLACEMENT_3D('',#5914,#4724,#4725);
#4180=AXIS2_PLACEMENT_3D('',#5917,#4727,#4728);
#4181=AXIS2_PLACEMENT_3D('',#5919,#4730,#4731);
#4182=AXIS2_PLACEMENT_3D('',#5921,#4733,#4734);
#4183=AXIS2_PLACEMENT_3D('',#5923,#4735,#4736);
#4184=AXIS2_PLACEMENT_3D('',#5927,#4738,#4739);
#4185=AXIS2_PLACEMENT_3D('',#5931,#4741,#4742);
#4186=AXIS2_PLACEMENT_3D('',#5934,#4744,#4745);
#4187=AXIS2_PLACEMENT_3D('',#5960,#4758,#4759);
#4188=AXIS2_PLACEMENT_3D('',#6025,#4792,#4793);
#4189=AXIS2_PLACEMENT_3D('',#6027,#4795,#4796);
#4190=AXIS2_PLACEMENT_3D('',#6032,#4800,#4801);
#4191=AXIS2_PLACEMENT_3D('',#6033,#4802,#4803);
#4192=AXIS2_PLACEMENT_3D('',#6034,#4804,#4805);
#4193=AXIS2_PLACEMENT_3D('',#6035,#4806,#4807);
#4194=AXIS2_PLACEMENT_3D('',#6038,#4810,#4811);
#4195=AXIS2_PLACEMENT_3D('',#6040,#4813,#4814);
#4196=AXIS2_PLACEMENT_3D('',#6042,#4816,#4817);
#4197=AXIS2_PLACEMENT_3D('',#6044,#4819,#4820);
#4198=AXIS2_PLACEMENT_3D('',#6045,#4821,#4822);
#4199=AXIS2_PLACEMENT_3D('',#6047,#4824,#4825);
#4200=AXIS2_PLACEMENT_3D('',#6048,#4826,#4827);
#4201=AXIS2_PLACEMENT_3D('',#6050,#4828,#4829);
#4202=AXIS2_PLACEMENT_3D('',#6053,#4831,#4832);
#4203=AXIS2_PLACEMENT_3D('',#6054,#4833,#4834);
#4204=AXIS2_PLACEMENT_3D('',#6055,#4835,#4836);
#4205=AXIS2_PLACEMENT_3D('',#6065,#4837,#4838);
#4206=AXIS2_PLACEMENT_3D('',#6066,#4839,#4840);
#4207=AXIS2_PLACEMENT_3D('',#6073,#4841,#4842);
#4208=AXIS2_PLACEMENT_3D('',#6077,#4843,#4844);
#4209=AXIS2_PLACEMENT_3D('',#6084,#4845,#4846);
#4210=AXIS2_PLACEMENT_3D('',#6088,#4847,#4848);
#4211=AXIS2_PLACEMENT_3D('',#6098,#4849,#4850);
#4212=AXIS2_PLACEMENT_3D('',#6099,#4851,#4852);
#4213=AXIS2_PLACEMENT_3D('',#6105,#4857,#4858);
#4214=AXIS2_PLACEMENT_3D('',#6110,#4862,#4863);
#4215=AXIS2_PLACEMENT_3D('',#6116,#4868,#4869);
#4216=AXIS2_PLACEMENT_3D('',#6121,#4873,#4874);
#4217=AXIS2_PLACEMENT_3D('',#6134,#4883,#4884);
#4218=AXIS2_PLACEMENT_3D('',#6136,#4886,#4887);
#4219=AXIS2_PLACEMENT_3D('',#6137,#4888,#4889);
#4220=AXIS2_PLACEMENT_3D('',#6139,#4891,#4892);
#4221=AXIS2_PLACEMENT_3D('',#6142,#4895,#4896);
#4222=AXIS2_PLACEMENT_3D('',#6144,#4897,#4898);
#4223=AXIS2_PLACEMENT_3D('',#6147,#4900,#4901);
#4224=AXIS2_PLACEMENT_3D('',#6148,#4902,#4903);
#4225=AXIS2_PLACEMENT_3D('',#6149,#4904,#4905);
#4226=AXIS2_PLACEMENT_3D('',#6151,#4906,#4907);
#4227=AXIS2_PLACEMENT_3D('',#6154,#4909,#4910);
#4228=AXIS2_PLACEMENT_3D('',#6155,#4911,#4912);
#4229=AXIS2_PLACEMENT_3D('',#6157,#4913,#4914);
#4230=AXIS2_PLACEMENT_3D('',#6159,#4916,#4917);
#4231=AXIS2_PLACEMENT_3D('',#6160,#4918,#4919);
#4232=AXIS2_PLACEMENT_3D('',#6161,#4920,#4921);
#4233=AXIS2_PLACEMENT_3D('',#6163,#4922,#4923);
#4234=AXIS2_PLACEMENT_3D('',#6166,#4925,#4926);
#4235=AXIS2_PLACEMENT_3D('',#6167,#4927,#4928);
#4236=AXIS2_PLACEMENT_3D('',#6169,#4929,#4930);
#4237=AXIS2_PLACEMENT_3D('',#6171,#4932,#4933);
#4238=AXIS2_PLACEMENT_3D('',#6172,#4934,#4935);
#4239=AXIS2_PLACEMENT_3D('',#6173,#4936,#4937);
#4240=AXIS2_PLACEMENT_3D('',#6175,#4938,#4939);
#4241=AXIS2_PLACEMENT_3D('',#6177,#4941,#4942);
#4242=AXIS2_PLACEMENT_3D('',#6183,#4946,#4947);
#4243=AXIS2_PLACEMENT_3D('',#6184,#4948,#4949);
#4244=AXIS2_PLACEMENT_3D('',#6185,#4950,#4951);
#4245=AXIS2_PLACEMENT_3D('',#6186,#4952,#4953);
#4246=AXIS2_PLACEMENT_3D('',#6187,#4954,#4955);
#4247=AXIS2_PLACEMENT_3D('',#6189,#4956,#4957);
#4248=AXIS2_PLACEMENT_3D('',#6191,#4959,#4960);
#4249=AXIS2_PLACEMENT_3D('',#6197,#4964,#4965);
#4250=AXIS2_PLACEMENT_3D('',#6198,#4966,#4967);
#4251=AXIS2_PLACEMENT_3D('',#6199,#4968,#4969);
#4252=AXIS2_PLACEMENT_3D('',#6200,#4970,#4971);
#4253=AXIS2_PLACEMENT_3D('',#6202,#4972,#4973);
#4254=AXIS2_PLACEMENT_3D('',#6204,#4975,#4976);
#4255=AXIS2_PLACEMENT_3D('',#6210,#4980,#4981);
#4256=AXIS2_PLACEMENT_3D('',#6211,#4982,#4983);
#4257=AXIS2_PLACEMENT_3D('',#6212,#4984,#4985);
#4258=AXIS2_PLACEMENT_3D('',#6213,#4986,#4987);
#4259=AXIS2_PLACEMENT_3D('',#6215,#4988,#4989);
#4260=AXIS2_PLACEMENT_3D('',#6217,#4991,#4992);
#4261=AXIS2_PLACEMENT_3D('',#6223,#4996,#4997);
#4262=AXIS2_PLACEMENT_3D('',#6224,#4998,#4999);
#4263=AXIS2_PLACEMENT_3D('',#6225,#5000,#5001);
#4264=AXIS2_PLACEMENT_3D('',#6226,#5002,#5003);
#4265=AXIS2_PLACEMENT_3D('',#6228,#5004,#5005);
#4266=AXIS2_PLACEMENT_3D('',#6230,#5006,#5007);
#4267=AXIS2_PLACEMENT_3D('',#6231,#5008,#5009);
#4268=AXIS2_PLACEMENT_3D('',#6235,#5012,#5013);
#4269=AXIS2_PLACEMENT_3D('',#6239,#5016,#5017);
#4270=AXIS2_PLACEMENT_3D('',#6241,#5019,#5020);
#4271=AXIS2_PLACEMENT_3D('',#6242,#5021,#5022);
#4272=AXIS2_PLACEMENT_3D('',#6244,#5023,#5024);
#4273=AXIS2_PLACEMENT_3D('',#6246,#5026,#5027);
#4274=AXIS2_PLACEMENT_3D('',#6248,#5028,#5029);
#4275=AXIS2_PLACEMENT_3D('',#6249,#5030,#5031);
#4276=AXIS2_PLACEMENT_3D('',#6251,#5033,#5034);
#4277=AXIS2_PLACEMENT_3D('',#6254,#5037,#5038);
#4278=AXIS2_PLACEMENT_3D('',#6256,#5040,#5041);
#4279=AXIS2_PLACEMENT_3D('',#6258,#5043,#5044);
#4280=AXIS2_PLACEMENT_3D('',#6259,#5045,#5046);
#4281=AXIS2_PLACEMENT_3D('',#6262,#5049,#5050);
#4282=AXIS2_PLACEMENT_3D('',#6264,#5052,#5053);
#4283=AXIS2_PLACEMENT_3D('',#6266,#5055,#5056);
#4284=AXIS2_PLACEMENT_3D('',#6267,#5057,#5058);
#4285=AXIS2_PLACEMENT_3D('',#6270,#5061,#5062);
#4286=AXIS2_PLACEMENT_3D('',#6272,#5064,#5065);
#4287=AXIS2_PLACEMENT_3D('',#6274,#5067,#5068);
#4288=AXIS2_PLACEMENT_3D('',#6275,#5069,#5070);
#4289=AXIS2_PLACEMENT_3D('',#6277,#5072,#5073);
#4290=AXIS2_PLACEMENT_3D('',#6280,#5076,#5077);
#4291=AXIS2_PLACEMENT_3D('',#6282,#5079,#5080);
#4292=AXIS2_PLACEMENT_3D('',#6284,#5082,#5083);
#4293=AXIS2_PLACEMENT_3D('',#6285,#5084,#5085);
#4294=AXIS2_PLACEMENT_3D('',#6288,#5088,#5089);
#4295=AXIS2_PLACEMENT_3D('',#6290,#5091,#5092);
#4296=AXIS2_PLACEMENT_3D('',#6292,#5094,#5095);
#4297=AXIS2_PLACEMENT_3D('',#6293,#5096,#5097);
#4298=AXIS2_PLACEMENT_3D('',#6295,#5099,#5100);
#4299=AXIS2_PLACEMENT_3D('',#6296,#5101,#5102);
#4300=AXIS2_PLACEMENT_3D('',#6299,#5105,#5106);
#4301=AXIS2_PLACEMENT_3D('',#6301,#5108,#5109);
#4302=AXIS2_PLACEMENT_3D('',#6303,#5111,#5112);
#4303=AXIS2_PLACEMENT_3D('',#6304,#5113,#5114);
#4304=AXIS2_PLACEMENT_3D('',#6306,#5116,#5117);
#4305=AXIS2_PLACEMENT_3D('',#6307,#5118,#5119);
#4306=AXIS2_PLACEMENT_3D('',#6310,#5122,#5123);
#4307=AXIS2_PLACEMENT_3D('',#6312,#5125,#5126);
#4308=AXIS2_PLACEMENT_3D('',#6314,#5128,#5129);
#4309=AXIS2_PLACEMENT_3D('',#6315,#5130,#5131);
#4310=AXIS2_PLACEMENT_3D('',#6318,#5134,#5135);
#4311=AXIS2_PLACEMENT_3D('',#6320,#5137,#5138);
#4312=AXIS2_PLACEMENT_3D('',#6322,#5140,#5141);
#4313=AXIS2_PLACEMENT_3D('',#6323,#5142,#5143);
#4314=AXIS2_PLACEMENT_3D('',#6329,#5147,#5148);
#4315=AXIS2_PLACEMENT_3D('',#6333,#5151,#5152);
#4316=AXIS2_PLACEMENT_3D('',#6337,#5155,#5156);
#4317=AXIS2_PLACEMENT_3D('',#6339,#5158,#5159);
#4318=AXIS2_PLACEMENT_3D('',#6342,#5162,#5163);
#4319=AXIS2_PLACEMENT_3D('',#6344,#5165,#5166);
#4320=AXIS2_PLACEMENT_3D('',#6346,#5168,#5169);
#4321=AXIS2_PLACEMENT_3D('',#6347,#5170,#5171);
#4322=AXIS2_PLACEMENT_3D('',#6348,#5172,#5173);
#4323=AXIS2_PLACEMENT_3D('',#6357,#5178,#5179);
#4324=AXIS2_PLACEMENT_3D('',#6366,#5184,#5185);
#4325=AXIS2_PLACEMENT_3D('',#6369,#5188,#5189);
#4326=AXIS2_PLACEMENT_3D('',#6375,#5192,#5193);
#4327=AXIS2_PLACEMENT_3D('',#6383,#5197,#5198);
#4328=AXIS2_PLACEMENT_3D('',#6391,#5202,#5203);
#4329=AXIS2_PLACEMENT_3D('',#6399,#5207,#5208);
#4330=AXIS2_PLACEMENT_3D('',#6410,#5214,#5215);
#4331=AXIS2_PLACEMENT_3D('',#6412,#5216,#5217);
#4332=AXIS2_PLACEMENT_3D('',#6414,#5218,#5219);
#4333=AXIS2_PLACEMENT_3D('',#6416,#5220,#5221);
#4334=AXIS2_PLACEMENT_3D('',#6418,#5222,#5223);
#4335=AXIS2_PLACEMENT_3D('',#6420,#5224,#5225);
#4336=AXIS2_PLACEMENT_3D('',#6422,#5226,#5227);
#4337=AXIS2_PLACEMENT_3D('',#6424,#5228,#5229);
#4338=AXIS2_PLACEMENT_3D('',#6425,#5230,#5231);
#4339=AXIS2_PLACEMENT_3D('',#6427,#5232,#5233);
#4340=AXIS2_PLACEMENT_3D('',#6430,#5235,#5236);
#4341=AXIS2_PLACEMENT_3D('',#6431,#5237,#5238);
#4342=AXIS2_PLACEMENT_3D('',#6433,#5239,#5240);
#4343=AXIS2_PLACEMENT_3D('',#6435,#5242,#5243);
#4344=AXIS2_PLACEMENT_3D('',#6436,#5244,#5245);
#4345=AXIS2_PLACEMENT_3D('',#6438,#5246,#5247);
#4346=AXIS2_PLACEMENT_3D('',#6441,#5249,#5250);
#4347=AXIS2_PLACEMENT_3D('',#6442,#5251,#5252);
#4348=AXIS2_PLACEMENT_3D('',#6444,#5253,#5254);
#4349=AXIS2_PLACEMENT_3D('',#6446,#5256,#5257);
#4350=AXIS2_PLACEMENT_3D('',#6447,#5258,#5259);
#4351=AXIS2_PLACEMENT_3D('',#6449,#5260,#5261);
#4352=AXIS2_PLACEMENT_3D('',#6452,#5263,#5264);
#4353=AXIS2_PLACEMENT_3D('',#6453,#5265,#5266);
#4354=AXIS2_PLACEMENT_3D('',#6455,#5267,#5268);
#4355=AXIS2_PLACEMENT_3D('',#6457,#5270,#5271);
#4356=AXIS2_PLACEMENT_3D('',#6458,#5272,#5273);
#4357=AXIS2_PLACEMENT_3D('',#6460,#5274,#5275);
#4358=AXIS2_PLACEMENT_3D('',#6463,#5277,#5278);
#4359=AXIS2_PLACEMENT_3D('',#6464,#5279,#5280);
#4360=AXIS2_PLACEMENT_3D('',#6466,#5281,#5282);
#4361=AXIS2_PLACEMENT_3D('',#6468,#5284,#5285);
#4362=AXIS2_PLACEMENT_3D('',#6469,#5286,#5287);
#4363=AXIS2_PLACEMENT_3D('',#6471,#5288,#5289);
#4364=AXIS2_PLACEMENT_3D('',#6474,#5291,#5292);
#4365=AXIS2_PLACEMENT_3D('',#6475,#5293,#5294);
#4366=AXIS2_PLACEMENT_3D('',#6477,#5295,#5296);
#4367=AXIS2_PLACEMENT_3D('',#6479,#5298,#5299);
#4368=AXIS2_PLACEMENT_3D('',#6480,#5300,#5301);
#4369=AXIS2_PLACEMENT_3D('',#6482,#5302,#5303);
#4370=AXIS2_PLACEMENT_3D('',#6485,#5305,#5306);
#4371=AXIS2_PLACEMENT_3D('',#6486,#5307,#5308);
#4372=AXIS2_PLACEMENT_3D('',#6488,#5309,#5310);
#4373=AXIS2_PLACEMENT_3D('',#6490,#5312,#5313);
#4374=AXIS2_PLACEMENT_3D('',#6491,#5314,#5315);
#4375=AXIS2_PLACEMENT_3D('',#6493,#5316,#5317);
#4376=AXIS2_PLACEMENT_3D('',#6496,#5319,#5320);
#4377=AXIS2_PLACEMENT_3D('',#6497,#5321,#5322);
#4378=AXIS2_PLACEMENT_3D('',#6499,#5323,#5324);
#4379=AXIS2_PLACEMENT_3D('',#6501,#5326,#5327);
#4380=AXIS2_PLACEMENT_3D('',#6502,#5328,#5329);
#4381=AXIS2_PLACEMENT_3D('',#6504,#5330,#5331);
#4382=AXIS2_PLACEMENT_3D('',#6507,#5333,#5334);
#4383=AXIS2_PLACEMENT_3D('',#6508,#5335,#5336);
#4384=AXIS2_PLACEMENT_3D('',#6510,#5337,#5338);
#4385=AXIS2_PLACEMENT_3D('',#6512,#5340,#5341);
#4386=AXIS2_PLACEMENT_3D('',#6513,#5342,#5343);
#4387=AXIS2_PLACEMENT_3D('',#6522,#5348,#5349);
#4388=AXIS2_PLACEMENT_3D('',#6536,#5357,#5358);
#4389=AXIS2_PLACEMENT_3D('',#6542,#5362,#5363);
#4390=AXIS2_PLACEMENT_3D('',#6549,#5368,#5369);
#4391=AXIS2_PLACEMENT_3D('',#6557,#5374,#5375);
#4392=AXIS2_PLACEMENT_3D('',#6564,#5378,#5379);
#4393=AXIS2_PLACEMENT_3D('',#6569,#5382,#5383);
#4394=AXIS2_PLACEMENT_3D('',#6571,#5384,#5385);
#4395=AXIS2_PLACEMENT_3D('',#6572,#5386,#5387);
#4396=AXIS2_PLACEMENT_3D('',#6580,#5393,#5394);
#4397=AXIS2_PLACEMENT_3D('',#6588,#5399,#5400);
#4398=AXIS2_PLACEMENT_3D('',#6594,#5404,#5405);
#4399=AXIS2_PLACEMENT_3D('',#6596,#5406,#5407);
#4400=AXIS2_PLACEMENT_3D('',#6599,#5409,#5410);
#4401=AXIS2_PLACEMENT_3D('',#6600,#5411,#5412);
#4402=AXIS2_PLACEMENT_3D('',#6611,#5419,#5420);
#4403=AXIS2_PLACEMENT_3D('',#6613,#5422,#5423);
#4404=AXIS2_PLACEMENT_3D('',#6615,#5424,#5425);
#4405=AXIS2_PLACEMENT_3D('',#6617,#5427,#5428);
#4406=AXIS2_PLACEMENT_3D('',#6626,#5434,#5435);
#4407=AXIS2_PLACEMENT_3D('',#6628,#5436,#5437);
#4408=AXIS2_PLACEMENT_3D('',#6630,#5438,#5439);
#4409=AXIS2_PLACEMENT_3D('',#6632,#5441,#5442);
#4410=AXIS2_PLACEMENT_3D('',#6643,#5449,#5450);
#4411=AXIS2_PLACEMENT_3D('',#6644,#5451,#5452);
#4412=AXIS2_PLACEMENT_3D('',#6645,#5453,#5454);
#4413=AXIS2_PLACEMENT_3D('',#6646,#5455,#5456);
#4414=AXIS2_PLACEMENT_3D('',#6648,#5457,#5458);
#4415=AXIS2_PLACEMENT_3D('',#6652,#5460,#5461);
#4416=AXIS2_PLACEMENT_3D('',#6656,#5463,#5464);
#4417=AXIS2_PLACEMENT_3D('',#6660,#5466,#5467);
#4418=AXIS2_PLACEMENT_3D('',#6662,#5469,#5470);
#4419=AXIS2_PLACEMENT_3D('',#6666,#5473,#5474);
#4420=AXIS2_PLACEMENT_3D('',#6670,#5477,#5478);
#4421=AXIS2_PLACEMENT_3D('',#6671,#5479,#5480);
#4422=AXIS2_PLACEMENT_3D('',#6672,#5481,#5482);
#4423=AXIS2_PLACEMENT_3D('',#6674,#5484,#5485);
#4424=AXIS2_PLACEMENT_3D('',#6676,#5487,#5488);
#4425=AXIS2_PLACEMENT_3D('',#6680,#5491,#5492);
#4426=AXIS2_PLACEMENT_3D('',#6684,#5495,#5496);
#4427=AXIS2_PLACEMENT_3D('',#6688,#5499,#5500);
#4428=AXIS2_PLACEMENT_3D('',#6692,#5503,#5504);
#4429=AXIS2_PLACEMENT_3D('',#6694,#5505,#5506);
#4430=AXIS2_PLACEMENT_3D('',#6697,#5508,#5509);
#4431=AXIS2_PLACEMENT_3D('',#6698,#5510,#5511);
#4432=AXIS2_PLACEMENT_3D('',#6700,#5512,#5513);
#4433=AXIS2_PLACEMENT_3D('',#6703,#5515,#5516);
#4434=AXIS2_PLACEMENT_3D('',#6704,#5517,#5518);
#4435=AXIS2_PLACEMENT_3D('',#6706,#5519,#5520);
#4436=AXIS2_PLACEMENT_3D('',#6709,#5522,#5523);
#4437=AXIS2_PLACEMENT_3D('',#6710,#5524,#5525);
#4438=AXIS2_PLACEMENT_3D('',#6713,#5527,#5528);
#4439=AXIS2_PLACEMENT_3D('',#6714,#5529,#5530);
#4440=AXIS2_PLACEMENT_3D('',#6715,#5531,#5532);
#4441=AXIS2_PLACEMENT_3D('',#6716,#5533,#5534);
#4442=AXIS2_PLACEMENT_3D('',#6717,#5535,#5536);
#4443=AXIS2_PLACEMENT_3D('',#6718,#5537,#5538);
#4444=AXIS2_PLACEMENT_3D('',#6719,#5539,#5540);
#4445=AXIS2_PLACEMENT_3D('',#6720,#5541,#5542);
#4446=AXIS2_PLACEMENT_3D('',#6721,#5543,#5544);
#4447=AXIS2_PLACEMENT_3D('',#6722,#5545,#5546);
#4448=AXIS2_PLACEMENT_3D('',#6728,#5550,#5551);
#4449=AXIS2_PLACEMENT_3D('',#6732,#5554,#5555);
#4450=AXIS2_PLACEMENT_3D('',#6734,#5557,#5558);
#4451=AXIS2_PLACEMENT_3D('',#6736,#5559,#5560);
#4452=AXIS2_PLACEMENT_3D('',#6738,#5562,#5563);
#4453=AXIS2_PLACEMENT_3D('',#6742,#5566,#5567);
#4454=AXIS2_PLACEMENT_3D('',#6744,#5568,#5569);
#4455=AXIS2_PLACEMENT_3D('',#6746,#5571,#5572);
#4456=AXIS2_PLACEMENT_3D('',#6750,#5575,#5576);
#4457=AXIS2_PLACEMENT_3D('',#6752,#5577,#5578);
#4458=AXIS2_PLACEMENT_3D('',#6754,#5580,#5581);
#4459=AXIS2_PLACEMENT_3D('',#6758,#5584,#5585);
#4460=AXIS2_PLACEMENT_3D('',#6760,#5586,#5587);
#4461=AXIS2_PLACEMENT_3D('',#6762,#5589,#5590);
#4462=AXIS2_PLACEMENT_3D('',#6764,#5592,#5593);
#4463=AXIS2_PLACEMENT_3D('',#6765,#5594,#5595);
#4464=AXIS2_PLACEMENT_3D('',#6766,#5596,#5597);
#4465=DIRECTION('axis',(0.,0.,1.));
#4466=DIRECTION('refdir',(1.,0.,0.));
#4467=DIRECTION('axis',(0.,0.,1.));
#4468=DIRECTION('refdir',(1.,0.,0.));
#4469=DIRECTION('center_axis',(1.,0.,0.));
#4470=DIRECTION('ref_axis',(0.,0.,1.));
#4471=DIRECTION('',(0.,-1.,0.));
#4472=DIRECTION('',(0.,0.,-1.));
#4473=DIRECTION('',(0.,1.,0.));
#4474=DIRECTION('',(0.,0.,1.));
#4475=DIRECTION('',(0.,-1.,0.));
#4476=DIRECTION('',(0.,0.,-1.));
#4477=DIRECTION('',(0.,1.,0.));
#4478=DIRECTION('',(0.,-2.77555756156289E-17,-1.));
#4479=DIRECTION('center_axis',(0.,1.,0.));
#4480=DIRECTION('ref_axis',(-1.,0.,0.));
#4481=DIRECTION('',(-0.866025403784439,0.,0.5));
#4482=DIRECTION('',(0.866025403784439,0.,-0.5));
#4483=DIRECTION('',(0.,0.,1.));
#4484=DIRECTION('center_axis',(-0.5,0.,0.866025403784439));
#4485=DIRECTION('ref_axis',(0.,-1.,0.));
#4486=DIRECTION('',(0.866025403784439,0.,0.5));
#4487=DIRECTION('',(0.774596669241483,-0.447213595499958,0.447213595499958));
#4488=DIRECTION('',(0.866025403784439,0.,0.5));
#4489=DIRECTION('',(0.,1.,0.));
#4490=DIRECTION('',(0.866025403784439,0.,0.5));
#4491=DIRECTION('',(0.,1.,0.));
#4492=DIRECTION('center_axis',(-0.5,-0.866025403784439,2.40370335797945E-17));
#4493=DIRECTION('ref_axis',(0.,-2.77555756156289E-17,-1.));
#4494=DIRECTION('',(0.774596669241483,-0.447213595499958,-0.447213595499958));
#4495=DIRECTION('',(4.80740671595891E-17,0.,1.));
#4496=DIRECTION('center_axis',(-0.5,0.,-0.866025403784439));
#4497=DIRECTION('ref_axis',(0.,1.,0.));
#4498=DIRECTION('',(0.,1.,0.));
#4499=DIRECTION('',(-0.866025403784439,0.,0.5));
#4500=DIRECTION('',(0.,-1.,0.));
#4501=DIRECTION('',(-0.866025403784439,0.,0.5));
#4502=DIRECTION('center_axis',(-0.5,-0.866025403784439,0.));
#4503=DIRECTION('ref_axis',(0.,0.,-1.));
#4504=DIRECTION('',(0.774596669241483,-0.447213595499958,0.447213595499958));
#4505=DIRECTION('',(0.,0.,-1.));
#4506=DIRECTION('',(0.774596669241483,-0.447213595499958,-0.447213595499958));
#4507=DIRECTION('center_axis',(-0.5,0.,0.866025403784439));
#4508=DIRECTION('ref_axis',(0.,-1.,0.));
#4509=DIRECTION('',(-0.866025403784439,0.,-0.5));
#4510=DIRECTION('',(0.,-1.,0.));
#4511=DIRECTION('',(0.774596669241483,0.447213595499958,0.447213595499958));
#4512=DIRECTION('center_axis',(0.5,0.,-0.866025403784439));
#4513=DIRECTION('ref_axis',(0.866025403784438,-9.01388759242295E-17,0.5));
#4514=DIRECTION('',(-0.866025403784439,0.,-0.5));
#4515=DIRECTION('',(0.,1.,0.));
#4516=DIRECTION('',(-0.866025403784439,0.,-0.5));
#4517=DIRECTION('center_axis',(1.,0.,0.));
#4518=DIRECTION('ref_axis',(0.,0.,-1.));
#4519=DIRECTION('',(0.,1.,0.));
#4520=DIRECTION('',(0.,-1.,0.));
#4521=DIRECTION('',(0.,0.,1.));
#4522=DIRECTION('center_axis',(0.,1.,0.));
#4523=DIRECTION('ref_axis',(-1.,0.,0.));
#4524=DIRECTION('center_axis',(0.,1.,0.));
#4525=DIRECTION('ref_axis',(1.,0.,0.));
#4526=DIRECTION('center_axis',(0.,1.,0.));
#4527=DIRECTION('ref_axis',(-1.,0.,0.));
#4528=DIRECTION('center_axis',(0.,1.,0.));
#4529=DIRECTION('ref_axis',(1.,0.,0.));
#4530=DIRECTION('center_axis',(0.,1.,0.));
#4531=DIRECTION('ref_axis',(-1.,0.,0.));
#4532=DIRECTION('center_axis',(0.,1.,0.));
#4533=DIRECTION('ref_axis',(1.,0.,0.));
#4534=DIRECTION('center_axis',(0.,1.,0.));
#4535=DIRECTION('ref_axis',(-1.,0.,0.));
#4536=DIRECTION('center_axis',(0.,1.,0.));
#4537=DIRECTION('ref_axis',(1.,0.,0.));
#4538=DIRECTION('center_axis',(0.,-1.,0.));
#4539=DIRECTION('ref_axis',(1.,0.,0.));
#4540=DIRECTION('center_axis',(0.,1.,0.));
#4541=DIRECTION('ref_axis',(1.,0.,0.));
#4542=DIRECTION('',(0.,1.,0.));
#4543=DIRECTION('center_axis',(0.,-1.,0.));
#4544=DIRECTION('ref_axis',(1.,0.,0.));
#4545=DIRECTION('center_axis',(0.,-1.,0.));
#4546=DIRECTION('ref_axis',(1.,0.,0.));
#4547=DIRECTION('center_axis',(0.,-1.,0.));
#4548=DIRECTION('ref_axis',(1.,0.,0.));
#4549=DIRECTION('',(0.,1.,0.));
#4550=DIRECTION('center_axis',(0.,1.,0.));
#4551=DIRECTION('ref_axis',(1.,0.,0.));
#4552=DIRECTION('center_axis',(0.,-1.,0.));
#4553=DIRECTION('ref_axis',(1.,0.,0.));
#4554=DIRECTION('center_axis',(0.,1.,0.));
#4555=DIRECTION('ref_axis',(-1.,0.,0.));
#4556=DIRECTION('',(0.,0.,1.));
#4557=DIRECTION('center_axis',(0.,1.,0.));
#4558=DIRECTION('ref_axis',(0.707106781186547,0.,0.707106781186547));
#4559=DIRECTION('',(-1.,0.,0.));
#4560=DIRECTION('center_axis',(0.,1.,0.));
#4561=DIRECTION('ref_axis',(-0.707106781186547,0.,0.707106781186547));
#4562=DIRECTION('',(0.,0.,-1.));
#4563=DIRECTION('center_axis',(0.,1.,0.));
#4564=DIRECTION('ref_axis',(-0.707106781186547,0.,-0.707106781186547));
#4565=DIRECTION('',(1.,0.,0.));
#4566=DIRECTION('center_axis',(0.,1.,0.));
#4567=DIRECTION('ref_axis',(0.707106781186547,0.,-0.707106781186547));
#4568=DIRECTION('',(0.,0.,1.));
#4569=DIRECTION('',(-1.,0.,0.));
#4570=DIRECTION('',(0.,0.,1.));
#4571=DIRECTION('',(1.,0.,0.));
#4572=DIRECTION('',(0.,0.,1.));
#4573=DIRECTION('center_axis',(0.,1.,0.));
#4574=DIRECTION('ref_axis',(1.,0.,0.));
#4575=DIRECTION('center_axis',(0.,1.,0.));
#4576=DIRECTION('ref_axis',(1.,0.,0.));
#4577=DIRECTION('center_axis',(0.,1.,0.));
#4578=DIRECTION('ref_axis',(1.,0.,0.));
#4579=DIRECTION('center_axis',(0.,1.,0.));
#4580=DIRECTION('ref_axis',(1.,0.,0.));
#4581=DIRECTION('',(0.,0.,1.));
#4582=DIRECTION('center_axis',(0.,1.,0.));
#4583=DIRECTION('ref_axis',(1.,0.,0.));
#4584=DIRECTION('',(0.,0.,-1.));
#4585=DIRECTION('center_axis',(0.,1.,0.));
#4586=DIRECTION('ref_axis',(1.,0.,0.));
#4587=DIRECTION('',(0.,0.,-1.));
#4588=DIRECTION('',(-1.,0.,-4.3969228698026E-17));
#4589=DIRECTION('',(0.,0.,1.));
#4590=DIRECTION('',(1.,0.,0.));
#4591=DIRECTION('',(-1.,0.,0.));
#4592=DIRECTION('',(0.,0.,1.));
#4593=DIRECTION('',(1.,0.,0.));
#4594=DIRECTION('',(0.,0.,-1.));
#4595=DIRECTION('',(0.,0.,1.));
#4596=DIRECTION('',(1.,0.,0.));
#4597=DIRECTION('',(0.,0.,-1.));
#4598=DIRECTION('',(-1.,0.,0.));
#4599=DIRECTION('',(1.,0.,0.));
#4600=DIRECTION('',(-1.93082265152201E-16,0.,-1.));
#4601=DIRECTION('',(-1.,0.,0.));
#4602=DIRECTION('',(0.,0.,1.));
#4603=DIRECTION('',(1.,0.,0.));
#4604=DIRECTION('',(-1.93082265152201E-16,0.,-1.));
#4605=DIRECTION('',(-1.,0.,0.));
#4606=DIRECTION('',(0.,0.,1.));
#4607=DIRECTION('',(0.,0.,1.));
#4608=DIRECTION('',(1.,0.,0.));
#4609=DIRECTION('',(-1.93082265152201E-16,0.,-1.));
#4610=DIRECTION('',(-1.,0.,0.));
#4611=DIRECTION('',(1.,0.,0.));
#4612=DIRECTION('',(0.,0.,-1.));
#4613=DIRECTION('',(-1.,0.,0.));
#4614=DIRECTION('',(0.,0.,1.));
#4615=DIRECTION('center_axis',(0.,1.,0.));
#4616=DIRECTION('ref_axis',(1.,0.,0.));
#4617=DIRECTION('',(0.,0.,-1.));
#4618=DIRECTION('center_axis',(0.,1.,0.));
#4619=DIRECTION('ref_axis',(1.,0.,0.));
#4620=DIRECTION('',(0.,0.,1.));
#4621=DIRECTION('center_axis',(0.,1.,0.));
#4622=DIRECTION('ref_axis',(1.,0.,0.));
#4623=DIRECTION('center_axis',(0.,1.,0.));
#4624=DIRECTION('ref_axis',(1.,0.,0.));
#4625=DIRECTION('',(0.,0.,-1.));
#4626=DIRECTION('',(1.,0.,0.));
#4627=DIRECTION('',(0.,0.,-1.));
#4628=DIRECTION('',(-1.,0.,0.));
#4629=DIRECTION('',(0.,0.,1.));
#4630=DIRECTION('',(-1.,0.,0.));
#4631=DIRECTION('',(0.,0.,-1.));
#4632=DIRECTION('',(-1.,0.,0.));
#4633=DIRECTION('',(0.,0.,1.));
#4634=DIRECTION('',(1.,0.,0.));
#4635=DIRECTION('',(0.,0.,1.));
#4636=DIRECTION('',(-1.,0.,0.));
#4637=DIRECTION('',(0.,0.,1.));
#4638=DIRECTION('',(1.,0.,0.));
#4639=DIRECTION('',(0.,0.,-1.));
#4640=DIRECTION('',(1.,0.,0.));
#4641=DIRECTION('',(0.,0.,1.));
#4642=DIRECTION('',(1.,0.,0.));
#4643=DIRECTION('',(0.,0.,-1.));
#4644=DIRECTION('',(-1.,0.,0.));
#4645=DIRECTION('center_axis',(0.,1.,0.));
#4646=DIRECTION('ref_axis',(1.,0.,0.));
#4647=DIRECTION('center_axis',(0.,-1.,0.));
#4648=DIRECTION('ref_axis',(1.,0.,0.));
#4649=DIRECTION('center_axis',(0.,1.,0.));
#4650=DIRECTION('ref_axis',(1.,0.,0.));
#4651=DIRECTION('',(0.,1.,0.));
#4652=DIRECTION('center_axis',(0.,-1.,0.));
#4653=DIRECTION('ref_axis',(1.,0.,0.));
#4654=DIRECTION('center_axis',(0.,-1.,0.));
#4655=DIRECTION('ref_axis',(1.,0.,0.));
#4656=DIRECTION('center_axis',(0.,-1.,0.));
#4657=DIRECTION('ref_axis',(1.,0.,0.));
#4658=DIRECTION('',(0.,1.,0.));
#4659=DIRECTION('center_axis',(0.,-1.,0.));
#4660=DIRECTION('ref_axis',(1.,0.,0.));
#4661=DIRECTION('center_axis',(0.,1.,0.));
#4662=DIRECTION('ref_axis',(-1.,0.,0.));
#4663=DIRECTION('center_axis',(0.,-1.,0.));
#4664=DIRECTION('ref_axis',(1.,0.,0.));
#4665=DIRECTION('center_axis',(0.,1.,0.));
#4666=DIRECTION('ref_axis',(1.,0.,0.));
#4667=DIRECTION('',(0.,1.,0.));
#4668=DIRECTION('center_axis',(0.,-1.,0.));
#4669=DIRECTION('ref_axis',(1.,0.,0.));
#4670=DIRECTION('center_axis',(0.,-1.,0.));
#4671=DIRECTION('ref_axis',(1.,0.,0.));
#4672=DIRECTION('center_axis',(0.,-1.,0.));
#4673=DIRECTION('ref_axis',(1.,0.,0.));
#4674=DIRECTION('',(0.,1.,0.));
#4675=DIRECTION('center_axis',(0.,-1.,0.));
#4676=DIRECTION('ref_axis',(1.,0.,0.));
#4677=DIRECTION('center_axis',(0.,1.,0.));
#4678=DIRECTION('ref_axis',(-1.,0.,0.));
#4679=DIRECTION('center_axis',(0.,-1.,0.));
#4680=DIRECTION('ref_axis',(1.,0.,0.));
#4681=DIRECTION('center_axis',(0.,1.,0.));
#4682=DIRECTION('ref_axis',(1.,0.,0.));
#4683=DIRECTION('',(0.,1.,0.));
#4684=DIRECTION('center_axis',(0.,-1.,0.));
#4685=DIRECTION('ref_axis',(1.,0.,0.));
#4686=DIRECTION('center_axis',(0.,-1.,0.));
#4687=DIRECTION('ref_axis',(1.,0.,0.));
#4688=DIRECTION('center_axis',(0.,-1.,0.));
#4689=DIRECTION('ref_axis',(1.,0.,0.));
#4690=DIRECTION('',(0.,1.,0.));
#4691=DIRECTION('center_axis',(0.,-1.,0.));
#4692=DIRECTION('ref_axis',(1.,0.,0.));
#4693=DIRECTION('center_axis',(0.,1.,0.));
#4694=DIRECTION('ref_axis',(-1.,0.,0.));
#4695=DIRECTION('center_axis',(0.,-1.,0.));
#4696=DIRECTION('ref_axis',(-1.,0.,0.));
#4697=DIRECTION('',(0.,0.,-1.));
#4698=DIRECTION('',(0.866025403784439,0.,-0.5));
#4699=DIRECTION('',(0.,0.,-1.));
#4700=DIRECTION('center_axis',(-0.5,0.,-0.866025403784439));
#4701=DIRECTION('ref_axis',(0.,1.,0.));
#4702=DIRECTION('',(0.,-1.,0.));
#4703=DIRECTION('',(0.866025403784439,0.,-0.5));
#4704=DIRECTION('center_axis',(0.5,0.,0.866025403784439));
#4705=DIRECTION('ref_axis',(0.866025403784439,-3.00462919747432E-17,-0.5));
#4706=DIRECTION('',(0.774596669241483,0.447213595499958,-0.447213595499958));
#4707=DIRECTION('center_axis',(1.,0.,0.));
#4708=DIRECTION('ref_axis',(0.,0.,1.));
#4709=DIRECTION('center_axis',(-1.,0.,0.));
#4710=DIRECTION('ref_axis',(0.,-6.00925839494864E-16,-1.));
#4711=DIRECTION('',(0.,0.,1.));
#4712=DIRECTION('',(0.,1.,0.));
#4713=DIRECTION('center_axis',(1.,0.,0.));
#4714=DIRECTION('ref_axis',(0.,0.,1.));
#4715=DIRECTION('',(0.,-1.,0.));
#4716=DIRECTION('',(0.,0.,1.));
#4717=DIRECTION('center_axis',(-1.,0.,0.));
#4718=DIRECTION('ref_axis',(0.,2.40370335797946E-16,1.));
#4719=DIRECTION('center_axis',(0.866025403784439,0.,0.5));
#4720=DIRECTION('ref_axis',(0.353553390593274,0.707106781186547,-0.612372435695795));
#4721=DIRECTION('',(0.866025403784439,0.,0.5));
#4722=DIRECTION('center_axis',(0.499999999999998,0.,0.86602540378444));
#4723=DIRECTION('ref_axis',(-0.86602540378444,0.,0.499999999999998));
#4724=DIRECTION('center_axis',(0.,0.,1.));
#4725=DIRECTION('ref_axis',(0.965925826289069,0.25881904510252,0.));
#4726=DIRECTION('',(0.,0.,-1.));
#4727=DIRECTION('center_axis',(-0.499999999999999,0.,0.866025403784439));
#4728=DIRECTION('ref_axis',(-0.866025403784439,0.,-0.499999999999999));
#4729=DIRECTION('',(0.,0.,1.));
#4730=DIRECTION('center_axis',(-0.866025403784439,0.,0.5));
#4731=DIRECTION('ref_axis',(0.353553390593272,0.707106781186546,0.612372435695797));
#4732=DIRECTION('',(-0.866025403784439,0.,0.5));
#4733=DIRECTION('center_axis',(0.,1.,0.));
#4734=DIRECTION('ref_axis',(0.,0.,1.));
#4735=DIRECTION('center_axis',(0.,-1.,0.));
#4736=DIRECTION('ref_axis',(0.707106781186547,0.,-0.707106781186547));
#4737=DIRECTION('',(1.,0.,0.));
#4738=DIRECTION('center_axis',(0.,-1.,0.));
#4739=DIRECTION('ref_axis',(-0.707106781186547,0.,-0.707106781186547));
#4740=DIRECTION('',(0.,0.,-1.));
#4741=DIRECTION('center_axis',(0.,-1.,0.));
#4742=DIRECTION('ref_axis',(-0.707106781186547,0.,0.707106781186547));
#4743=DIRECTION('',(-1.,0.,0.));
#4744=DIRECTION('center_axis',(0.,-1.,0.));
#4745=DIRECTION('ref_axis',(0.707106781186547,0.,0.707106781186547));
#4746=DIRECTION('',(-1.,0.,0.));
#4747=DIRECTION('',(0.,0.,-1.));
#4748=DIRECTION('',(1.,0.,0.));
#4749=DIRECTION('',(0.,0.,1.));
#4750=DIRECTION('',(0.,0.,-1.));
#4751=DIRECTION('',(1.,0.,0.));
#4752=DIRECTION('',(1.93082265152201E-16,0.,1.));
#4753=DIRECTION('',(-1.,0.,0.));
#4754=DIRECTION('',(-1.,0.,0.));
#4755=DIRECTION('',(0.,0.,-1.));
#4756=DIRECTION('',(1.,0.,0.));
#4757=DIRECTION('',(1.93082265152201E-16,0.,1.));
#4758=DIRECTION('center_axis',(0.,-1.,0.));
#4759=DIRECTION('ref_axis',(-1.,0.,0.));
#4760=DIRECTION('',(0.,0.,-1.));
#4761=DIRECTION('',(1.,0.,0.));
#4762=DIRECTION('',(0.,0.,1.));
#4763=DIRECTION('',(-1.,0.,0.));
#4764=DIRECTION('',(-1.,0.,0.));
#4765=DIRECTION('',(0.,0.,-1.));
#4766=DIRECTION('',(1.,0.,0.));
#4767=DIRECTION('',(1.93082265152201E-16,0.,1.));
#4768=DIRECTION('',(1.,0.,0.));
#4769=DIRECTION('',(0.,0.,1.));
#4770=DIRECTION('',(-1.,0.,0.));
#4771=DIRECTION('',(0.,0.,-1.));
#4772=DIRECTION('',(0.,0.,-1.));
#4773=DIRECTION('',(1.,0.,0.));
#4774=DIRECTION('',(0.,0.,1.));
#4775=DIRECTION('',(-1.,0.,0.));
#4776=DIRECTION('',(1.,0.,0.));
#4777=DIRECTION('',(0.,0.,1.));
#4778=DIRECTION('',(-1.,0.,0.));
#4779=DIRECTION('',(0.,0.,-1.));
#4780=DIRECTION('',(0.,0.,-1.));
#4781=DIRECTION('',(1.,0.,0.));
#4782=DIRECTION('',(0.,0.,1.));
#4783=DIRECTION('',(-1.,0.,0.));
#4784=DIRECTION('',(1.,0.,0.));
#4785=DIRECTION('',(0.,0.,1.));
#4786=DIRECTION('',(-1.,0.,0.));
#4787=DIRECTION('',(0.,0.,-1.));
#4788=DIRECTION('',(1.,0.,4.3969228698026E-17));
#4789=DIRECTION('',(0.,0.,1.));
#4790=DIRECTION('',(-1.,0.,0.));
#4791=DIRECTION('',(0.,0.,-1.));
#4792=DIRECTION('center_axis',(-0.5,0.866025403784439,0.));
#4793=DIRECTION('ref_axis',(0.,0.,1.));
#4794=DIRECTION('',(0.,0.,1.));
#4795=DIRECTION('center_axis',(1.,0.,0.));
#4796=DIRECTION('ref_axis',(0.,0.,-1.));
#4797=DIRECTION('',(0.,0.,1.));
#4798=DIRECTION('',(0.,-1.,0.));
#4799=DIRECTION('',(0.,-1.,0.));
#4800=DIRECTION('center_axis',(0.,-1.,0.));
#4801=DIRECTION('ref_axis',(-0.72823130472862,0.,0.685331428444115));
#4802=DIRECTION('center_axis',(0.,-1.,0.));
#4803=DIRECTION('ref_axis',(1.,0.,0.));
#4804=DIRECTION('center_axis',(0.,1.,0.));
#4805=DIRECTION('ref_axis',(-1.,0.,0.));
#4806=DIRECTION('center_axis',(0.,-1.,0.));
#4807=DIRECTION('ref_axis',(-0.707106781186547,0.,-0.707106781186547));
#4808=DIRECTION('',(0.,1.,0.));
#4809=DIRECTION('',(0.,-1.,0.));
#4810=DIRECTION('center_axis',(-1.,0.,0.));
#4811=DIRECTION('ref_axis',(0.,0.,-1.));
#4812=DIRECTION('',(0.,-1.,0.));
#4813=DIRECTION('center_axis',(0.,-1.,0.));
#4814=DIRECTION('ref_axis',(-0.707106781186547,0.,0.707106781186547));
#4815=DIRECTION('',(0.,1.,0.));
#4816=DIRECTION('center_axis',(0.,0.,1.));
#4817=DIRECTION('ref_axis',(-1.,0.,0.));
#4818=DIRECTION('',(0.,-1.,0.));
#4819=DIRECTION('center_axis',(0.,-1.,0.));
#4820=DIRECTION('ref_axis',(0.707106781186547,0.,0.707106781186547));
#4821=DIRECTION('center_axis',(0.,-1.,0.));
#4822=DIRECTION('ref_axis',(0.707106781186547,0.,-0.707106781186547));
#4823=DIRECTION('',(0.,1.,0.));
#4824=DIRECTION('center_axis',(0.,0.,-1.));
#4825=DIRECTION('ref_axis',(1.,0.,0.));
#4826=DIRECTION('center_axis',(0.,1.,0.));
#4827=DIRECTION('ref_axis',(1.,0.,0.));
#4828=DIRECTION('center_axis',(0.,1.,0.));
#4829=DIRECTION('ref_axis',(1.,0.,0.));
#4830=DIRECTION('',(0.,1.,0.));
#4831=DIRECTION('center_axis',(0.,1.,0.));
#4832=DIRECTION('ref_axis',(1.,0.,0.));
#4833=DIRECTION('center_axis',(0.,-1.,0.));
#4834=DIRECTION('ref_axis',(1.,0.,0.));
#4835=DIRECTION('center_axis',(0.,-1.,0.));
#4836=DIRECTION('ref_axis',(1.,0.,0.));
#4837=DIRECTION('center_axis',(0.,-1.,0.));
#4838=DIRECTION('ref_axis',(1.,0.,0.));
#4839=DIRECTION('center_axis',(0.,-1.,0.));
#4840=DIRECTION('ref_axis',(1.,0.,0.));
#4841=DIRECTION('center_axis',(0.,-1.,0.));
#4842=DIRECTION('ref_axis',(1.,0.,0.));
#4843=DIRECTION('center_axis',(0.,-1.,0.));
#4844=DIRECTION('ref_axis',(1.,0.,0.));
#4845=DIRECTION('center_axis',(0.,-1.,0.));
#4846=DIRECTION('ref_axis',(1.,0.,0.));
#4847=DIRECTION('center_axis',(0.,-1.,0.));
#4848=DIRECTION('ref_axis',(1.,0.,0.));
#4849=DIRECTION('center_axis',(0.,-1.,0.));
#4850=DIRECTION('ref_axis',(1.,0.,0.));
#4851=DIRECTION('center_axis',(1.,0.,0.));
#4852=DIRECTION('ref_axis',(0.,0.,1.));
#4853=DIRECTION('',(0.,-1.,0.));
#4854=DIRECTION('',(0.,-1.,0.));
#4855=DIRECTION('',(0.,-1.,0.));
#4856=DIRECTION('',(0.,0.,1.));
#4857=DIRECTION('center_axis',(0.,0.,1.));
#4858=DIRECTION('ref_axis',(-1.,0.,0.));
#4859=DIRECTION('',(-1.,0.,0.));
#4860=DIRECTION('',(0.,-1.,0.));
#4861=DIRECTION('',(0.,-1.,0.));
#4862=DIRECTION('center_axis',(0.,0.,-1.));
#4863=DIRECTION('ref_axis',(1.,0.,0.));
#4864=DIRECTION('',(0.,-1.,0.));
#4865=DIRECTION('',(0.,-1.,0.));
#4866=DIRECTION('',(0.,-1.,0.));
#4867=DIRECTION('',(1.,0.,0.));
#4868=DIRECTION('center_axis',(1.,0.,0.));
#4869=DIRECTION('ref_axis',(0.,0.,1.));
#4870=DIRECTION('',(0.,0.,1.));
#4871=DIRECTION('',(0.,-1.,0.));
#4872=DIRECTION('',(0.,-1.,0.));
#4873=DIRECTION('center_axis',(0.,-1.,0.));
#4874=DIRECTION('ref_axis',(0.,0.,-1.));
#4875=DIRECTION('',(-1.,0.,0.));
#4876=DIRECTION('',(0.,0.,-1.));
#4877=DIRECTION('',(-1.,0.,0.));
#4878=DIRECTION('',(0.,0.,-1.));
#4879=DIRECTION('',(1.,0.,0.));
#4880=DIRECTION('',(0.,0.,-1.));
#4881=DIRECTION('',(1.,0.,0.));
#4882=DIRECTION('',(0.,0.,1.));
#4883=DIRECTION('center_axis',(0.,0.,1.));
#4884=DIRECTION('ref_axis',(-1.,0.,0.));
#4885=DIRECTION('',(0.,-1.,0.));
#4886=DIRECTION('center_axis',(1.,0.,0.));
#4887=DIRECTION('ref_axis',(0.,0.,1.));
#4888=DIRECTION('center_axis',(0.,0.,-1.));
#4889=DIRECTION('ref_axis',(1.,0.,0.));
#4890=DIRECTION('',(0.,-1.,0.));
#4891=DIRECTION('center_axis',(-1.,0.,0.));
#4892=DIRECTION('ref_axis',(0.,0.,-1.));
#4893=DIRECTION('',(0.,-1.,0.));
#4894=DIRECTION('',(0.,-1.,0.));
#4895=DIRECTION('center_axis',(0.,-1.,0.));
#4896=DIRECTION('ref_axis',(1.,0.,0.));
#4897=DIRECTION('center_axis',(0.,1.,0.));
#4898=DIRECTION('ref_axis',(1.,0.,0.));
#4899=DIRECTION('',(0.,1.,0.));
#4900=DIRECTION('center_axis',(0.,-1.,0.));
#4901=DIRECTION('ref_axis',(1.,0.,0.));
#4902=DIRECTION('center_axis',(0.,-1.,0.));
#4903=DIRECTION('ref_axis',(1.,0.,0.));
#4904=DIRECTION('center_axis',(0.,-1.,0.));
#4905=DIRECTION('ref_axis',(1.,0.,0.));
#4906=DIRECTION('center_axis',(0.,1.,0.));
#4907=DIRECTION('ref_axis',(1.,0.,0.));
#4908=DIRECTION('',(0.,1.,0.));
#4909=DIRECTION('center_axis',(0.,-1.,0.));
#4910=DIRECTION('ref_axis',(1.,0.,0.));
#4911=DIRECTION('center_axis',(0.,-1.,0.));
#4912=DIRECTION('ref_axis',(1.,0.,0.));
#4913=DIRECTION('center_axis',(0.,-1.,0.));
#4914=DIRECTION('ref_axis',(1.,0.,0.));
#4915=DIRECTION('',(0.,1.,0.));
#4916=DIRECTION('center_axis',(0.,-1.,0.));
#4917=DIRECTION('ref_axis',(1.,0.,0.));
#4918=DIRECTION('center_axis',(0.,1.,0.));
#4919=DIRECTION('ref_axis',(-1.,0.,0.));
#4920=DIRECTION('center_axis',(0.,-1.,0.));
#4921=DIRECTION('ref_axis',(1.,0.,0.));
#4922=DIRECTION('center_axis',(0.,1.,0.));
#4923=DIRECTION('ref_axis',(1.,0.,0.));
#4924=DIRECTION('',(0.,1.,0.));
#4925=DIRECTION('center_axis',(0.,-1.,0.));
#4926=DIRECTION('ref_axis',(1.,0.,0.));
#4927=DIRECTION('center_axis',(0.,-1.,0.));
#4928=DIRECTION('ref_axis',(1.,0.,0.));
#4929=DIRECTION('center_axis',(0.,-1.,0.));
#4930=DIRECTION('ref_axis',(1.,0.,0.));
#4931=DIRECTION('',(0.,1.,0.));
#4932=DIRECTION('center_axis',(0.,-1.,0.));
#4933=DIRECTION('ref_axis',(1.,0.,0.));
#4934=DIRECTION('center_axis',(0.,1.,0.));
#4935=DIRECTION('ref_axis',(-1.,0.,0.));
#4936=DIRECTION('center_axis',(0.,-1.,0.));
#4937=DIRECTION('ref_axis',(1.,0.,0.));
#4938=DIRECTION('center_axis',(0.,1.,0.));
#4939=DIRECTION('ref_axis',(1.,0.,0.));
#4940=DIRECTION('',(0.,1.,0.));
#4941=DIRECTION('center_axis',(-1.,0.,0.));
#4942=DIRECTION('ref_axis',(0.,0.,-1.));
#4943=DIRECTION('',(0.,-1.,0.));
#4944=DIRECTION('',(0.,0.,-1.));
#4945=DIRECTION('',(0.,-1.,0.));
#4946=DIRECTION('center_axis',(0.,-1.,0.));
#4947=DIRECTION('ref_axis',(1.,0.,0.));
#4948=DIRECTION('center_axis',(0.,-1.,0.));
#4949=DIRECTION('ref_axis',(1.,0.,0.));
#4950=DIRECTION('center_axis',(0.,-1.,0.));
#4951=DIRECTION('ref_axis',(1.,0.,0.));
#4952=DIRECTION('center_axis',(0.,1.,0.));
#4953=DIRECTION('ref_axis',(-1.,0.,0.));
#4954=DIRECTION('center_axis',(0.,-1.,0.));
#4955=DIRECTION('ref_axis',(1.,0.,0.));
#4956=DIRECTION('center_axis',(0.,1.,0.));
#4957=DIRECTION('ref_axis',(1.,0.,0.));
#4958=DIRECTION('',(0.,1.,0.));
#4959=DIRECTION('center_axis',(-1.,0.,0.));
#4960=DIRECTION('ref_axis',(0.,0.,-1.));
#4961=DIRECTION('',(0.,-1.,0.));
#4962=DIRECTION('',(0.,0.,-1.));
#4963=DIRECTION('',(0.,-1.,0.));
#4964=DIRECTION('center_axis',(0.,-1.,0.));
#4965=DIRECTION('ref_axis',(1.,0.,0.));
#4966=DIRECTION('center_axis',(0.,-1.,0.));
#4967=DIRECTION('ref_axis',(1.,0.,0.));
#4968=DIRECTION('center_axis',(0.,-1.,0.));
#4969=DIRECTION('ref_axis',(1.,0.,0.));
#4970=DIRECTION('center_axis',(0.,-1.,0.));
#4971=DIRECTION('ref_axis',(1.,0.,0.));
#4972=DIRECTION('center_axis',(0.,1.,0.));
#4973=DIRECTION('ref_axis',(1.,0.,0.));
#4974=DIRECTION('',(0.,1.,0.));
#4975=DIRECTION('center_axis',(1.,0.,0.));
#4976=DIRECTION('ref_axis',(0.,0.,1.));
#4977=DIRECTION('',(0.,-1.,0.));
#4978=DIRECTION('',(0.,0.,1.));
#4979=DIRECTION('',(0.,-1.,0.));
#4980=DIRECTION('center_axis',(0.,-1.,0.));
#4981=DIRECTION('ref_axis',(-1.,0.,-1.65389215948552E-15));
#4982=DIRECTION('center_axis',(0.,-1.,0.));
#4983=DIRECTION('ref_axis',(1.,0.,0.));
#4984=DIRECTION('center_axis',(0.,-1.,0.));
#4985=DIRECTION('ref_axis',(1.,0.,0.));
#4986=DIRECTION('center_axis',(0.,-1.,0.));
#4987=DIRECTION('ref_axis',(1.,0.,0.));
#4988=DIRECTION('center_axis',(0.,1.,0.));
#4989=DIRECTION('ref_axis',(1.,0.,0.));
#4990=DIRECTION('',(0.,1.,0.));
#4991=DIRECTION('center_axis',(1.,0.,0.));
#4992=DIRECTION('ref_axis',(0.,0.,1.));
#4993=DIRECTION('',(0.,-1.,0.));
#4994=DIRECTION('',(0.,0.,1.));
#4995=DIRECTION('',(0.,-1.,0.));
#4996=DIRECTION('center_axis',(0.,-1.,0.));
#4997=DIRECTION('ref_axis',(-1.,0.,1.22464679914735E-16));
#4998=DIRECTION('center_axis',(0.,-1.,0.));
#4999=DIRECTION('ref_axis',(1.,0.,0.));
#5000=DIRECTION('center_axis',(0.,-1.,0.));
#5001=DIRECTION('ref_axis',(1.,0.,0.));
#5002=DIRECTION('center_axis',(0.,1.,0.));
#5003=DIRECTION('ref_axis',(0.,0.,1.));
#5004=DIRECTION('center_axis',(0.,1.,0.));
#5005=DIRECTION('ref_axis',(1.,0.,0.));
#5006=DIRECTION('center_axis',(0.,-1.,0.));
#5007=DIRECTION('ref_axis',(1.,0.,0.));
#5008=DIRECTION('center_axis',(0.,0.,-1.));
#5009=DIRECTION('ref_axis',(1.,0.,0.));
#5010=DIRECTION('',(1.,0.,0.));
#5011=DIRECTION('',(0.,-1.,0.));
#5012=DIRECTION('center_axis',(-1.,0.,0.));
#5013=DIRECTION('ref_axis',(0.,0.,-1.));
#5014=DIRECTION('',(0.,0.,-1.));
#5015=DIRECTION('',(0.,-1.,0.));
#5016=DIRECTION('center_axis',(0.,0.,1.));
#5017=DIRECTION('ref_axis',(-1.,0.,0.));
#5018=DIRECTION('',(-1.,0.,0.));
#5019=DIRECTION('center_axis',(0.,1.,0.));
#5020=DIRECTION('ref_axis',(0.,0.,1.));
#5021=DIRECTION('center_axis',(0.,1.,0.));
#5022=DIRECTION('ref_axis',(1.,0.,0.));
#5023=DIRECTION('center_axis',(0.,-1.,0.));
#5024=DIRECTION('ref_axis',(1.,0.,0.));
#5025=DIRECTION('',(0.,-1.,0.));
#5026=DIRECTION('center_axis',(0.,1.,0.));
#5027=DIRECTION('ref_axis',(0.,0.,1.));
#5028=DIRECTION('center_axis',(0.,-1.,0.));
#5029=DIRECTION('ref_axis',(-1.,0.,0.));
#5030=DIRECTION('center_axis',(0.,-1.,0.));
#5031=DIRECTION('ref_axis',(1.,0.,0.));
#5032=DIRECTION('',(0.,1.,0.));
#5033=DIRECTION('center_axis',(1.,0.,0.));
#5034=DIRECTION('ref_axis',(0.,0.,1.));
#5035=DIRECTION('',(0.,-1.,0.));
#5036=DIRECTION('',(0.,-1.,0.));
#5037=DIRECTION('center_axis',(0.,0.,1.));
#5038=DIRECTION('ref_axis',(-1.,0.,0.));
#5039=DIRECTION('',(0.,-1.,0.));
#5040=DIRECTION('center_axis',(-1.,0.,0.));
#5041=DIRECTION('ref_axis',(0.,0.,-1.));
#5042=DIRECTION('',(0.,-1.,0.));
#5043=DIRECTION('center_axis',(0.,0.,-1.));
#5044=DIRECTION('ref_axis',(1.,0.,0.));
#5045=DIRECTION('center_axis',(0.,0.,1.));
#5046=DIRECTION('ref_axis',(-1.,0.,0.));
#5047=DIRECTION('',(0.,-1.,0.));
#5048=DIRECTION('',(0.,-1.,0.));
#5049=DIRECTION('center_axis',(-1.,0.,1.93082265152201E-16));
#5050=DIRECTION('ref_axis',(-1.93082265152201E-16,0.,-1.));
#5051=DIRECTION('',(0.,-1.,0.));
#5052=DIRECTION('center_axis',(0.,0.,-1.));
#5053=DIRECTION('ref_axis',(1.,0.,0.));
#5054=DIRECTION('',(0.,-1.,0.));
#5055=DIRECTION('center_axis',(1.,0.,0.));
#5056=DIRECTION('ref_axis',(0.,0.,1.));
#5057=DIRECTION('center_axis',(1.,0.,0.));
#5058=DIRECTION('ref_axis',(0.,0.,1.));
#5059=DIRECTION('',(0.,-1.,0.));
#5060=DIRECTION('',(0.,-1.,0.));
#5061=DIRECTION('center_axis',(0.,0.,1.));
#5062=DIRECTION('ref_axis',(-1.,0.,0.));
#5063=DIRECTION('',(0.,-1.,0.));
#5064=DIRECTION('center_axis',(-1.,0.,1.93082265152201E-16));
#5065=DIRECTION('ref_axis',(-1.93082265152201E-16,0.,-1.));
#5066=DIRECTION('',(0.,-1.,0.));
#5067=DIRECTION('center_axis',(0.,0.,-1.));
#5068=DIRECTION('ref_axis',(1.,0.,0.));
#5069=DIRECTION('center_axis',(0.,-1.,0.));
#5070=DIRECTION('ref_axis',(-1.,0.,0.));
#5071=DIRECTION('',(0.,1.,0.));
#5072=DIRECTION('center_axis',(0.,0.,1.));
#5073=DIRECTION('ref_axis',(-1.,0.,0.));
#5074=DIRECTION('',(0.,-1.,0.));
#5075=DIRECTION('',(0.,-1.,0.));
#5076=DIRECTION('center_axis',(-1.,0.,0.));
#5077=DIRECTION('ref_axis',(0.,0.,-1.));
#5078=DIRECTION('',(0.,-1.,0.));
#5079=DIRECTION('center_axis',(0.,0.,-1.));
#5080=DIRECTION('ref_axis',(1.,0.,0.));
#5081=DIRECTION('',(0.,-1.,0.));
#5082=DIRECTION('center_axis',(1.,0.,0.));
#5083=DIRECTION('ref_axis',(0.,0.,1.));
#5084=DIRECTION('center_axis',(1.,0.,0.));
#5085=DIRECTION('ref_axis',(0.,0.,1.));
#5086=DIRECTION('',(0.,-1.,0.));
#5087=DIRECTION('',(0.,-1.,0.));
#5088=DIRECTION('center_axis',(0.,0.,1.));
#5089=DIRECTION('ref_axis',(-1.,0.,0.));
#5090=DIRECTION('',(0.,-1.,0.));
#5091=DIRECTION('center_axis',(-1.,0.,1.93082265152201E-16));
#5092=DIRECTION('ref_axis',(-1.93082265152201E-16,0.,-1.));
#5093=DIRECTION('',(0.,-1.,0.));
#5094=DIRECTION('center_axis',(0.,0.,-1.));
#5095=DIRECTION('ref_axis',(1.,0.,0.));
#5096=DIRECTION('center_axis',(-1.,0.,0.));
#5097=DIRECTION('ref_axis',(0.,0.,-1.));
#5098=DIRECTION('',(0.,-1.,0.));
#5099=DIRECTION('center_axis',(0.,0.,1.));
#5100=DIRECTION('ref_axis',(-1.,0.,0.));
#5101=DIRECTION('center_axis',(0.,0.,1.));
#5102=DIRECTION('ref_axis',(-1.,0.,0.));
#5103=DIRECTION('',(0.,-1.,0.));
#5104=DIRECTION('',(0.,-1.,0.));
#5105=DIRECTION('center_axis',(-1.,0.,0.));
#5106=DIRECTION('ref_axis',(0.,0.,-1.));
#5107=DIRECTION('',(0.,-1.,0.));
#5108=DIRECTION('center_axis',(0.,0.,-1.));
#5109=DIRECTION('ref_axis',(1.,0.,0.));
#5110=DIRECTION('',(0.,-1.,0.));
#5111=DIRECTION('center_axis',(1.,0.,0.));
#5112=DIRECTION('ref_axis',(0.,0.,1.));
#5113=DIRECTION('center_axis',(-1.,0.,0.));
#5114=DIRECTION('ref_axis',(0.,0.,-1.));
#5115=DIRECTION('',(0.,-1.,0.));
#5116=DIRECTION('center_axis',(0.,0.,-1.));
#5117=DIRECTION('ref_axis',(1.,0.,0.));
#5118=DIRECTION('center_axis',(0.,0.,1.));
#5119=DIRECTION('ref_axis',(-1.,0.,0.));
#5120=DIRECTION('',(0.,-1.,0.));
#5121=DIRECTION('',(0.,-1.,0.));
#5122=DIRECTION('center_axis',(-1.,0.,0.));
#5123=DIRECTION('ref_axis',(0.,0.,-1.));
#5124=DIRECTION('',(0.,-1.,0.));
#5125=DIRECTION('center_axis',(0.,0.,-1.));
#5126=DIRECTION('ref_axis',(1.,0.,0.));
#5127=DIRECTION('',(0.,-1.,0.));
#5128=DIRECTION('center_axis',(1.,0.,0.));
#5129=DIRECTION('ref_axis',(0.,0.,1.));
#5130=DIRECTION('center_axis',(-1.,0.,0.));
#5131=DIRECTION('ref_axis',(0.,0.,-1.));
#5132=DIRECTION('',(0.,-1.,0.));
#5133=DIRECTION('',(0.,-1.,0.));
#5134=DIRECTION('center_axis',(0.,0.,-1.));
#5135=DIRECTION('ref_axis',(1.,0.,0.));
#5136=DIRECTION('',(0.,-1.,0.));
#5137=DIRECTION('center_axis',(1.,0.,0.));
#5138=DIRECTION('ref_axis',(0.,0.,1.));
#5139=DIRECTION('',(0.,-1.,0.));
#5140=DIRECTION('center_axis',(0.,0.,1.));
#5141=DIRECTION('ref_axis',(-1.,0.,0.));
#5142=DIRECTION('center_axis',(3.10909397759164E-17,0.707106781186547,-0.707106781186548));
#5143=DIRECTION('ref_axis',(-1.,0.,-4.3969228698026E-17));
#5144=DIRECTION('',(-0.577350269189626,-0.577350269189626,-0.577350269189626));
#5145=DIRECTION('',(-1.,0.,-4.3969228698026E-17));
#5146=DIRECTION('',(0.577350269189626,-0.577350269189626,-0.577350269189625));
#5147=DIRECTION('center_axis',(-0.707106781186548,0.707106781186548,0.));
#5148=DIRECTION('ref_axis',(0.,0.,1.));
#5149=DIRECTION('',(-0.577350269189625,-0.577350269189626,0.577350269189626));
#5150=DIRECTION('',(0.,0.,1.));
#5151=DIRECTION('center_axis',(0.,0.707106781186548,0.707106781186547));
#5152=DIRECTION('ref_axis',(1.,0.,0.));
#5153=DIRECTION('',(0.577350269189626,-0.577350269189625,0.577350269189626));
#5154=DIRECTION('',(1.,0.,0.));
#5155=DIRECTION('center_axis',(0.707106781186547,0.707106781186548,0.));
#5156=DIRECTION('ref_axis',(0.,0.,-1.));
#5157=DIRECTION('',(0.,0.,-1.));
#5158=DIRECTION('center_axis',(1.,0.,0.));
#5159=DIRECTION('ref_axis',(0.,0.,-1.));
#5160=DIRECTION('',(0.,1.,0.));
#5161=DIRECTION('',(0.,1.,0.));
#5162=DIRECTION('center_axis',(4.3969228698026E-17,0.,-1.));
#5163=DIRECTION('ref_axis',(-1.,0.,-4.3969228698026E-17));
#5164=DIRECTION('',(0.,1.,0.));
#5165=DIRECTION('center_axis',(-1.,0.,0.));
#5166=DIRECTION('ref_axis',(0.,0.,1.));
#5167=DIRECTION('',(0.,1.,0.));
#5168=DIRECTION('center_axis',(0.,0.,1.));
#5169=DIRECTION('ref_axis',(1.,0.,0.));
#5170=DIRECTION('axis',(0.,0.,1.));
#5171=DIRECTION('refdir',(1.,0.,0.));
#5172=DIRECTION('center_axis',(0.,0.,1.));
#5173=DIRECTION('ref_axis',(-1.,0.,0.));
#5174=DIRECTION('',(1.,0.,0.));
#5175=DIRECTION('',(0.,-1.,0.));
#5176=DIRECTION('',(-1.,0.,0.));
#5177=DIRECTION('',(0.,-1.,0.));
#5178=DIRECTION('center_axis',(0.,0.,-1.));
#5179=DIRECTION('ref_axis',(1.,0.,0.));
#5180=DIRECTION('',(-1.,0.,0.));
#5181=DIRECTION('',(0.,-1.,0.));
#5182=DIRECTION('',(1.,0.,0.));
#5183=DIRECTION('',(0.,-1.,0.));
#5184=DIRECTION('center_axis',(-1.,0.,0.));
#5185=DIRECTION('ref_axis',(0.,0.,-1.));
#5186=DIRECTION('',(0.,0.,1.));
#5187=DIRECTION('',(0.,0.,-1.));
#5188=DIRECTION('center_axis',(0.,-1.,0.));
#5189=DIRECTION('ref_axis',(-1.,0.,0.));
#5190=DIRECTION('',(0.,0.,-1.));
#5191=DIRECTION('',(-1.,0.,6.66133814775093E-15));
#5192=DIRECTION('center_axis',(0.,-1.,0.));
#5193=DIRECTION('ref_axis',(-1.,0.,0.));
#5194=DIRECTION('',(0.,0.,-1.));
#5195=DIRECTION('',(-1.,0.,0.));
#5196=DIRECTION('',(0.,0.,1.));
#5197=DIRECTION('center_axis',(0.,-1.,0.));
#5198=DIRECTION('ref_axis',(-1.,0.,0.));
#5199=DIRECTION('',(-1.,0.,0.));
#5200=DIRECTION('',(0.,0.,1.));
#5201=DIRECTION('',(1.,0.,2.22044604925031E-15));
#5202=DIRECTION('center_axis',(0.,-1.,0.));
#5203=DIRECTION('ref_axis',(-1.,0.,0.));
#5204=DIRECTION('',(0.,0.,1.));
#5205=DIRECTION('',(1.,0.,0.));
#5206=DIRECTION('',(0.,0.,-1.));
#5207=DIRECTION('center_axis',(0.,-1.,0.));
#5208=DIRECTION('ref_axis',(-1.,0.,0.));
#5209=DIRECTION('',(1.,0.,-2.970117864044E-15));
#5210=DIRECTION('',(-0.866025403784433,0.,-0.50000000000001));
#5211=DIRECTION('',(0.,0.,-1.));
#5212=DIRECTION('',(0.866025403784437,0.,-0.500000000000002));
#5213=DIRECTION('',(0.,0.,-1.));
#5214=DIRECTION('center_axis',(0.,-1.,0.));
#5215=DIRECTION('ref_axis',(-1.,0.,-5.55111512312578E-17));
#5216=DIRECTION('center_axis',(0.,-1.,0.));
#5217=DIRECTION('ref_axis',(-1.,0.,-5.55111512312578E-17));
#5218=DIRECTION('center_axis',(0.,-1.,0.));
#5219=DIRECTION('ref_axis',(-1.,0.,-5.55111512312578E-17));
#5220=DIRECTION('center_axis',(0.,-1.,0.));
#5221=DIRECTION('ref_axis',(-1.,0.,-5.55111512312578E-17));
#5222=DIRECTION('center_axis',(0.,-1.,0.));
#5223=DIRECTION('ref_axis',(-1.,0.,-5.55111512312578E-17));
#5224=DIRECTION('center_axis',(0.,-1.,0.));
#5225=DIRECTION('ref_axis',(-1.,0.,-5.55111512312578E-17));
#5226=DIRECTION('center_axis',(0.,-1.,0.));
#5227=DIRECTION('ref_axis',(-1.,0.,-5.55111512312578E-17));
#5228=DIRECTION('center_axis',(0.,-1.,0.));
#5229=DIRECTION('ref_axis',(-1.,0.,-5.55111512312578E-17));
#5230=DIRECTION('center_axis',(0.,1.,0.));
#5231=DIRECTION('ref_axis',(-1.,0.,-5.55111512312578E-17));
#5232=DIRECTION('center_axis',(1.60395183590855E-32,-1.,-6.68976706956867E-17));
#5233=DIRECTION('ref_axis',(-1.,-1.23259516440783E-32,-5.55111512312578E-17));
#5234=DIRECTION('',(0.,-1.,0.));
#5235=DIRECTION('center_axis',(0.,1.,0.));
#5236=DIRECTION('ref_axis',(-1.,0.,-5.55111512312578E-17));
#5237=DIRECTION('center_axis',(0.,1.,0.));
#5238=DIRECTION('ref_axis',(-1.,0.,-5.55111512312578E-17));
#5239=DIRECTION('center_axis',(-1.60395183590855E-32,1.,6.68976706956867E-17));
#5240=DIRECTION('ref_axis',(-1.,-1.23259516440783E-32,-5.55111512312578E-17));
#5241=DIRECTION('',(0.,-1.,0.));
#5242=DIRECTION('center_axis',(-1.60395183590855E-32,1.,6.68976706956867E-17));
#5243=DIRECTION('ref_axis',(-1.,-1.23259516440783E-32,-5.55111512312578E-17));
#5244=DIRECTION('center_axis',(0.,1.,0.));
#5245=DIRECTION('ref_axis',(-1.,0.,-5.55111512312578E-17));
#5246=DIRECTION('center_axis',(1.60395183590855E-32,-1.,-6.68976706956867E-17));
#5247=DIRECTION('ref_axis',(-1.,-1.23259516440783E-32,-5.55111512312578E-17));
#5248=DIRECTION('',(0.,-1.,0.));
#5249=DIRECTION('center_axis',(0.,1.,0.));
#5250=DIRECTION('ref_axis',(-1.,0.,-5.55111512312578E-17));
#5251=DIRECTION('center_axis',(0.,1.,0.));
#5252=DIRECTION('ref_axis',(-1.,0.,-5.55111512312578E-17));
#5253=DIRECTION('center_axis',(-1.60395183590855E-32,1.,6.68976706956867E-17));
#5254=DIRECTION('ref_axis',(-1.,-1.23259516440783E-32,-5.55111512312578E-17));
#5255=DIRECTION('',(0.,-1.,0.));
#5256=DIRECTION('center_axis',(-1.60395183590855E-32,1.,6.68976706956867E-17));
#5257=DIRECTION('ref_axis',(-1.,-1.23259516440783E-32,-5.55111512312578E-17));
#5258=DIRECTION('center_axis',(0.,1.,0.));
#5259=DIRECTION('ref_axis',(-1.,0.,-5.55111512312578E-17));
#5260=DIRECTION('center_axis',(1.60395183590855E-32,-1.,-6.68976706956867E-17));
#5261=DIRECTION('ref_axis',(-1.,-1.23259516440783E-32,-5.55111512312578E-17));
#5262=DIRECTION('',(0.,-1.,0.));
#5263=DIRECTION('center_axis',(0.,1.,0.));
#5264=DIRECTION('ref_axis',(-1.,0.,-5.55111512312578E-17));
#5265=DIRECTION('center_axis',(0.,1.,0.));
#5266=DIRECTION('ref_axis',(-1.,0.,-5.55111512312578E-17));
#5267=DIRECTION('center_axis',(-1.60395183590855E-32,1.,6.68976706956867E-17));
#5268=DIRECTION('ref_axis',(-1.,-1.23259516440783E-32,-5.55111512312578E-17));
#5269=DIRECTION('',(0.,-1.,0.));
#5270=DIRECTION('center_axis',(-1.60395183590855E-32,1.,6.68976706956867E-17));
#5271=DIRECTION('ref_axis',(-1.,-1.23259516440783E-32,-5.55111512312578E-17));
#5272=DIRECTION('center_axis',(0.,1.,0.));
#5273=DIRECTION('ref_axis',(-1.,0.,-5.55111512312578E-17));
#5274=DIRECTION('center_axis',(1.60395183590855E-32,-1.,-6.68976706956867E-17));
#5275=DIRECTION('ref_axis',(-1.,-1.23259516440783E-32,-5.55111512312578E-17));
#5276=DIRECTION('',(0.,-1.,0.));
#5277=DIRECTION('center_axis',(0.,1.,0.));
#5278=DIRECTION('ref_axis',(-1.,0.,-5.55111512312578E-17));
#5279=DIRECTION('center_axis',(0.,1.,0.));
#5280=DIRECTION('ref_axis',(-1.,0.,-5.55111512312578E-17));
#5281=DIRECTION('center_axis',(-1.60395183590855E-32,1.,6.68976706956867E-17));
#5282=DIRECTION('ref_axis',(-1.,-1.23259516440783E-32,-5.55111512312578E-17));
#5283=DIRECTION('',(0.,-1.,0.));
#5284=DIRECTION('center_axis',(-1.60395183590855E-32,1.,6.68976706956867E-17));
#5285=DIRECTION('ref_axis',(-1.,-1.23259516440783E-32,-5.55111512312578E-17));
#5286=DIRECTION('center_axis',(0.,1.,0.));
#5287=DIRECTION('ref_axis',(-1.,0.,-5.55111512312578E-17));
#5288=DIRECTION('center_axis',(1.60395183590855E-32,-1.,-6.68976706956867E-17));
#5289=DIRECTION('ref_axis',(-1.,-1.23259516440783E-32,-5.55111512312578E-17));
#5290=DIRECTION('',(0.,-1.,0.));
#5291=DIRECTION('center_axis',(0.,1.,0.));
#5292=DIRECTION('ref_axis',(-1.,0.,-5.55111512312578E-17));
#5293=DIRECTION('center_axis',(0.,1.,0.));
#5294=DIRECTION('ref_axis',(-1.,0.,-5.55111512312578E-17));
#5295=DIRECTION('center_axis',(-1.60395183590855E-32,1.,6.68976706956867E-17));
#5296=DIRECTION('ref_axis',(-1.,-1.23259516440783E-32,-5.55111512312578E-17));
#5297=DIRECTION('',(0.,-1.,0.));
#5298=DIRECTION('center_axis',(-1.60395183590855E-32,1.,6.68976706956867E-17));
#5299=DIRECTION('ref_axis',(-1.,-1.23259516440783E-32,-5.55111512312578E-17));
#5300=DIRECTION('center_axis',(0.,1.,0.));
#5301=DIRECTION('ref_axis',(-1.,0.,-5.55111512312578E-17));
#5302=DIRECTION('center_axis',(1.60395183590855E-32,-1.,-6.68976706956867E-17));
#5303=DIRECTION('ref_axis',(-1.,-1.23259516440783E-32,-5.55111512312578E-17));
#5304=DIRECTION('',(0.,-1.,0.));
#5305=DIRECTION('center_axis',(0.,1.,0.));
#5306=DIRECTION('ref_axis',(-1.,0.,-5.55111512312578E-17));
#5307=DIRECTION('center_axis',(0.,1.,0.));
#5308=DIRECTION('ref_axis',(-1.,0.,-5.55111512312578E-17));
#5309=DIRECTION('center_axis',(-1.60395183590855E-32,1.,6.68976706956867E-17));
#5310=DIRECTION('ref_axis',(-1.,-1.23259516440783E-32,-5.55111512312578E-17));
#5311=DIRECTION('',(0.,-1.,0.));
#5312=DIRECTION('center_axis',(-1.60395183590855E-32,1.,6.68976706956867E-17));
#5313=DIRECTION('ref_axis',(-1.,-1.23259516440783E-32,-5.55111512312578E-17));
#5314=DIRECTION('center_axis',(0.,1.,0.));
#5315=DIRECTION('ref_axis',(-1.,0.,-5.55111512312578E-17));
#5316=DIRECTION('center_axis',(1.60395183590855E-32,-1.,-6.68976706956867E-17));
#5317=DIRECTION('ref_axis',(-1.,-1.23259516440783E-32,-5.55111512312578E-17));
#5318=DIRECTION('',(0.,-1.,0.));
#5319=DIRECTION('center_axis',(0.,1.,0.));
#5320=DIRECTION('ref_axis',(-1.,0.,-5.55111512312578E-17));
#5321=DIRECTION('center_axis',(0.,1.,0.));
#5322=DIRECTION('ref_axis',(-1.,0.,-5.55111512312578E-17));
#5323=DIRECTION('center_axis',(-1.60395183590855E-32,1.,6.68976706956867E-17));
#5324=DIRECTION('ref_axis',(-1.,-1.23259516440783E-32,-5.55111512312578E-17));
#5325=DIRECTION('',(0.,-1.,0.));
#5326=DIRECTION('center_axis',(-1.60395183590855E-32,1.,6.68976706956867E-17));
#5327=DIRECTION('ref_axis',(-1.,-1.23259516440783E-32,-5.55111512312578E-17));
#5328=DIRECTION('center_axis',(0.,1.,0.));
#5329=DIRECTION('ref_axis',(-1.,0.,-5.55111512312578E-17));
#5330=DIRECTION('center_axis',(1.60395183590855E-32,-1.,-6.68976706956867E-17));
#5331=DIRECTION('ref_axis',(-1.,-1.23259516440783E-32,-5.55111512312578E-17));
#5332=DIRECTION('',(0.,-1.,0.));
#5333=DIRECTION('center_axis',(0.,1.,0.));
#5334=DIRECTION('ref_axis',(-1.,0.,-5.55111512312578E-17));
#5335=DIRECTION('center_axis',(0.,1.,0.));
#5336=DIRECTION('ref_axis',(-1.,0.,-5.55111512312578E-17));
#5337=DIRECTION('center_axis',(-1.60395183590855E-32,1.,6.68976706956867E-17));
#5338=DIRECTION('ref_axis',(-1.,-1.23259516440783E-32,-5.55111512312578E-17));
#5339=DIRECTION('',(0.,-1.,0.));
#5340=DIRECTION('center_axis',(-1.60395183590855E-32,1.,6.68976706956867E-17));
#5341=DIRECTION('ref_axis',(-1.,-1.23259516440783E-32,-5.55111512312578E-17));
#5342=DIRECTION('center_axis',(-0.5,0.,0.866025403784439));
#5343=DIRECTION('ref_axis',(0.,-1.,0.));
#5344=DIRECTION('',(0.,-1.,0.));
#5345=DIRECTION('',(-0.866025403784439,0.,-0.5));
#5346=DIRECTION('',(0.,1.,0.));
#5347=DIRECTION('',(0.866025403784439,0.,0.5));
#5348=DIRECTION('center_axis',(0.,-1.,0.));
#5349=DIRECTION('ref_axis',(-1.,0.,0.));
#5350=DIRECTION('',(-0.866025403784437,0.,0.500000000000002));
#5351=DIRECTION('',(0.,0.,1.));
#5352=DIRECTION('',(-0.866025403784439,0.,0.5));
#5353=DIRECTION('',(0.,0.,-1.));
#5354=DIRECTION('',(0.,0.,1.));
#5355=DIRECTION('',(0.866025403784433,0.,0.50000000000001));
#5356=DIRECTION('',(0.,0.,-1.));
#5357=DIRECTION('center_axis',(-0.5,0.,-0.866025403784439));
#5358=DIRECTION('ref_axis',(0.,1.,0.));
#5359=DIRECTION('',(0.,1.,0.));
#5360=DIRECTION('',(0.,-1.,0.));
#5361=DIRECTION('',(0.866025403784439,0.,-0.5));
#5362=DIRECTION('center_axis',(-1.,0.,0.));
#5363=DIRECTION('ref_axis',(0.,0.,1.));
#5364=DIRECTION('',(0.,0.,1.));
#5365=DIRECTION('',(0.,1.,0.));
#5366=DIRECTION('',(0.,1.,0.));
#5367=DIRECTION('',(0.,0.,1.));
#5368=DIRECTION('center_axis',(1.,0.,0.));
#5369=DIRECTION('ref_axis',(0.,0.,1.));
#5370=DIRECTION('',(0.,-1.,0.));
#5371=DIRECTION('',(0.,0.,1.));
#5372=DIRECTION('',(0.,-1.,0.));
#5373=DIRECTION('',(0.,0.,-1.));
#5374=DIRECTION('center_axis',(0.,-1.,0.));
#5375=DIRECTION('ref_axis',(-1.,0.,0.));
#5376=DIRECTION('',(1.,0.,-6.66133814775093E-15));
#5377=DIRECTION('',(0.,0.,-1.));
#5378=DIRECTION('center_axis',(0.,1.,0.));
#5379=DIRECTION('ref_axis',(1.,0.,0.));
#5380=DIRECTION('',(-1.,0.,0.));
#5381=DIRECTION('',(0.,0.,1.));
#5382=DIRECTION('center_axis',(0.,1.,0.));
#5383=DIRECTION('ref_axis',(-1.,0.,0.));
#5384=DIRECTION('center_axis',(0.,-1.,0.));
#5385=DIRECTION('ref_axis',(-1.,0.,0.));
#5386=DIRECTION('center_axis',(-1.,0.,0.));
#5387=DIRECTION('ref_axis',(0.,0.,1.));
#5388=DIRECTION('',(0.,1.,0.));
#5389=DIRECTION('',(0.,0.,-1.));
#5390=DIRECTION('',(0.,1.,0.));
#5391=DIRECTION('',(0.,0.,1.));
#5392=DIRECTION('',(0.,1.,0.));
#5393=DIRECTION('center_axis',(-0.50000000000001,0.,0.866025403784433));
#5394=DIRECTION('ref_axis',(0.866025403784433,0.,0.50000000000001));
#5395=DIRECTION('',(0.,1.,0.));
#5396=DIRECTION('',(-0.866025403784433,0.,-0.50000000000001));
#5397=DIRECTION('',(0.,1.,0.));
#5398=DIRECTION('',(0.866025403784433,0.,0.50000000000001));
#5399=DIRECTION('center_axis',(-1.,0.,0.));
#5400=DIRECTION('ref_axis',(0.,0.,1.));
#5401=DIRECTION('',(0.,0.,-1.));
#5402=DIRECTION('',(0.,1.,0.));
#5403=DIRECTION('',(0.,0.,1.));
#5404=DIRECTION('center_axis',(0.,1.,0.));
#5405=DIRECTION('ref_axis',(0.,0.,1.));
#5406=DIRECTION('center_axis',(0.,1.,0.));
#5407=DIRECTION('ref_axis',(0.,0.,1.));
#5408=DIRECTION('',(0.,1.,0.));
#5409=DIRECTION('center_axis',(0.,-1.,0.));
#5410=DIRECTION('ref_axis',(0.,0.,1.));
#5411=DIRECTION('center_axis',(0.,0.,-1.));
#5412=DIRECTION('ref_axis',(-1.,0.,0.));
#5413=DIRECTION('',(1.,0.,0.));
#5414=DIRECTION('',(0.,1.,0.));
#5415=DIRECTION('',(0.,1.,0.));
#5416=DIRECTION('',(1.,0.,0.));
#5417=DIRECTION('',(0.,1.,0.));
#5418=DIRECTION('',(-1.,0.,0.));
#5419=DIRECTION('center_axis',(-0.500000000000003,0.,-0.866025403784437));
#5420=DIRECTION('ref_axis',(-0.866025403784437,0.,0.500000000000002));
#5421=DIRECTION('',(-0.866025403784437,0.,0.500000000000002));
#5422=DIRECTION('center_axis',(0.,1.,0.));
#5423=DIRECTION('ref_axis',(1.,0.,0.));
#5424=DIRECTION('center_axis',(0.,-1.,0.));
#5425=DIRECTION('ref_axis',(1.,0.,0.));
#5426=DIRECTION('',(0.,1.,0.));
#5427=DIRECTION('center_axis',(0.,0.,1.));
#5428=DIRECTION('ref_axis',(1.,0.,0.));
#5429=DIRECTION('',(1.,0.,0.));
#5430=DIRECTION('',(0.,1.,0.));
#5431=DIRECTION('',(-1.,0.,0.));
#5432=DIRECTION('',(0.,1.,0.));
#5433=DIRECTION('',(0.,1.,0.));
#5434=DIRECTION('center_axis',(0.,1.,0.));
#5435=DIRECTION('ref_axis',(0.,0.,-1.));
#5436=DIRECTION('center_axis',(0.,1.,0.));
#5437=DIRECTION('ref_axis',(0.,0.,-1.));
#5438=DIRECTION('center_axis',(0.,-1.,0.));
#5439=DIRECTION('ref_axis',(0.,0.,-1.));
#5440=DIRECTION('',(0.,1.,0.));
#5441=DIRECTION('center_axis',(1.,0.,0.));
#5442=DIRECTION('ref_axis',(0.,0.,-1.));
#5443=DIRECTION('',(0.,0.,1.));
#5444=DIRECTION('',(0.,0.,-1.));
#5445=DIRECTION('',(0.,1.,0.));
#5446=DIRECTION('',(0.,0.,1.));
#5447=DIRECTION('',(0.,1.,0.));
#5448=DIRECTION('',(0.,1.,0.));
#5449=DIRECTION('center_axis',(0.,1.,0.));
#5450=DIRECTION('ref_axis',(-1.,0.,0.));
#5451=DIRECTION('center_axis',(0.,1.,0.));
#5452=DIRECTION('ref_axis',(-1.,0.,0.));
#5453=DIRECTION('center_axis',(0.,-1.,0.));
#5454=DIRECTION('ref_axis',(-1.,0.,0.));
#5455=DIRECTION('center_axis',(0.,1.,0.));
#5456=DIRECTION('ref_axis',(-1.,0.,0.));
#5457=DIRECTION('center_axis',(0.,1.,0.));
#5458=DIRECTION('ref_axis',(1.,0.,0.));
#5459=DIRECTION('',(-1.,0.,0.));
#5460=DIRECTION('center_axis',(0.,1.,0.));
#5461=DIRECTION('ref_axis',(0.,0.,-1.));
#5462=DIRECTION('',(0.,0.,1.));
#5463=DIRECTION('center_axis',(0.,1.,0.));
#5464=DIRECTION('ref_axis',(-1.,0.,0.));
#5465=DIRECTION('',(1.,0.,0.));
#5466=DIRECTION('center_axis',(0.,1.,0.));
#5467=DIRECTION('ref_axis',(0.,0.,1.));
#5468=DIRECTION('',(0.,0.,-1.));
#5469=DIRECTION('center_axis',(-2.970117864044E-15,0.,-1.));
#5470=DIRECTION('ref_axis',(-1.,0.,2.970117864044E-15));
#5471=DIRECTION('',(0.,1.,0.));
#5472=DIRECTION('',(-1.,0.,2.970117864044E-15));
#5473=DIRECTION('center_axis',(-1.,0.,0.));
#5474=DIRECTION('ref_axis',(0.,0.,1.));
#5475=DIRECTION('',(0.,0.,1.));
#5476=DIRECTION('',(0.,1.,0.));
#5477=DIRECTION('center_axis',(0.,1.,0.));
#5478=DIRECTION('ref_axis',(-1.,0.,0.));
#5479=DIRECTION('center_axis',(0.,1.,0.));
#5480=DIRECTION('ref_axis',(-1.,0.,0.));
#5481=DIRECTION('center_axis',(-1.,0.,0.));
#5482=DIRECTION('ref_axis',(0.,0.,1.));
#5483=DIRECTION('',(0.,1.,0.));
#5484=DIRECTION('center_axis',(6.66133814775093E-15,0.,1.));
#5485=DIRECTION('ref_axis',(1.,0.,-6.66133814775093E-15));
#5486=DIRECTION('',(0.,1.,0.));
#5487=DIRECTION('center_axis',(1.,0.,0.));
#5488=DIRECTION('ref_axis',(0.,0.,-1.));
#5489=DIRECTION('',(0.,1.,0.));
#5490=DIRECTION('',(0.,0.,-1.));
#5491=DIRECTION('center_axis',(2.22044604925031E-15,0.,-1.));
#5492=DIRECTION('ref_axis',(-1.,0.,-2.22044604925031E-15));
#5493=DIRECTION('',(-1.,0.,-2.22044604925031E-15));
#5494=DIRECTION('',(0.,1.,0.));
#5495=DIRECTION('center_axis',(0.,0.,1.));
#5496=DIRECTION('ref_axis',(1.,0.,0.));
#5497=DIRECTION('',(0.,1.,0.));
#5498=DIRECTION('',(1.,0.,0.));
#5499=DIRECTION('center_axis',(1.,0.,0.));
#5500=DIRECTION('ref_axis',(0.,0.,-1.));
#5501=DIRECTION('',(0.,0.,-1.));
#5502=DIRECTION('',(0.,1.,0.));
#5503=DIRECTION('center_axis',(0.,-1.,0.));
#5504=DIRECTION('ref_axis',(-1.,0.,0.));
#5505=DIRECTION('center_axis',(0.,-1.,0.));
#5506=DIRECTION('ref_axis',(-1.,0.,0.));
#5507=DIRECTION('',(0.,-1.,0.));
#5508=DIRECTION('center_axis',(0.,1.,0.));
#5509=DIRECTION('ref_axis',(-1.,0.,0.));
#5510=DIRECTION('center_axis',(0.,-1.,0.));
#5511=DIRECTION('ref_axis',(-1.,0.,0.));
#5512=DIRECTION('center_axis',(0.,-1.,0.));
#5513=DIRECTION('ref_axis',(-1.,0.,0.));
#5514=DIRECTION('',(0.,-1.,0.));
#5515=DIRECTION('center_axis',(0.,1.,0.));
#5516=DIRECTION('ref_axis',(-1.,0.,0.));
#5517=DIRECTION('center_axis',(0.,-1.,0.));
#5518=DIRECTION('ref_axis',(-1.,0.,0.));
#5519=DIRECTION('center_axis',(0.,-1.,0.));
#5520=DIRECTION('ref_axis',(-1.,0.,0.));
#5521=DIRECTION('',(0.,-1.,0.));
#5522=DIRECTION('center_axis',(0.,1.,0.));
#5523=DIRECTION('ref_axis',(-1.,0.,0.));
#5524=DIRECTION('center_axis',(0.,-1.,0.));
#5525=DIRECTION('ref_axis',(-1.,0.,0.));
#5526=DIRECTION('',(0.,-1.,0.));
#5527=DIRECTION('center_axis',(0.,1.,0.));
#5528=DIRECTION('ref_axis',(-1.,0.,0.));
#5529=DIRECTION('center_axis',(0.,1.,0.));
#5530=DIRECTION('ref_axis',(-1.,0.,0.));
#5531=DIRECTION('center_axis',(0.,-1.,0.));
#5532=DIRECTION('ref_axis',(-1.,0.,0.));
#5533=DIRECTION('center_axis',(0.,1.,0.));
#5534=DIRECTION('ref_axis',(-1.,0.,0.));
#5535=DIRECTION('center_axis',(0.,1.,0.));
#5536=DIRECTION('ref_axis',(-1.,0.,0.));
#5537=DIRECTION('center_axis',(0.,-1.,0.));
#5538=DIRECTION('ref_axis',(-1.,0.,0.));
#5539=DIRECTION('center_axis',(0.,1.,0.));
#5540=DIRECTION('ref_axis',(-1.,0.,0.));
#5541=DIRECTION('center_axis',(0.,1.,0.));
#5542=DIRECTION('ref_axis',(-1.,0.,0.));
#5543=DIRECTION('center_axis',(0.,-1.,0.));
#5544=DIRECTION('ref_axis',(-1.,0.,0.));
#5545=DIRECTION('center_axis',(0.50000000000001,0.,-0.866025403784433));
#5546=DIRECTION('ref_axis',(0.866025403784433,0.,0.50000000000001));
#5547=DIRECTION('',(0.,1.,0.));
#5548=DIRECTION('',(0.866025403784433,0.,0.50000000000001));
#5549=DIRECTION('',(0.,-1.,0.));
#5550=DIRECTION('center_axis',(1.,0.,0.));
#5551=DIRECTION('ref_axis',(0.,0.,1.));
#5552=DIRECTION('',(0.,0.,1.));
#5553=DIRECTION('',(0.,-1.,0.));
#5554=DIRECTION('center_axis',(0.500000000000003,0.,0.866025403784437));
#5555=DIRECTION('ref_axis',(-0.866025403784437,0.,0.500000000000002));
#5556=DIRECTION('',(-0.866025403784437,0.,0.500000000000002));
#5557=DIRECTION('center_axis',(0.,-1.,0.));
#5558=DIRECTION('ref_axis',(0.,0.,-1.));
#5559=DIRECTION('center_axis',(0.,-1.,0.));
#5560=DIRECTION('ref_axis',(0.,0.,-1.));
#5561=DIRECTION('',(0.,-1.,0.));
#5562=DIRECTION('center_axis',(0.,0.,-1.));
#5563=DIRECTION('ref_axis',(1.,0.,0.));
#5564=DIRECTION('',(1.,0.,0.));
#5565=DIRECTION('',(0.,-1.,0.));
#5566=DIRECTION('center_axis',(0.,-1.,0.));
#5567=DIRECTION('ref_axis',(-1.,0.,0.));
#5568=DIRECTION('center_axis',(0.,-1.,0.));
#5569=DIRECTION('ref_axis',(-1.,0.,0.));
#5570=DIRECTION('',(0.,-1.,0.));
#5571=DIRECTION('center_axis',(-1.,0.,0.));
#5572=DIRECTION('ref_axis',(0.,0.,-1.));
#5573=DIRECTION('',(0.,0.,-1.));
#5574=DIRECTION('',(0.,-1.,0.));
#5575=DIRECTION('center_axis',(0.,-1.,0.));
#5576=DIRECTION('ref_axis',(0.,0.,1.));
#5577=DIRECTION('center_axis',(0.,-1.,0.));
#5578=DIRECTION('ref_axis',(0.,0.,1.));
#5579=DIRECTION('',(0.,-1.,0.));
#5580=DIRECTION('center_axis',(0.,0.,1.));
#5581=DIRECTION('ref_axis',(-1.,0.,0.));
#5582=DIRECTION('',(-1.,0.,0.));
#5583=DIRECTION('',(0.,-1.,0.));
#5584=DIRECTION('center_axis',(0.,-1.,0.));
#5585=DIRECTION('ref_axis',(1.,0.,0.));
#5586=DIRECTION('center_axis',(0.,-1.,0.));
#5587=DIRECTION('ref_axis',(1.,0.,0.));
#5588=DIRECTION('',(0.,-1.,0.));
#5589=DIRECTION('center_axis',(1.,0.,0.));
#5590=DIRECTION('ref_axis',(0.,0.,1.));
#5591=DIRECTION('',(0.,0.,1.));
#5592=DIRECTION('center_axis',(0.,-1.,0.));
#5593=DIRECTION('ref_axis',(-1.,0.,0.));
#5594=DIRECTION('',(0.,0.,1.));
#5595=DIRECTION('',(1.,0.,0.));
#5596=DIRECTION('',(0.,0.,1.));
#5597=DIRECTION('',(1.,0.,0.));
#5598=CARTESIAN_POINT('',(0.,0.,0.));
#5599=CARTESIAN_POINT('',(0.,0.,0.));
#5600=CARTESIAN_POINT('Origin',(58.5459019971984,0.,17.5718286223799));
#5601=CARTESIAN_POINT('',(58.5459019971984,0.,48.7693627314187));
#5602=CARTESIAN_POINT('',(58.5459019971984,-2.57735026918962,48.7693627314187));
#5603=CARTESIAN_POINT('',(58.5459019971984,-1.,48.7693627314187));
#5604=CARTESIAN_POINT('',(58.5459019971984,0.,46.7693627314187));
#5605=CARTESIAN_POINT('',(58.5459019971984,0.,54.1920124622291));
#5606=CARTESIAN_POINT('',(58.5459019971984,-0.577350269189622,46.7693627314187));
#5607=CARTESIAN_POINT('',(58.5459019971984,0.,46.7693627314187));
#5608=CARTESIAN_POINT('',(58.5459019971984,-0.577350269189623,29.6146621930394));
#5609=CARTESIAN_POINT('',(58.5459019971984,-0.577350269189624,23.8819205423045));
#5610=CARTESIAN_POINT('',(58.5459019971984,0.,29.6146621930394));
#5611=CARTESIAN_POINT('',(58.5459019971984,6.75,29.6146621930394));
#5612=CARTESIAN_POINT('',(58.5459019971984,0.,27.6146621930394));
#5613=CARTESIAN_POINT('',(58.5459019971984,0.,54.1920124622291));
#5614=CARTESIAN_POINT('',(58.5459019971984,-2.57735026918962,27.6146621930394));
#5615=CARTESIAN_POINT('',(58.5459019971984,7.75,27.6146621930394));
#5616=CARTESIAN_POINT('',(58.5459019971984,-2.57735026918962,22.8819205423045));
#5617=CARTESIAN_POINT('Origin',(50.6033448261956,0.,35.8819205423045));
#5618=CARTESIAN_POINT('',(57.5459019971984,0.,28.1920124622291));
#5619=CARTESIAN_POINT('',(53.2775291205442,0.,30.6563586915671));
#5620=CARTESIAN_POINT('',(57.5459019971984,0.,30.1920124622291));
#5621=CARTESIAN_POINT('',(53.7105418224365,0.,32.4063586915671));
#5622=CARTESIAN_POINT('',(57.5459019971984,0.,37.0369665022668));
#5623=CARTESIAN_POINT('Origin',(57.5459019971984,-2.,48.1920124622291));
#5624=CARTESIAN_POINT('',(57.8607283309119,2.22044604925031E-15,48.3737775307465));
#5625=CARTESIAN_POINT('',(52.2772299766783,0.,45.1501432529099));
#5626=CARTESIAN_POINT('',(63.6080798236895,-5.5,51.6920124622291));
#5627=CARTESIAN_POINT('',(54.0818003820607,2.22044604925031E-15,46.1920124622291));
#5628=CARTESIAN_POINT('',(68.5459019971984,-5.5,54.542865423315));
#5629=CARTESIAN_POINT('',(57.1851217124926,-5.5,47.9837158677358));
#5630=CARTESIAN_POINT('',(68.5459019971984,15.5,54.542865423315));
#5631=CARTESIAN_POINT('',(68.5459019971984,15.5,54.542865423315));
#5632=CARTESIAN_POINT('',(57.8607283309119,15.5,48.3737775307465));
#5633=CARTESIAN_POINT('',(19.0693026951624,15.5,25.9775374976972));
#5634=CARTESIAN_POINT('',(57.8607283309119,15.5,48.3737775307465));
#5635=CARTESIAN_POINT('Origin',(57.5459019971984,-2.,28.1920124622291));
#5636=CARTESIAN_POINT('',(63.6080798236895,-5.5,24.6920124622291));
#5637=CARTESIAN_POINT('',(54.5148130839529,-0.249999999999999,29.9420124622291));
#5638=CARTESIAN_POINT('',(63.6080798236895,-5.5,31.6962438209428));
#5639=CARTESIAN_POINT('Origin',(57.5459019971984,15.5,28.1920124622291));
#5640=CARTESIAN_POINT('',(57.5459019971984,15.5,28.1920124622291));
#5641=CARTESIAN_POINT('',(57.5459019971984,-2.,28.1920124622291));
#5642=CARTESIAN_POINT('',(68.5459019971984,15.5,21.8411595011432));
#5643=CARTESIAN_POINT('',(38.5548742803123,15.5,39.1564874267609));
#5644=CARTESIAN_POINT('',(68.5459019971984,-5.5,21.8411595011432));
#5645=CARTESIAN_POINT('',(68.5459019971984,-2.,21.8411595011432));
#5646=CARTESIAN_POINT('',(58.4804953540306,-5.5,27.6524247360792));
#5647=CARTESIAN_POINT('Origin',(57.5459019971984,0.,30.1920124622291));
#5648=CARTESIAN_POINT('',(67.0721814388273,-5.5,51.6920124622291));
#5649=CARTESIAN_POINT('',(54.7746207050882,1.6,44.5920124622291));
#5650=CARTESIAN_POINT('',(67.0721814388273,-5.5,24.6920124622291));
#5651=CARTESIAN_POINT('',(67.0721814388273,-5.5,32.6962438209428));
#5652=CARTESIAN_POINT('',(55.2076334069805,1.35,31.5420124622291));
#5653=CARTESIAN_POINT('Origin',(57.5459019971984,0.,46.1920124622291));
#5654=CARTESIAN_POINT('',(57.5459019971984,0.,46.1920124622291));
#5655=CARTESIAN_POINT('',(52.7102426785705,0.,43.4001432529099));
#5656=CARTESIAN_POINT('',(57.5459019971984,13.5,46.1920124622291));
#5657=CARTESIAN_POINT('',(57.5459019971984,3.375,46.1920124622291));
#5658=CARTESIAN_POINT('',(59.7420544199051,14.7679491924311,47.4599616546602));
#5659=CARTESIAN_POINT('',(55.2076334069805,12.15,44.8420124622291));
#5660=CARTESIAN_POINT('',(60.7420544199051,16.5,48.0373119238498));
#5661=CARTESIAN_POINT('Origin',(58.7420544199051,16.5,46.8826113854706));
#5662=CARTESIAN_POINT('',(68.5459019971984,16.5,52.542865423315));
#5663=CARTESIAN_POINT('',(19.5023153970546,16.5,24.2275374976972));
#5664=CARTESIAN_POINT('',(68.5459019971984,-5.5,52.542865423315));
#5665=CARTESIAN_POINT('',(68.5459019971984,9.25,52.542865423315));
#5666=CARTESIAN_POINT('',(57.6181344143848,-5.5,46.2337158677358));
#5667=CARTESIAN_POINT('Origin',(57.5459019971984,6.75,38.1920124622291));
#5668=CARTESIAN_POINT('',(57.5459019971984,13.5,30.1920124622291));
#5669=CARTESIAN_POINT('',(57.5459019971984,10.125,30.1920124622291));
#5670=CARTESIAN_POINT('',(57.5459019971984,15.5,30.1920124622291));
#5671=CARTESIAN_POINT('',(57.5459019971984,18.5,30.1920124622291));
#5672=CARTESIAN_POINT('',(57.5459019971985,15.5,20.6920124622291));
#5673=CARTESIAN_POINT('Origin',(-13.3040980028016,17.5,-6.80798753777095));
#5674=CARTESIAN_POINT('',(-49.0540980028016,17.5,-25.1579875377709));
#5675=CARTESIAN_POINT('Origin',(-47.0540980028016,17.5,-25.1579875377709));
#5676=CARTESIAN_POINT('Origin',(-13.3040980028016,17.5,-6.80798753777095));
#5677=CARTESIAN_POINT('',(17.6959019971984,17.5,11.5420124622291));
#5678=CARTESIAN_POINT('Origin',(19.6959019971984,17.5,11.5420124622291));
#5679=CARTESIAN_POINT('Origin',(-13.3040980028016,17.5,-6.80798753777095));
#5680=CARTESIAN_POINT('',(-49.0540980028016,17.5,11.5420124622291));
#5681=CARTESIAN_POINT('Origin',(-47.0540980028016,17.5,11.5420124622291));
#5682=CARTESIAN_POINT('Origin',(-13.3040980028016,17.5,-6.80798753777095));
#5683=CARTESIAN_POINT('',(17.6959019971984,17.5,-25.1579875377709));
#5684=CARTESIAN_POINT('Origin',(19.6959019971984,17.5,-25.1579875377709));
#5685=CARTESIAN_POINT('Origin',(-48.0540980028016,15.5,-40.1079875377709));
#5686=CARTESIAN_POINT('',(-50.0540980028016,-5.5,-40.1079875377709));
#5687=CARTESIAN_POINT('Origin',(-48.0540980028016,-5.5,-40.1079875377709));
#5688=CARTESIAN_POINT('',(-50.0540980028016,15.5,-40.1079875377709));
#5689=CARTESIAN_POINT('',(-50.0540980028016,15.5,-40.1079875377709));
#5690=CARTESIAN_POINT('Origin',(-48.0540980028016,15.5,-40.1079875377709));
#5691=CARTESIAN_POINT('Origin',(-48.0540980028016,15.5,-40.1079875377709));
#5692=CARTESIAN_POINT('',(-51.5540980028016,-5.5,-40.1079875377709));
#5693=CARTESIAN_POINT('Origin',(-48.0540980028016,-5.5,-40.1079875377709));
#5694=CARTESIAN_POINT('',(-51.5540980028016,15.5,-40.1079875377709));
#5695=CARTESIAN_POINT('',(-51.5540980028016,15.5,-40.1079875377709));
#5696=CARTESIAN_POINT('Origin',(-48.0540980028016,15.5,-40.1079875377709));
#5697=CARTESIAN_POINT('Origin',(-48.0540980028016,-5.5,-40.1079875377709));
#5698=CARTESIAN_POINT('Origin',(-13.3040980028016,15.5,-6.80798753777095));
#5699=CARTESIAN_POINT('',(68.5459019971984,15.5,59.1920124622291));
#5700=CARTESIAN_POINT('',(68.5459019971984,15.5,-47.1079875377709));
#5701=CARTESIAN_POINT('',(63.5459019971984,15.5,64.1920124622291));
#5702=CARTESIAN_POINT('Origin',(63.5459019971984,15.5,59.1920124622291));
#5703=CARTESIAN_POINT('',(-50.0540980028016,15.5,64.1920124622291));
#5704=CARTESIAN_POINT('',(68.5459019971984,15.5,64.1920124622291));
#5705=CARTESIAN_POINT('',(-55.0540980028016,15.5,59.1920124622291));
#5706=CARTESIAN_POINT('Origin',(-50.0540980028016,15.5,59.1920124622291));
#5707=CARTESIAN_POINT('',(-55.0540980028016,15.5,-42.1079875377709));
#5708=CARTESIAN_POINT('',(-55.0540980028016,15.5,64.1920124622291));
#5709=CARTESIAN_POINT('',(-50.0540980028016,15.5,-47.1079875377709));
#5710=CARTESIAN_POINT('Origin',(-50.0540980028016,15.5,-42.1079875377709));
#5711=CARTESIAN_POINT('',(63.5459019971984,15.5,-47.1079875377709));
#5712=CARTESIAN_POINT('',(-55.0540980028016,15.5,-47.1079875377709));
#5713=CARTESIAN_POINT('',(68.5459019971984,15.5,-42.1079875377709));
#5714=CARTESIAN_POINT('Origin',(63.5459019971984,15.5,-42.1079875377709));
#5715=CARTESIAN_POINT('',(68.5459019971984,15.5,-47.1079875377709));
#5716=CARTESIAN_POINT('',(39.5459019971984,15.5,30.1920124622291));
#5717=CARTESIAN_POINT('',(13.1209019971984,15.5,30.1920124622291));
#5718=CARTESIAN_POINT('',(39.5459019971984,15.5,46.1920124622291));
#5719=CARTESIAN_POINT('',(39.5459019971984,15.5,19.6920124622291));
#5720=CARTESIAN_POINT('',(57.5459019971984,15.5,46.1920124622291));
#5721=CARTESIAN_POINT('',(22.1209019971984,15.5,46.1920124622291));
#5722=CARTESIAN_POINT('',(57.5459019971984,15.5,48.0392439281018));
#5723=CARTESIAN_POINT('',(57.5459019971985,15.5,20.6920124622291));
#5724=CARTESIAN_POINT('Origin',(55.16,15.5,50.6000000000002));
#5725=CARTESIAN_POINT('',(58.0459019971984,15.5,-40.1079875377709));
#5726=CARTESIAN_POINT('Origin',(61.5459019971984,15.5,-40.1079875377709));
#5727=CARTESIAN_POINT('',(58.0459019971984,15.5,57.1920124622291));
#5728=CARTESIAN_POINT('Origin',(61.5459019971984,15.5,57.1920124622291));
#5729=CARTESIAN_POINT('',(-38.29,15.5,-33.43));
#5730=CARTESIAN_POINT('Origin',(-34.79,15.5,-33.43));
#5731=CARTESIAN_POINT('',(17.1459019971984,15.5,-27.5553819567183));
#5732=CARTESIAN_POINT('',(17.1459019971984,15.5,-22.7605931188236));
#5733=CARTESIAN_POINT('',(17.1459019971984,15.5,-14.7842903282973));
#5734=CARTESIAN_POINT('Origin',(19.6959019971984,15.5,-25.1579875377709));
#5735=CARTESIAN_POINT('',(-44.0540980028016,15.5,-23.355211900039));
#5736=CARTESIAN_POINT('',(-44.0540980028016,15.5,-26.9607631755029));
#5737=CARTESIAN_POINT('',(-44.0540980028016,15.5,-16.8843753566369));
#5738=CARTESIAN_POINT('Origin',(-47.0540980028016,15.5,-25.1579875377709));
#5739=CARTESIAN_POINT('',(-41.0540980028016,15.5,11.9920124622291));
#5740=CARTESIAN_POINT('',(-41.0540980028016,15.5,-25.607987537771));
#5741=CARTESIAN_POINT('',(-41.0540980028016,15.5,11.9920124622291));
#5742=CARTESIAN_POINT('',(9.44590199719844,15.5,11.9920124622291));
#5743=CARTESIAN_POINT('',(9.44590199719844,15.5,11.9920124622291));
#5744=CARTESIAN_POINT('',(9.44590199719844,15.5,-25.607987537771));
#5745=CARTESIAN_POINT('',(9.44590199719844,15.5,-25.607987537771));
#5746=CARTESIAN_POINT('',(-41.0540980028016,15.5,-25.607987537771));
#5747=CARTESIAN_POINT('',(-9.67909800280157,15.5,16.4420124622291));
#5748=CARTESIAN_POINT('',(-22.9290980028016,15.5,16.4420124622291));
#5749=CARTESIAN_POINT('',(-39.1790980028016,15.5,16.4420124622291));
#5750=CARTESIAN_POINT('',(-22.9290980028016,15.5,25.9420124622291));
#5751=CARTESIAN_POINT('',(-22.9290980028016,15.5,16.4420124622291));
#5752=CARTESIAN_POINT('',(-9.67909800280157,15.5,25.9420124622291));
#5753=CARTESIAN_POINT('',(-39.1790980028016,15.5,25.9420124622291));
#5754=CARTESIAN_POINT('',(-9.67909800280157,15.5,16.4420124622291));
#5755=CARTESIAN_POINT('',(-39.1790980028016,15.5,16.4420124622291));
#5756=CARTESIAN_POINT('',(-39.1790980028016,15.5,25.9420124622291));
#5757=CARTESIAN_POINT('',(-39.1790980028016,15.5,50.9420124622291));
#5758=CARTESIAN_POINT('',(-25.9290980028016,15.5,25.9420124622291));
#5759=CARTESIAN_POINT('',(-39.1790980028016,15.5,25.9420124622291));
#5760=CARTESIAN_POINT('',(-25.9290980028016,15.5,16.4420124622291));
#5761=CARTESIAN_POINT('',(-25.9290980028016,15.5,16.4420124622291));
#5762=CARTESIAN_POINT('',(-39.1790980028016,15.5,16.4420124622291));
#5763=CARTESIAN_POINT('',(-6.67909800280157,15.5,38.4420124622291));
#5764=CARTESIAN_POINT('',(6.57090199719844,15.5,38.4420124622291));
#5765=CARTESIAN_POINT('',(-39.1790980028016,15.5,38.4420124622291));
#5766=CARTESIAN_POINT('',(6.57090199719844,15.5,28.9420124622291));
#5767=CARTESIAN_POINT('',(6.57090199719843,15.5,16.4420124622291));
#5768=CARTESIAN_POINT('',(-6.67909800280157,15.5,28.9420124622291));
#5769=CARTESIAN_POINT('',(-39.1790980028016,15.5,28.9420124622291));
#5770=CARTESIAN_POINT('',(-6.67909800280157,15.5,16.4420124622291));
#5771=CARTESIAN_POINT('',(-6.67909800280157,15.5,50.9420124622291));
#5772=CARTESIAN_POINT('',(6.57090199719844,15.5,50.9420124622291));
#5773=CARTESIAN_POINT('',(-39.1790980028016,15.5,50.9420124622291));
#5774=CARTESIAN_POINT('',(6.57090199719844,15.5,41.4420124622291));
#5775=CARTESIAN_POINT('',(6.57090199719843,15.5,16.4420124622291));
#5776=CARTESIAN_POINT('',(-6.67909800280157,15.5,41.4420124622291));
#5777=CARTESIAN_POINT('',(-39.1790980028016,15.5,41.4420124622291));
#5778=CARTESIAN_POINT('',(-6.67909800280157,15.5,16.4420124622291));
#5779=CARTESIAN_POINT('',(-6.67909800280157,15.5,16.4420124622291));
#5780=CARTESIAN_POINT('',(-6.67909800280157,15.5,25.9420124622291));
#5781=CARTESIAN_POINT('',(-6.67909800280157,15.5,16.4420124622291));
#5782=CARTESIAN_POINT('',(6.57090199719844,15.5,25.9420124622291));
#5783=CARTESIAN_POINT('',(-39.1790980028016,15.5,25.9420124622291));
#5784=CARTESIAN_POINT('',(6.57090199719844,15.5,16.4420124622291));
#5785=CARTESIAN_POINT('',(6.57090199719843,15.5,16.4420124622291));
#5786=CARTESIAN_POINT('',(-39.1790980028016,15.5,16.4420124622291));
#5787=CARTESIAN_POINT('',(14.5209019971984,15.5,25.9420124622291));
#5788=CARTESIAN_POINT('',(27.7709019971984,15.5,25.9420124622291));
#5789=CARTESIAN_POINT('',(27.7709019971984,15.5,25.9420124622291));
#5790=CARTESIAN_POINT('',(27.7709019971984,15.5,16.4420124622291));
#5791=CARTESIAN_POINT('',(27.7709019971984,15.5,16.4420124622291));
#5792=CARTESIAN_POINT('',(14.5209019971984,15.5,16.4420124622291));
#5793=CARTESIAN_POINT('',(14.5209019971984,15.5,16.4420124622291));
#5794=CARTESIAN_POINT('',(14.5209019971984,15.5,25.9420124622291));
#5795=CARTESIAN_POINT('',(27.9396824633761,15.5,-5.11804543094688));
#5796=CARTESIAN_POINT('Origin',(38.9396824633761,15.5,-5.11804543094688));
#5797=CARTESIAN_POINT('',(-44.0540980028016,15.5,13.3447880999611));
#5798=CARTESIAN_POINT('',(-44.0540980028016,15.5,9.73923682449706));
#5799=CARTESIAN_POINT('',(-44.0540980028016,15.5,1.46562464336306));
#5800=CARTESIAN_POINT('Origin',(-47.0540980028016,15.5,11.5420124622291));
#5801=CARTESIAN_POINT('',(17.1459019971984,15.5,9.14461804328166));
#5802=CARTESIAN_POINT('',(17.1459019971984,15.5,13.9394068811764));
#5803=CARTESIAN_POINT('',(17.1459019971984,15.5,3.56570967170275));
#5804=CARTESIAN_POINT('Origin',(19.6959019971984,15.5,11.5420124622291));
#5805=CARTESIAN_POINT('',(51.66,15.5,-33.43));
#5806=CARTESIAN_POINT('Origin',(55.16,15.5,-33.43));
#5807=CARTESIAN_POINT('',(-17.9290980028016,15.5,41.4420124622291));
#5808=CARTESIAN_POINT('',(-17.9290980028016,15.5,38.4420124622291));
#5809=CARTESIAN_POINT('',(-17.9290980028016,15.5,15.8170124622291));
#5810=CARTESIAN_POINT('',(-9.67909800280157,15.5,38.4420124622291));
#5811=CARTESIAN_POINT('',(-39.1790980028016,15.5,38.4420124622291));
#5812=CARTESIAN_POINT('',(-9.67909800280157,15.5,28.9420124622291));
#5813=CARTESIAN_POINT('',(-9.67909800280157,15.5,16.4420124622291));
#5814=CARTESIAN_POINT('',(-22.9290980028016,15.5,28.9420124622291));
#5815=CARTESIAN_POINT('',(-39.1790980028016,15.5,28.9420124622291));
#5816=CARTESIAN_POINT('',(-22.9290980028016,15.5,33.4420124622291));
#5817=CARTESIAN_POINT('',(-22.9290980028016,15.5,16.4420124622291));
#5818=CARTESIAN_POINT('',(-25.9290980028016,15.5,33.4420124622291));
#5819=CARTESIAN_POINT('',(-19.6165980028016,15.5,33.4420124622291));
#5820=CARTESIAN_POINT('',(-25.9290980028016,15.5,28.9420124622291));
#5821=CARTESIAN_POINT('',(-25.9290980028016,15.5,16.4420124622291));
#5822=CARTESIAN_POINT('',(-39.1790980028016,15.5,28.9420124622291));
#5823=CARTESIAN_POINT('',(-39.1790980028016,15.5,28.9420124622291));
#5824=CARTESIAN_POINT('',(-39.1790980028016,15.5,38.4420124622291));
#5825=CARTESIAN_POINT('',(-39.1790980028016,15.5,50.9420124622291));
#5826=CARTESIAN_POINT('',(-30.9290980028016,15.5,38.4420124622291));
#5827=CARTESIAN_POINT('',(-39.1790980028016,15.5,38.4420124622291));
#5828=CARTESIAN_POINT('',(-30.9290980028016,15.5,41.4420124622291));
#5829=CARTESIAN_POINT('',(-30.9290980028016,15.5,17.3170124622291));
#5830=CARTESIAN_POINT('',(-39.1790980028016,15.5,41.4420124622291));
#5831=CARTESIAN_POINT('',(-39.1790980028016,15.5,41.4420124622291));
#5832=CARTESIAN_POINT('',(-39.1790980028016,15.5,50.9420124622291));
#5833=CARTESIAN_POINT('',(-39.1790980028016,15.5,50.9420124622291));
#5834=CARTESIAN_POINT('',(-25.9290980028016,15.5,50.9420124622291));
#5835=CARTESIAN_POINT('',(-39.1790980028016,15.5,50.9420124622291));
#5836=CARTESIAN_POINT('',(-25.9290980028016,15.5,46.4420124622291));
#5837=CARTESIAN_POINT('',(-25.9290980028016,15.5,16.4420124622291));
#5838=CARTESIAN_POINT('',(-22.9290980028016,15.5,46.4420124622291));
#5839=CARTESIAN_POINT('',(-18.1165980028016,15.5,46.4420124622291));
#5840=CARTESIAN_POINT('',(-22.9290980028016,15.5,50.9420124622291));
#5841=CARTESIAN_POINT('',(-22.9290980028016,15.5,16.4420124622291));
#5842=CARTESIAN_POINT('',(-9.67909800280157,15.5,50.9420124622291));
#5843=CARTESIAN_POINT('',(-39.1790980028016,15.5,50.9420124622291));
#5844=CARTESIAN_POINT('',(-9.67909800280157,15.5,41.4420124622291));
#5845=CARTESIAN_POINT('',(-9.67909800280157,15.5,16.4420124622291));
#5846=CARTESIAN_POINT('',(-39.1790980028016,15.5,41.4420124622291));
#5847=CARTESIAN_POINT('',(-51.5540980028016,15.5,57.1920124622291));
#5848=CARTESIAN_POINT('Origin',(-48.0540980028016,15.5,57.1920124622291));
#5849=CARTESIAN_POINT('Origin',(61.5459019971984,15.5,-40.1079875377709));
#5850=CARTESIAN_POINT('',(59.5459019971984,-5.5,-40.1079875377709));
#5851=CARTESIAN_POINT('Origin',(61.5459019971984,-5.5,-40.1079875377709));
#5852=CARTESIAN_POINT('',(59.5459019971984,15.5,-40.1079875377709));
#5853=CARTESIAN_POINT('',(59.5459019971984,15.5,-40.1079875377709));
#5854=CARTESIAN_POINT('Origin',(61.5459019971984,15.5,-40.1079875377709));
#5855=CARTESIAN_POINT('Origin',(61.5459019971984,15.5,-40.1079875377709));
#5856=CARTESIAN_POINT('',(58.0459019971984,-5.5,-40.1079875377709));
#5857=CARTESIAN_POINT('Origin',(61.5459019971984,-5.5,-40.1079875377709));
#5858=CARTESIAN_POINT('',(58.0459019971984,15.5,-40.1079875377709));
#5859=CARTESIAN_POINT('Origin',(61.5459019971984,-5.5,-40.1079875377709));
#5860=CARTESIAN_POINT('Origin',(-13.3040980028016,15.5,-6.80798753777095));
#5861=CARTESIAN_POINT('Origin',(-48.0540980028016,15.5,57.1920124622291));
#5862=CARTESIAN_POINT('',(-50.0540980028016,-5.5,57.1920124622291));
#5863=CARTESIAN_POINT('Origin',(-48.0540980028016,-5.5,57.1920124622291));
#5864=CARTESIAN_POINT('',(-50.0540980028016,15.5,57.1920124622291));
#5865=CARTESIAN_POINT('',(-50.0540980028016,15.5,57.1920124622291));
#5866=CARTESIAN_POINT('Origin',(-48.0540980028016,15.5,57.1920124622291));
#5867=CARTESIAN_POINT('Origin',(-48.0540980028016,15.5,57.1920124622291));
#5868=CARTESIAN_POINT('',(-51.5540980028016,-5.5,57.1920124622291));
#5869=CARTESIAN_POINT('Origin',(-48.0540980028016,-5.5,57.1920124622291));
#5870=CARTESIAN_POINT('',(-51.5540980028016,15.5,57.1920124622291));
#5871=CARTESIAN_POINT('Origin',(-48.0540980028016,-5.5,57.1920124622291));
#5872=CARTESIAN_POINT('Origin',(-13.3040980028016,15.5,-6.80798753777095));
#5873=CARTESIAN_POINT('Origin',(61.5459019971984,15.5,57.1920124622291));
#5874=CARTESIAN_POINT('',(59.5459019971984,-5.5,57.1920124622291));
#5875=CARTESIAN_POINT('Origin',(61.5459019971984,-5.5,57.1920124622291));
#5876=CARTESIAN_POINT('',(59.5459019971984,15.5,57.1920124622291));
#5877=CARTESIAN_POINT('',(59.5459019971984,15.5,57.1920124622291));
#5878=CARTESIAN_POINT('Origin',(61.5459019971984,15.5,57.1920124622291));
#5879=CARTESIAN_POINT('Origin',(61.5459019971984,15.5,57.1920124622291));
#5880=CARTESIAN_POINT('',(58.0459019971984,-5.5,57.1920124622291));
#5881=CARTESIAN_POINT('Origin',(61.5459019971984,-5.5,57.1920124622291));
#5882=CARTESIAN_POINT('',(58.0459019971984,15.5,57.1920124622291));
#5883=CARTESIAN_POINT('Origin',(61.5459019971984,-5.5,57.1920124622291));
#5884=CARTESIAN_POINT('Origin',(-13.3040980028016,15.5,-6.80798753777095));
#5885=CARTESIAN_POINT('Origin',(64.0844887852631,-5.5,35.2004751796565));
#5886=CARTESIAN_POINT('',(68.5459019971984,-5.5,23.8411595011432));
#5887=CARTESIAN_POINT('',(68.5459019971984,-5.5,-5.95375617905724));
#5888=CARTESIAN_POINT('',(58.9135080559228,-5.5,29.4024247360792));
#5889=CARTESIAN_POINT('',(68.5459019971984,-5.5,-5.95375617905724));
#5890=CARTESIAN_POINT('Origin',(57.5459019971984,13.5,30.1920124622291));
#5891=CARTESIAN_POINT('',(68.5459019971984,16.5,23.8411595011432));
#5892=CARTESIAN_POINT('',(68.5459019971984,16.,23.8411595011432));
#5893=CARTESIAN_POINT('',(60.7420544199051,16.5,28.3467130006083));
#5894=CARTESIAN_POINT('',(38.9878869822045,16.5,40.9064874267609));
#5895=CARTESIAN_POINT('',(59.7420544199051,14.7679491924311,28.9240632697979));
#5896=CARTESIAN_POINT('Origin',(58.7420544199051,16.5,29.5014135389876));
#5897=CARTESIAN_POINT('',(54.7746207050882,11.9,31.7920124622291));
#5898=CARTESIAN_POINT('Origin',(68.5459019971984,18.5,-47.1079875377709));
#5899=CARTESIAN_POINT('',(68.5459019971984,18.5,54.8522665000735));
#5900=CARTESIAN_POINT('Origin',(68.5459019971984,16.5,54.8522665000734));
#5901=CARTESIAN_POINT('',(68.5459019971984,18.5,59.1920124622291));
#5902=CARTESIAN_POINT('',(68.5459019971984,18.5,-47.1079875377709));
#5903=CARTESIAN_POINT('',(68.5459019971984,18.5,59.1920124622291));
#5904=CARTESIAN_POINT('Origin',(68.5459019971984,18.5,-47.1079875377709));
#5905=CARTESIAN_POINT('',(68.5459019971984,18.5,-42.1079875377709));
#5906=CARTESIAN_POINT('',(68.5459019971984,18.5,-42.1079875377709));
#5907=CARTESIAN_POINT('',(68.5459019971984,18.5,21.5317584243847));
#5908=CARTESIAN_POINT('',(68.5459019971984,18.5,-4.55399348576341));
#5909=CARTESIAN_POINT('Origin',(68.5459019971984,16.5,21.5317584243847));
#5910=CARTESIAN_POINT('Origin',(18.5023153970546,16.5,25.9595883052661));
#5911=CARTESIAN_POINT('',(58.7420544199051,18.5,49.1920124622291));
#5912=CARTESIAN_POINT('',(18.5023153970546,18.5,25.9595883052661));
#5913=CARTESIAN_POINT('Origin',(58.7420544199051,16.5,49.1920124622291));
#5914=CARTESIAN_POINT('Origin',(58.7420544199051,16.5,19.6920124622291));
#5915=CARTESIAN_POINT('',(59.7420544199051,14.7679491924311,19.6920124622291));
#5916=CARTESIAN_POINT('',(58.7420544199051,18.5,27.1920124622291));
#5917=CARTESIAN_POINT('Origin',(58.7420544199051,16.5,27.1920124622291));
#5918=CARTESIAN_POINT('',(58.7420544199051,18.5,19.6920124622291));
#5919=CARTESIAN_POINT('Origin',(37.9878869822045,16.5,39.1744366191921));
#5920=CARTESIAN_POINT('',(37.9878869822045,18.5,39.1744366191921));
#5921=CARTESIAN_POINT('Origin',(-13.3040980028016,18.5,-6.80798753777095));
#5922=CARTESIAN_POINT('',(63.5459019971984,18.5,-47.1079875377709));
#5923=CARTESIAN_POINT('Origin',(63.5459019971984,18.5,-42.1079875377709));
#5924=CARTESIAN_POINT('',(-50.0540980028016,18.5,-47.1079875377709));
#5925=CARTESIAN_POINT('',(-55.0540980028016,18.5,-47.1079875377709));
#5926=CARTESIAN_POINT('',(-55.0540980028016,18.5,-42.1079875377709));
#5927=CARTESIAN_POINT('Origin',(-50.0540980028016,18.5,-42.1079875377709));
#5928=CARTESIAN_POINT('',(-55.0540980028016,18.5,59.1920124622291));
#5929=CARTESIAN_POINT('',(-55.0540980028016,18.5,64.1920124622291));
#5930=CARTESIAN_POINT('',(-50.0540980028016,18.5,64.1920124622291));
#5931=CARTESIAN_POINT('Origin',(-50.0540980028016,18.5,59.1920124622291));
#5932=CARTESIAN_POINT('',(63.5459019971984,18.5,64.1920124622291));
#5933=CARTESIAN_POINT('',(68.5459019971984,18.5,64.1920124622291));
#5934=CARTESIAN_POINT('Origin',(63.5459019971984,18.5,59.1920124622291));
#5935=CARTESIAN_POINT('',(27.7709019971984,18.5,25.9420124622291));
#5936=CARTESIAN_POINT('',(14.5209019971984,18.5,25.9420124622291));
#5937=CARTESIAN_POINT('',(27.7709019971984,18.5,25.9420124622291));
#5938=CARTESIAN_POINT('',(14.5209019971984,18.5,16.4420124622291));
#5939=CARTESIAN_POINT('',(14.5209019971984,18.5,25.9420124622291));
#5940=CARTESIAN_POINT('',(27.7709019971984,18.5,16.4420124622291));
#5941=CARTESIAN_POINT('',(14.5209019971984,18.5,16.4420124622291));
#5942=CARTESIAN_POINT('',(27.7709019971984,18.5,16.4420124622291));
#5943=CARTESIAN_POINT('',(-6.67909800280157,18.5,25.9420124622291));
#5944=CARTESIAN_POINT('',(-6.67909800280157,18.5,16.4420124622291));
#5945=CARTESIAN_POINT('',(-6.67909800280157,18.5,16.4420124622291));
#5946=CARTESIAN_POINT('',(6.57090199719843,18.5,16.4420124622291));
#5947=CARTESIAN_POINT('',(-39.1790980028016,18.5,16.4420124622291));
#5948=CARTESIAN_POINT('',(6.57090199719844,18.5,25.9420124622291));
#5949=CARTESIAN_POINT('',(6.57090199719843,18.5,16.4420124622291));
#5950=CARTESIAN_POINT('',(-39.1790980028016,18.5,25.9420124622291));
#5951=CARTESIAN_POINT('',(6.57090199719844,18.5,50.9420124622291));
#5952=CARTESIAN_POINT('',(-6.67909800280157,18.5,50.9420124622291));
#5953=CARTESIAN_POINT('',(-39.1790980028016,18.5,50.9420124622291));
#5954=CARTESIAN_POINT('',(-6.67909800280157,18.5,41.4420124622291));
#5955=CARTESIAN_POINT('',(-6.67909800280157,18.5,16.4420124622291));
#5956=CARTESIAN_POINT('',(6.57090199719844,18.5,41.4420124622291));
#5957=CARTESIAN_POINT('',(-39.1790980028016,18.5,41.4420124622291));
#5958=CARTESIAN_POINT('',(6.57090199719843,18.5,16.4420124622291));
#5959=CARTESIAN_POINT('',(48.6140018741466,18.5,-5.12540722845536));
#5960=CARTESIAN_POINT('Origin',(38.946770707779,18.5,-5.12540722845536));
#5961=CARTESIAN_POINT('',(-39.1790980028016,18.5,50.9420124622291));
#5962=CARTESIAN_POINT('',(-39.1790980028016,18.5,41.4420124622291));
#5963=CARTESIAN_POINT('',(-39.1790980028016,18.5,50.9420124622291));
#5964=CARTESIAN_POINT('',(-25.9290980028016,18.5,41.4420124622291));
#5965=CARTESIAN_POINT('',(-39.1790980028016,18.5,41.4420124622291));
#5966=CARTESIAN_POINT('',(-25.9290980028016,18.5,50.9420124622291));
#5967=CARTESIAN_POINT('',(-25.9290980028016,18.5,16.4420124622291));
#5968=CARTESIAN_POINT('',(-39.1790980028016,18.5,50.9420124622291));
#5969=CARTESIAN_POINT('',(6.57090199719844,18.5,38.4420124622291));
#5970=CARTESIAN_POINT('',(-6.67909800280157,18.5,38.4420124622291));
#5971=CARTESIAN_POINT('',(-39.1790980028016,18.5,38.4420124622291));
#5972=CARTESIAN_POINT('',(-6.67909800280157,18.5,28.9420124622291));
#5973=CARTESIAN_POINT('',(-6.67909800280157,18.5,16.4420124622291));
#5974=CARTESIAN_POINT('',(6.57090199719844,18.5,28.9420124622291));
#5975=CARTESIAN_POINT('',(-39.1790980028016,18.5,28.9420124622291));
#5976=CARTESIAN_POINT('',(6.57090199719843,18.5,16.4420124622291));
#5977=CARTESIAN_POINT('',(-22.9290980028016,18.5,28.9420124622291));
#5978=CARTESIAN_POINT('',(-9.67909800280157,18.5,28.9420124622291));
#5979=CARTESIAN_POINT('',(-39.1790980028016,18.5,28.9420124622291));
#5980=CARTESIAN_POINT('',(-9.67909800280157,18.5,38.4420124622291));
#5981=CARTESIAN_POINT('',(-9.67909800280157,18.5,16.4420124622291));
#5982=CARTESIAN_POINT('',(-22.9290980028016,18.5,38.4420124622291));
#5983=CARTESIAN_POINT('',(-39.1790980028016,18.5,38.4420124622291));
#5984=CARTESIAN_POINT('',(-22.9290980028016,18.5,16.4420124622291));
#5985=CARTESIAN_POINT('',(-39.1790980028016,18.5,38.4420124622291));
#5986=CARTESIAN_POINT('',(-39.1790980028016,18.5,28.9420124622291));
#5987=CARTESIAN_POINT('',(-39.1790980028016,18.5,50.9420124622291));
#5988=CARTESIAN_POINT('',(-25.9290980028016,18.5,28.9420124622291));
#5989=CARTESIAN_POINT('',(-39.1790980028016,18.5,28.9420124622291));
#5990=CARTESIAN_POINT('',(-25.9290980028016,18.5,38.4420124622291));
#5991=CARTESIAN_POINT('',(-25.9290980028016,18.5,16.4420124622291));
#5992=CARTESIAN_POINT('',(-39.1790980028016,18.5,38.4420124622291));
#5993=CARTESIAN_POINT('',(-22.9290980028016,18.5,41.4420124622291));
#5994=CARTESIAN_POINT('',(-9.67909800280157,18.5,41.4420124622291));
#5995=CARTESIAN_POINT('',(-39.1790980028016,18.5,41.4420124622291));
#5996=CARTESIAN_POINT('',(-9.67909800280157,18.5,50.9420124622291));
#5997=CARTESIAN_POINT('',(-9.67909800280157,18.5,16.4420124622291));
#5998=CARTESIAN_POINT('',(-22.9290980028016,18.5,50.9420124622291));
#5999=CARTESIAN_POINT('',(-39.1790980028016,18.5,50.9420124622291));
#6000=CARTESIAN_POINT('',(-22.9290980028016,18.5,16.4420124622291));
#6001=CARTESIAN_POINT('',(-39.1790980028016,18.5,25.9420124622291));
#6002=CARTESIAN_POINT('',(-39.1790980028016,18.5,16.4420124622291));
#6003=CARTESIAN_POINT('',(-39.1790980028016,18.5,50.9420124622291));
#6004=CARTESIAN_POINT('',(-25.9290980028016,18.5,16.4420124622291));
#6005=CARTESIAN_POINT('',(-39.1790980028016,18.5,16.4420124622291));
#6006=CARTESIAN_POINT('',(-25.9290980028016,18.5,25.9420124622291));
#6007=CARTESIAN_POINT('',(-25.9290980028016,18.5,16.4420124622291));
#6008=CARTESIAN_POINT('',(-39.1790980028016,18.5,25.9420124622291));
#6009=CARTESIAN_POINT('',(-22.9290980028016,18.5,16.4420124622291));
#6010=CARTESIAN_POINT('',(-9.67909800280157,18.5,16.4420124622291));
#6011=CARTESIAN_POINT('',(-39.1790980028016,18.5,16.4420124622291));
#6012=CARTESIAN_POINT('',(-9.67909800280157,18.5,25.9420124622291));
#6013=CARTESIAN_POINT('',(-9.67909800280157,18.5,16.4420124622291));
#6014=CARTESIAN_POINT('',(-22.9290980028016,18.5,25.9420124622291));
#6015=CARTESIAN_POINT('',(-39.1790980028016,18.5,25.9420124622291));
#6016=CARTESIAN_POINT('',(-22.9290980028016,18.5,16.4420124622291));
#6017=CARTESIAN_POINT('',(-43.0540980028016,18.5,13.9920124622291));
#6018=CARTESIAN_POINT('',(11.4459019971984,18.5,13.9920124622291));
#6019=CARTESIAN_POINT('',(-1.92909800280156,18.5,13.9920124622291));
#6020=CARTESIAN_POINT('',(-43.0540980028016,18.5,-27.607987537771));
#6021=CARTESIAN_POINT('',(-43.0540980028016,18.5,2.59201246222905));
#6022=CARTESIAN_POINT('',(11.4459019971984,18.5,-27.607987537771));
#6023=CARTESIAN_POINT('',(-27.1790980028016,18.5,-27.607987537771));
#6024=CARTESIAN_POINT('',(11.4459019971984,18.5,-16.207987537771));
#6025=CARTESIAN_POINT('Origin',(57.5459019971984,13.5,46.1920124622291));
#6026=CARTESIAN_POINT('',(57.5459019971984,13.5,34.1920124622291));
#6027=CARTESIAN_POINT('Origin',(57.5459019971984,6.75,38.1920124622291));
#6028=CARTESIAN_POINT('',(57.5459019971984,2.22044604925031E-15,48.0392439281018));
#6029=CARTESIAN_POINT('',(57.5459019971984,0.,37.0369665022668));
#6030=CARTESIAN_POINT('',(57.5459019971984,15.5,48.0392439281018));
#6031=CARTESIAN_POINT('',(57.5459019971984,18.5,46.1920124622291));
#6032=CARTESIAN_POINT('Origin',(55.16,15.5,50.6000000000002));
#6033=CARTESIAN_POINT('Origin',(55.16,2.22044604925031E-15,50.6000000000002));
#6034=CARTESIAN_POINT('Origin',(-13.3040980028016,15.5,-6.80798753777095));
#6035=CARTESIAN_POINT('Origin',(-50.0540980028016,18.5,-42.1079875377709));
#6036=CARTESIAN_POINT('',(-55.0540980028016,18.5,-42.1079875377709));
#6037=CARTESIAN_POINT('',(-50.0540980028016,18.5,-47.1079875377709));
#6038=CARTESIAN_POINT('Origin',(-55.0540980028016,18.5,64.1920124622291));
#6039=CARTESIAN_POINT('',(-55.0540980028016,18.5,59.1920124622291));
#6040=CARTESIAN_POINT('Origin',(-50.0540980028016,18.5,59.1920124622291));
#6041=CARTESIAN_POINT('',(-50.0540980028016,18.5,64.1920124622291));
#6042=CARTESIAN_POINT('Origin',(68.5459019971984,18.5,64.1920124622291));
#6043=CARTESIAN_POINT('',(63.5459019971984,18.5,64.1920124622291));
#6044=CARTESIAN_POINT('Origin',(63.5459019971984,18.5,59.1920124622291));
#6045=CARTESIAN_POINT('Origin',(63.5459019971984,18.5,-42.1079875377709));
#6046=CARTESIAN_POINT('',(63.5459019971984,18.5,-47.1079875377709));
#6047=CARTESIAN_POINT('Origin',(-55.0540980028016,18.5,-47.1079875377709));
#6048=CARTESIAN_POINT('Origin',(-24.4290980028016,0.,39.9420124622291));
#6049=CARTESIAN_POINT('',(-26.4290980028016,0.,39.9420124622291));
#6050=CARTESIAN_POINT('Origin',(-24.4290980028016,0.,39.9420124622291));
#6051=CARTESIAN_POINT('',(-26.4290980028016,7.,39.9420124622291));
#6052=CARTESIAN_POINT('',(-26.4290980028016,0.,39.9420124622291));
#6053=CARTESIAN_POINT('Origin',(-24.4290980028016,7.,39.9420124622291));
#6054=CARTESIAN_POINT('Origin',(-24.4290980028016,7.,39.9420124622291));
#6055=CARTESIAN_POINT('Origin',(-24.4290980028016,0.,39.9420124622291));
#6056=CARTESIAN_POINT('',(-25.9290980028016,7.81888087064698,38.4420124622291));
#6057=CARTESIAN_POINT('',(-27.59137566297,0.,38.4420124622291));
#6058=CARTESIAN_POINT('Ctrl Pts',(-25.9290980028016,7.81888087064698,38.4420124622291));
#6059=CARTESIAN_POINT('Ctrl Pts',(-26.5563925175502,5.30330325797711,38.4420124622291));
#6060=CARTESIAN_POINT('Ctrl Pts',(-27.59137566297,0.,38.4420124622291));
#6061=CARTESIAN_POINT('',(-25.9290980028016,0.,36.7797348020607));
#6062=CARTESIAN_POINT('Ctrl Pts',(-25.9290980028016,0.,36.7797348020607));
#6063=CARTESIAN_POINT('Ctrl Pts',(-25.9290980028016,5.3033032579771,37.8147179474804));
#6064=CARTESIAN_POINT('Ctrl Pts',(-25.9290980028016,7.81888087064698,38.4420124622291));
#6065=CARTESIAN_POINT('Origin',(-24.4290980028016,0.,39.9420124622291));
#6066=CARTESIAN_POINT('Origin',(-24.4290980028016,0.,39.9420124622291));
#6067=CARTESIAN_POINT('',(-21.2668203426332,0.,38.4420124622291));
#6068=CARTESIAN_POINT('',(-22.9290980028016,7.81888087064698,38.4420124622291));
#6069=CARTESIAN_POINT('Ctrl Pts',(-21.2668203426332,0.,38.4420124622291));
#6070=CARTESIAN_POINT('Ctrl Pts',(-22.3018034880529,5.30330325797711,38.4420124622291));
#6071=CARTESIAN_POINT('Ctrl Pts',(-22.9290980028016,7.81888087064698,38.4420124622291));
#6072=CARTESIAN_POINT('',(-22.9290980028016,0.,36.7797348020607));
#6073=CARTESIAN_POINT('Origin',(-24.4290980028016,0.,39.9420124622291));
#6074=CARTESIAN_POINT('Ctrl Pts',(-22.9290980028016,7.81888087064698,38.4420124622291));
#6075=CARTESIAN_POINT('Ctrl Pts',(-22.9290980028016,5.3033032579771,37.8147179474804));
#6076=CARTESIAN_POINT('Ctrl Pts',(-22.9290980028016,0.,36.7797348020607));
#6077=CARTESIAN_POINT('Origin',(-24.4290980028016,0.,39.9420124622291));
#6078=CARTESIAN_POINT('',(-22.9290980028016,0.,43.1042901223974));
#6079=CARTESIAN_POINT('',(-22.9290980028016,7.81888087064699,41.4420124622291));
#6080=CARTESIAN_POINT('Ctrl Pts',(-22.9290980028016,0.,43.1042901223974));
#6081=CARTESIAN_POINT('Ctrl Pts',(-22.9290980028016,5.30330325797711,42.0693069769777));
#6082=CARTESIAN_POINT('Ctrl Pts',(-22.9290980028016,7.81888087064699,41.4420124622291));
#6083=CARTESIAN_POINT('',(-21.2668203426332,0.,41.4420124622291));
#6084=CARTESIAN_POINT('Origin',(-24.4290980028016,0.,39.9420124622291));
#6085=CARTESIAN_POINT('Ctrl Pts',(-22.9290980028016,7.81888087064699,41.4420124622291));
#6086=CARTESIAN_POINT('Ctrl Pts',(-22.3018034880529,5.30330325797711,41.4420124622291));
#6087=CARTESIAN_POINT('Ctrl Pts',(-21.2668203426332,0.,41.4420124622291));
#6088=CARTESIAN_POINT('Origin',(-24.4290980028016,0.,39.9420124622291));
#6089=CARTESIAN_POINT('',(-25.9290980028016,7.81888087064699,41.4420124622291));
#6090=CARTESIAN_POINT('',(-25.9290980028016,0.,43.1042901223974));
#6091=CARTESIAN_POINT('Ctrl Pts',(-25.9290980028016,7.81888087064699,41.4420124622291));
#6092=CARTESIAN_POINT('Ctrl Pts',(-25.9290980028016,5.3033032579771,42.0693069769777));
#6093=CARTESIAN_POINT('Ctrl Pts',(-25.9290980028016,0.,43.1042901223974));
#6094=CARTESIAN_POINT('',(-27.59137566297,0.,41.4420124622291));
#6095=CARTESIAN_POINT('Ctrl Pts',(-27.59137566297,0.,41.4420124622291));
#6096=CARTESIAN_POINT('Ctrl Pts',(-26.5563925175502,5.30330325797711,41.4420124622291));
#6097=CARTESIAN_POINT('Ctrl Pts',(-25.9290980028016,7.81888087064699,41.4420124622291));
#6098=CARTESIAN_POINT('Origin',(-24.4290980028016,0.,39.9420124622291));
#6099=CARTESIAN_POINT('Origin',(-22.9290980028016,18.5,41.4420124622291));
#6100=CARTESIAN_POINT('',(-22.9290980028016,18.5,41.4420124622291));
#6101=CARTESIAN_POINT('',(-22.9290980028016,18.5,50.9420124622291));
#6102=CARTESIAN_POINT('',(-22.9290980028016,0.,46.4420124622291));
#6103=CARTESIAN_POINT('',(-22.9290980028016,15.5,46.4420124622291));
#6104=CARTESIAN_POINT('',(-22.9290980028016,0.,41.4420124622291));
#6105=CARTESIAN_POINT('Origin',(-9.67909800280157,18.5,41.4420124622291));
#6106=CARTESIAN_POINT('',(-17.9290980028016,0.,41.4420124622291));
#6107=CARTESIAN_POINT('',(-9.67909800280156,0.,41.4420124622291));
#6108=CARTESIAN_POINT('',(-17.9290980028016,15.5,41.4420124622291));
#6109=CARTESIAN_POINT('',(-9.67909800280157,18.5,41.4420124622291));
#6110=CARTESIAN_POINT('Origin',(-22.9290980028016,18.5,38.4420124622291));
#6111=CARTESIAN_POINT('',(-22.9290980028016,18.5,38.4420124622291));
#6112=CARTESIAN_POINT('',(-9.67909800280157,18.5,38.4420124622291));
#6113=CARTESIAN_POINT('',(-17.9290980028016,0.,38.4420124622291));
#6114=CARTESIAN_POINT('',(-17.9290980028016,15.5,38.4420124622291));
#6115=CARTESIAN_POINT('',(-22.9290980028016,0.,38.4420124622291));
#6116=CARTESIAN_POINT('Origin',(-22.9290980028016,18.5,28.9420124622291));
#6117=CARTESIAN_POINT('',(-22.9290980028016,0.,33.4420124622291));
#6118=CARTESIAN_POINT('',(-22.9290980028016,0.,28.9420124622291));
#6119=CARTESIAN_POINT('',(-22.9290980028016,15.5,33.4420124622291));
#6120=CARTESIAN_POINT('',(-22.9290980028016,18.5,28.9420124622291));
#6121=CARTESIAN_POINT('Origin',(-24.4290980028016,0.,39.9420124622291));
#6122=CARTESIAN_POINT('',(-25.9290980028016,0.,46.4420124622291));
#6123=CARTESIAN_POINT('',(-30.9290980028016,0.,46.4420124622291));
#6124=CARTESIAN_POINT('',(-25.9290980028016,0.,50.9420124622291));
#6125=CARTESIAN_POINT('',(-30.9290980028016,0.,41.4420124622291));
#6126=CARTESIAN_POINT('',(-25.9290980028016,0.,41.4420124622291));
#6127=CARTESIAN_POINT('',(-30.9290980028016,0.,38.4420124622291));
#6128=CARTESIAN_POINT('',(-30.9290980028016,0.,33.4420124622291));
#6129=CARTESIAN_POINT('',(-39.1790980028016,0.,38.4420124622291));
#6130=CARTESIAN_POINT('',(-25.9290980028016,0.,33.4420124622291));
#6131=CARTESIAN_POINT('',(-25.9290980028016,0.,38.4420124622291));
#6132=CARTESIAN_POINT('',(-17.9290980028016,0.,33.4420124622291));
#6133=CARTESIAN_POINT('',(-17.9290980028016,0.,46.4420124622291));
#6134=CARTESIAN_POINT('Origin',(-22.9290980028016,15.5,46.4420124622291));
#6135=CARTESIAN_POINT('',(-25.9290980028016,15.5,46.4420124622291));
#6136=CARTESIAN_POINT('Origin',(-17.9290980028016,15.5,38.4420124622291));
#6137=CARTESIAN_POINT('Origin',(-25.9290980028016,15.5,33.4420124622291));
#6138=CARTESIAN_POINT('',(-25.9290980028016,15.5,33.4420124622291));
#6139=CARTESIAN_POINT('Origin',(-30.9290980028016,15.5,41.4420124622291));
#6140=CARTESIAN_POINT('',(-30.9290980028016,15.5,38.4420124622291));
#6141=CARTESIAN_POINT('',(-30.9290980028016,15.5,41.4420124622291));
#6142=CARTESIAN_POINT('Origin',(55.16,15.5,50.6000000000002));
#6143=CARTESIAN_POINT('',(53.16,2.22044604925031E-15,50.6000000000002));
#6144=CARTESIAN_POINT('Origin',(55.16,2.22044604925031E-15,50.6000000000002));
#6145=CARTESIAN_POINT('',(53.16,15.5,50.6000000000002));
#6146=CARTESIAN_POINT('',(53.16,15.5,50.6000000000002));
#6147=CARTESIAN_POINT('Origin',(55.16,15.5,50.6000000000002));
#6148=CARTESIAN_POINT('Origin',(55.16,2.22044604925031E-15,50.6000000000002));
#6149=CARTESIAN_POINT('Origin',(55.16,15.5,-33.43));
#6150=CARTESIAN_POINT('',(53.16,2.22044604925031E-15,-33.43));
#6151=CARTESIAN_POINT('Origin',(55.16,2.22044604925031E-15,-33.43));
#6152=CARTESIAN_POINT('',(53.16,15.5,-33.43));
#6153=CARTESIAN_POINT('',(53.16,15.5,-33.43));
#6154=CARTESIAN_POINT('Origin',(55.16,15.5,-33.43));
#6155=CARTESIAN_POINT('Origin',(55.16,15.5,-33.43));
#6156=CARTESIAN_POINT('',(51.66,2.22044604925031E-15,-33.43));
#6157=CARTESIAN_POINT('Origin',(55.16,2.22044604925031E-15,-33.43));
#6158=CARTESIAN_POINT('',(51.66,15.5,-33.43));
#6159=CARTESIAN_POINT('Origin',(55.16,2.22044604925031E-15,-33.43));
#6160=CARTESIAN_POINT('Origin',(-13.3040980028016,15.5,-6.80798753777095));
#6161=CARTESIAN_POINT('Origin',(-34.79,15.5,-33.43));
#6162=CARTESIAN_POINT('',(-36.79,2.22044604925031E-15,-33.43));
#6163=CARTESIAN_POINT('Origin',(-34.79,2.22044604925031E-15,-33.43));
#6164=CARTESIAN_POINT('',(-36.79,15.5,-33.43));
#6165=CARTESIAN_POINT('',(-36.79,15.5,-33.43));
#6166=CARTESIAN_POINT('Origin',(-34.79,15.5,-33.43));
#6167=CARTESIAN_POINT('Origin',(-34.79,15.5,-33.43));
#6168=CARTESIAN_POINT('',(-38.29,2.22044604925031E-15,-33.43));
#6169=CARTESIAN_POINT('Origin',(-34.79,2.22044604925031E-15,-33.43));
#6170=CARTESIAN_POINT('',(-38.29,15.5,-33.43));
#6171=CARTESIAN_POINT('Origin',(-34.79,2.22044604925031E-15,-33.43));
#6172=CARTESIAN_POINT('Origin',(-13.3040980028016,15.5,-6.80798753777095));
#6173=CARTESIAN_POINT('Origin',(19.6959019971984,15.5,11.5420124622291));
#6174=CARTESIAN_POINT('',(17.6959019971984,12.5,11.5420124622291));
#6175=CARTESIAN_POINT('Origin',(19.6959019971984,12.5,11.5420124622291));
#6176=CARTESIAN_POINT('',(17.6959019971984,15.5,11.5420124622291));
#6177=CARTESIAN_POINT('Origin',(17.1459019971984,15.5,13.9394068811764));
#6178=CARTESIAN_POINT('',(17.1459019971984,12.5,9.14461804328166));
#6179=CARTESIAN_POINT('',(17.1459019971984,15.5,9.14461804328166));
#6180=CARTESIAN_POINT('',(17.1459019971984,12.5,13.9394068811764));
#6181=CARTESIAN_POINT('',(17.1459019971984,12.5,14.4920124622291));
#6182=CARTESIAN_POINT('',(17.1459019971984,15.5,13.9394068811764));
#6183=CARTESIAN_POINT('Origin',(19.6959019971984,15.5,11.5420124622291));
#6184=CARTESIAN_POINT('Origin',(19.6959019971984,12.5,11.5420124622291));
#6185=CARTESIAN_POINT('Origin',(20.1709019971984,12.5,11.5420124622291));
#6186=CARTESIAN_POINT('Origin',(-13.3040980028016,15.5,-6.80798753777095));
#6187=CARTESIAN_POINT('Origin',(19.6959019971984,15.5,-25.1579875377709));
#6188=CARTESIAN_POINT('',(17.6959019971984,12.5,-25.1579875377709));
#6189=CARTESIAN_POINT('Origin',(19.6959019971984,12.5,-25.1579875377709));
#6190=CARTESIAN_POINT('',(17.6959019971984,15.5,-25.1579875377709));
#6191=CARTESIAN_POINT('Origin',(17.1459019971984,15.5,-22.7605931188236));
#6192=CARTESIAN_POINT('',(17.1459019971984,12.5,-27.5553819567183));
#6193=CARTESIAN_POINT('',(17.1459019971984,15.5,-27.5553819567183));
#6194=CARTESIAN_POINT('',(17.1459019971984,12.5,-22.7605931188236));
#6195=CARTESIAN_POINT('',(17.1459019971984,12.5,14.4920124622291));
#6196=CARTESIAN_POINT('',(17.1459019971984,15.5,-22.7605931188236));
#6197=CARTESIAN_POINT('Origin',(19.6959019971984,15.5,-25.1579875377709));
#6198=CARTESIAN_POINT('Origin',(19.6959019971984,12.5,-25.1579875377709));
#6199=CARTESIAN_POINT('Origin',(20.1709019971984,12.5,-25.1579875377709));
#6200=CARTESIAN_POINT('Origin',(-47.0540980028016,15.5,11.5420124622291));
#6201=CARTESIAN_POINT('',(-49.0540980028016,12.5,11.5420124622291));
#6202=CARTESIAN_POINT('Origin',(-47.0540980028016,12.5,11.5420124622291));
#6203=CARTESIAN_POINT('',(-49.0540980028016,15.5,11.5420124622291));
#6204=CARTESIAN_POINT('Origin',(-44.0540980028016,15.5,9.73923682449706));
#6205=CARTESIAN_POINT('',(-44.0540980028016,12.5,13.3447880999611));
#6206=CARTESIAN_POINT('',(-44.0540980028016,15.5,13.3447880999611));
#6207=CARTESIAN_POINT('',(-44.0540980028016,12.5,9.73923682449706));
#6208=CARTESIAN_POINT('',(-44.0540980028016,12.5,-28.107987537771));
#6209=CARTESIAN_POINT('',(-44.0540980028016,15.5,9.73923682449706));
#6210=CARTESIAN_POINT('Origin',(-47.0540980028016,15.5,11.5420124622291));
#6211=CARTESIAN_POINT('Origin',(-47.0540980028016,12.5,11.5420124622291));
#6212=CARTESIAN_POINT('Origin',(-47.3040980028016,12.5,11.5420124622291));
#6213=CARTESIAN_POINT('Origin',(-47.0540980028016,15.5,-25.1579875377709));
#6214=CARTESIAN_POINT('',(-49.0540980028016,12.5,-25.1579875377709));
#6215=CARTESIAN_POINT('Origin',(-47.0540980028016,12.5,-25.1579875377709));
#6216=CARTESIAN_POINT('',(-49.0540980028016,15.5,-25.1579875377709));
#6217=CARTESIAN_POINT('Origin',(-44.0540980028016,15.5,-26.9607631755029));
#6218=CARTESIAN_POINT('',(-44.0540980028016,12.5,-23.355211900039));
#6219=CARTESIAN_POINT('',(-44.0540980028016,15.5,-23.355211900039));
#6220=CARTESIAN_POINT('',(-44.0540980028016,12.5,-26.9607631755029));
#6221=CARTESIAN_POINT('',(-44.0540980028016,12.5,-28.107987537771));
#6222=CARTESIAN_POINT('',(-44.0540980028016,15.5,-26.9607631755029));
#6223=CARTESIAN_POINT('Origin',(-47.0540980028016,15.5,-25.1579875377709));
#6224=CARTESIAN_POINT('Origin',(-47.0540980028016,12.5,-25.1579875377709));
#6225=CARTESIAN_POINT('Origin',(-47.3040980028016,12.5,-25.1579875377709));
#6226=CARTESIAN_POINT('Origin',(38.9396824633761,8.5,-5.11804543094688));
#6227=CARTESIAN_POINT('',(27.9396824633761,8.5,-5.11804543094688));
#6228=CARTESIAN_POINT('Origin',(38.9396824633761,8.5,-5.11804543094688));
#6229=CARTESIAN_POINT('',(33.9396824633761,8.5,-5.11804543094688));
#6230=CARTESIAN_POINT('Origin',(38.9396824633761,8.5,-5.11804543094688));
#6231=CARTESIAN_POINT('Origin',(39.5459019971984,18.5,30.1920124622291));
#6232=CARTESIAN_POINT('',(39.5459019971984,13.5,30.1920124622291));
#6233=CARTESIAN_POINT('',(44.0459019971984,13.5,30.1920124622291));
#6234=CARTESIAN_POINT('',(39.5459019971984,18.5,30.1920124622291));
#6235=CARTESIAN_POINT('Origin',(39.5459019971984,18.5,46.1920124622291));
#6236=CARTESIAN_POINT('',(39.5459019971984,13.5,46.1920124622291));
#6237=CARTESIAN_POINT('',(39.5459019971984,13.5,42.1920124622291));
#6238=CARTESIAN_POINT('',(39.5459019971984,18.5,46.1920124622291));
#6239=CARTESIAN_POINT('Origin',(57.5459019971984,18.5,46.1920124622291));
#6240=CARTESIAN_POINT('',(53.0459019971984,13.5,46.1920124622291));
#6241=CARTESIAN_POINT('Origin',(48.5459019971984,13.5,38.1920124622291));
#6242=CARTESIAN_POINT('Origin',(38.9396824633761,8.,-5.11804543094688));
#6243=CARTESIAN_POINT('',(33.9396824633761,11.,-5.11804543094688));
#6244=CARTESIAN_POINT('Origin',(38.9396824633761,11.,-5.11804543094688));
#6245=CARTESIAN_POINT('',(33.9396824633761,8.,-5.11804543094688));
#6246=CARTESIAN_POINT('Origin',(38.946770707779,11.,-5.12540722845536));
#6247=CARTESIAN_POINT('',(48.6140018741466,11.,-5.12540722845536));
#6248=CARTESIAN_POINT('Origin',(38.946770707779,11.,-5.12540722845536));
#6249=CARTESIAN_POINT('Origin',(38.9396824633761,15.5,-5.11804543094688));
#6250=CARTESIAN_POINT('',(27.9396824633761,15.5,-5.11804543094688));
#6251=CARTESIAN_POINT('Origin',(14.5209019971984,18.5,16.4420124622291));
#6252=CARTESIAN_POINT('',(14.5209019971984,18.5,25.9420124622291));
#6253=CARTESIAN_POINT('',(14.5209019971984,18.5,16.4420124622291));
#6254=CARTESIAN_POINT('Origin',(27.7709019971984,18.5,16.4420124622291));
#6255=CARTESIAN_POINT('',(27.7709019971984,18.5,16.4420124622291));
#6256=CARTESIAN_POINT('Origin',(27.7709019971984,18.5,25.9420124622291));
#6257=CARTESIAN_POINT('',(27.7709019971984,18.5,25.9420124622291));
#6258=CARTESIAN_POINT('Origin',(14.5209019971984,18.5,25.9420124622291));
#6259=CARTESIAN_POINT('Origin',(6.57090199719843,18.5,16.4420124622291));
#6260=CARTESIAN_POINT('',(-6.67909800280157,18.5,16.4420124622291));
#6261=CARTESIAN_POINT('',(6.57090199719843,18.5,16.4420124622291));
#6262=CARTESIAN_POINT('Origin',(6.57090199719844,18.5,25.9420124622291));
#6263=CARTESIAN_POINT('',(6.57090199719844,18.5,25.9420124622291));
#6264=CARTESIAN_POINT('Origin',(-6.67909800280157,18.5,25.9420124622291));
#6265=CARTESIAN_POINT('',(-6.67909800280157,18.5,25.9420124622291));
#6266=CARTESIAN_POINT('Origin',(-6.67909800280157,18.5,16.4420124622291));
#6267=CARTESIAN_POINT('Origin',(-6.67909800280157,18.5,41.4420124622291));
#6268=CARTESIAN_POINT('',(-6.67909800280157,18.5,50.9420124622291));
#6269=CARTESIAN_POINT('',(-6.67909800280157,18.5,41.4420124622291));
#6270=CARTESIAN_POINT('Origin',(6.57090199719844,18.5,41.4420124622291));
#6271=CARTESIAN_POINT('',(6.57090199719844,18.5,41.4420124622291));
#6272=CARTESIAN_POINT('Origin',(6.57090199719844,18.5,50.9420124622291));
#6273=CARTESIAN_POINT('',(6.57090199719844,18.5,50.9420124622291));
#6274=CARTESIAN_POINT('Origin',(-6.67909800280157,18.5,50.9420124622291));
#6275=CARTESIAN_POINT('Origin',(38.946770707779,18.5,-5.12540722845536));
#6276=CARTESIAN_POINT('',(48.6140018741466,18.5,-5.12540722845536));
#6277=CARTESIAN_POINT('Origin',(-25.9290980028016,18.5,41.4420124622291));
#6278=CARTESIAN_POINT('',(-25.9290980028016,18.5,41.4420124622291));
#6279=CARTESIAN_POINT('',(-39.1790980028016,18.5,41.4420124622291));
#6280=CARTESIAN_POINT('Origin',(-25.9290980028016,18.5,50.9420124622291));
#6281=CARTESIAN_POINT('',(-25.9290980028016,18.5,50.9420124622291));
#6282=CARTESIAN_POINT('Origin',(-39.1790980028016,18.5,50.9420124622291));
#6283=CARTESIAN_POINT('',(-39.1790980028016,18.5,50.9420124622291));
#6284=CARTESIAN_POINT('Origin',(-39.1790980028016,18.5,41.4420124622291));
#6285=CARTESIAN_POINT('Origin',(-6.67909800280157,18.5,28.9420124622291));
#6286=CARTESIAN_POINT('',(-6.67909800280157,18.5,38.4420124622291));
#6287=CARTESIAN_POINT('',(-6.67909800280157,18.5,28.9420124622291));
#6288=CARTESIAN_POINT('Origin',(6.57090199719844,18.5,28.9420124622291));
#6289=CARTESIAN_POINT('',(6.57090199719844,18.5,28.9420124622291));
#6290=CARTESIAN_POINT('Origin',(6.57090199719844,18.5,38.4420124622291));
#6291=CARTESIAN_POINT('',(6.57090199719844,18.5,38.4420124622291));
#6292=CARTESIAN_POINT('Origin',(-6.67909800280157,18.5,38.4420124622291));
#6293=CARTESIAN_POINT('Origin',(-9.67909800280157,18.5,38.4420124622291));
#6294=CARTESIAN_POINT('',(-9.67909800280157,18.5,28.9420124622291));
#6295=CARTESIAN_POINT('Origin',(-9.67909800280157,18.5,28.9420124622291));
#6296=CARTESIAN_POINT('Origin',(-25.9290980028016,18.5,28.9420124622291));
#6297=CARTESIAN_POINT('',(-39.1790980028016,18.5,28.9420124622291));
#6298=CARTESIAN_POINT('',(-25.9290980028016,18.5,28.9420124622291));
#6299=CARTESIAN_POINT('Origin',(-25.9290980028016,18.5,38.4420124622291));
#6300=CARTESIAN_POINT('',(-25.9290980028016,18.5,38.4420124622291));
#6301=CARTESIAN_POINT('Origin',(-39.1790980028016,18.5,38.4420124622291));
#6302=CARTESIAN_POINT('',(-39.1790980028016,18.5,38.4420124622291));
#6303=CARTESIAN_POINT('Origin',(-39.1790980028016,18.5,28.9420124622291));
#6304=CARTESIAN_POINT('Origin',(-9.67909800280157,18.5,50.9420124622291));
#6305=CARTESIAN_POINT('',(-9.67909800280157,18.5,50.9420124622291));
#6306=CARTESIAN_POINT('Origin',(-22.9290980028016,18.5,50.9420124622291));
#6307=CARTESIAN_POINT('Origin',(-25.9290980028016,18.5,16.4420124622291));
#6308=CARTESIAN_POINT('',(-39.1790980028016,18.5,16.4420124622291));
#6309=CARTESIAN_POINT('',(-25.9290980028016,18.5,16.4420124622291));
#6310=CARTESIAN_POINT('Origin',(-25.9290980028016,18.5,25.9420124622291));
#6311=CARTESIAN_POINT('',(-25.9290980028016,18.5,25.9420124622291));
#6312=CARTESIAN_POINT('Origin',(-39.1790980028016,18.5,25.9420124622291));
#6313=CARTESIAN_POINT('',(-39.1790980028016,18.5,25.9420124622291));
#6314=CARTESIAN_POINT('Origin',(-39.1790980028016,18.5,16.4420124622291));
#6315=CARTESIAN_POINT('Origin',(-9.67909800280157,18.5,25.9420124622291));
#6316=CARTESIAN_POINT('',(-9.67909800280157,18.5,16.4420124622291));
#6317=CARTESIAN_POINT('',(-9.67909800280157,18.5,25.9420124622291));
#6318=CARTESIAN_POINT('Origin',(-22.9290980028016,18.5,25.9420124622291));
#6319=CARTESIAN_POINT('',(-22.9290980028016,18.5,25.9420124622291));
#6320=CARTESIAN_POINT('Origin',(-22.9290980028016,18.5,16.4420124622291));
#6321=CARTESIAN_POINT('',(-22.9290980028016,18.5,16.4420124622291));
#6322=CARTESIAN_POINT('Origin',(-9.67909800280157,18.5,16.4420124622291));
#6323=CARTESIAN_POINT('Origin',(-1.92909800280156,17.5,12.9920124622291));
#6324=CARTESIAN_POINT('',(9.44590199719844,16.5,11.9920124622291));
#6325=CARTESIAN_POINT('',(11.4459019971984,18.5,13.9920124622291));
#6326=CARTESIAN_POINT('',(-41.0540980028016,16.5,11.9920124622291));
#6327=CARTESIAN_POINT('',(-1.92909800280156,16.5,11.9920124622291));
#6328=CARTESIAN_POINT('',(-43.0540980028016,18.5,13.9920124622291));
#6329=CARTESIAN_POINT('Origin',(10.4459019971984,17.5,-16.207987537771));
#6330=CARTESIAN_POINT('',(9.44590199719844,16.5,-25.607987537771));
#6331=CARTESIAN_POINT('',(11.4459019971984,18.5,-27.607987537771));
#6332=CARTESIAN_POINT('',(9.44590199719844,16.5,-16.207987537771));
#6333=CARTESIAN_POINT('Origin',(-27.1790980028016,17.5,-26.607987537771));
#6334=CARTESIAN_POINT('',(-41.0540980028016,16.5,-25.607987537771));
#6335=CARTESIAN_POINT('',(-43.0540980028016,18.5,-27.607987537771));
#6336=CARTESIAN_POINT('',(-27.1790980028016,16.5,-25.607987537771));
#6337=CARTESIAN_POINT('Origin',(-42.0540980028016,17.5,2.59201246222905));
#6338=CARTESIAN_POINT('',(-41.0540980028016,16.5,2.59201246222905));
#6339=CARTESIAN_POINT('Origin',(-41.0540980028016,15.5,11.9920124622291));
#6340=CARTESIAN_POINT('',(-41.0540980028016,15.5,11.9920124622291));
#6341=CARTESIAN_POINT('',(-41.0540980028016,15.5,-25.607987537771));
#6342=CARTESIAN_POINT('Origin',(9.44590199719844,15.5,11.9920124622291));
#6343=CARTESIAN_POINT('',(9.44590199719844,15.5,11.9920124622291));
#6344=CARTESIAN_POINT('Origin',(9.44590199719844,15.5,-25.607987537771));
#6345=CARTESIAN_POINT('',(9.44590199719844,15.5,-25.607987537771));
#6346=CARTESIAN_POINT('Origin',(-41.0540980028016,15.5,-25.607987537771));
#6347=CARTESIAN_POINT('',(0.,0.,0.));
#6348=CARTESIAN_POINT('Origin',(65.5459019971984,-10.5,-1.60798753777097));
#6349=CARTESIAN_POINT('',(55.5459019971984,-13.5,-1.60798753777097));
#6350=CARTESIAN_POINT('',(65.5459019971984,-13.5,-1.60798753777097));
#6351=CARTESIAN_POINT('',(36.1459019971984,-13.5,-1.60798753777097));
#6352=CARTESIAN_POINT('',(55.5459019971984,-10.5,-1.60798753777097));
#6353=CARTESIAN_POINT('',(55.5459019971984,-10.5,-1.60798753777097));
#6354=CARTESIAN_POINT('',(65.5459019971984,-10.5,-1.60798753777097));
#6355=CARTESIAN_POINT('',(36.1459019971984,-10.5,-1.60798753777097));
#6356=CARTESIAN_POINT('',(65.5459019971984,-10.5,-1.60798753777097));
#6357=CARTESIAN_POINT('Origin',(55.5459019971984,-10.5,-16.607987537771));
#6358=CARTESIAN_POINT('',(65.5459019971984,-13.5,-16.607987537771));
#6359=CARTESIAN_POINT('',(55.5459019971984,-13.5,-16.607987537771));
#6360=CARTESIAN_POINT('',(31.1459019971984,-13.5,-16.607987537771));
#6361=CARTESIAN_POINT('',(65.5459019971984,-10.5,-16.607987537771));
#6362=CARTESIAN_POINT('',(65.5459019971984,-10.5,-16.607987537771));
#6363=CARTESIAN_POINT('',(55.5459019971984,-10.5,-16.607987537771));
#6364=CARTESIAN_POINT('',(31.1459019971984,-10.5,-16.607987537771));
#6365=CARTESIAN_POINT('',(55.5459019971984,-10.5,-16.607987537771));
#6366=CARTESIAN_POINT('Origin',(55.5459019971984,-10.5,-1.60798753777097));
#6367=CARTESIAN_POINT('',(55.5459019971984,-13.5,3.46701246222904));
#6368=CARTESIAN_POINT('',(55.5459019971984,-10.5,3.46701246222904));
#6369=CARTESIAN_POINT('Origin',(6.74590199719844,-10.5,8.54201246222906));
#6370=CARTESIAN_POINT('',(65.5459019971984,-10.5,-36.607987537771));
#6371=CARTESIAN_POINT('',(65.5459019971984,-10.5,-16.7829875377709));
#6372=CARTESIAN_POINT('',(61.5459019971984,-10.5,-36.607987537771));
#6373=CARTESIAN_POINT('',(34.1459019971983,-10.5,-36.6079875377708));
#6374=CARTESIAN_POINT('',(58.0459019971984,-10.5,-40.1079875377709));
#6375=CARTESIAN_POINT('Origin',(61.5459019971984,-10.5,-40.1079875377709));
#6376=CARTESIAN_POINT('',(58.0459019971984,-10.5,-44.1079875377709));
#6377=CARTESIAN_POINT('',(58.0459019971984,-10.5,-17.7829875377709));
#6378=CARTESIAN_POINT('',(-44.5540980028016,-10.5,-44.1079875377709));
#6379=CARTESIAN_POINT('',(-21.6540980028016,-10.5,-44.1079875377709));
#6380=CARTESIAN_POINT('',(-44.5540980028016,-10.5,-40.1079875377709));
#6381=CARTESIAN_POINT('',(-44.5540980028016,-10.5,-15.7829875377709));
#6382=CARTESIAN_POINT('',(-48.0540980028016,-10.5,-36.6079875377709));
#6383=CARTESIAN_POINT('Origin',(-48.0540980028016,-10.5,-40.1079875377709));
#6384=CARTESIAN_POINT('',(-52.0540980028016,-10.5,-36.6079875377709));
#6385=CARTESIAN_POINT('',(-22.6540980028016,-10.5,-36.6079875377709));
#6386=CARTESIAN_POINT('',(-52.0540980028016,-10.5,53.6920124622291));
#6387=CARTESIAN_POINT('',(-52.0540980028016,-10.5,33.8670124622291));
#6388=CARTESIAN_POINT('',(-48.0540980028016,-10.5,53.6920124622291));
#6389=CARTESIAN_POINT('',(-20.6540980028016,-10.5,53.6920124622291));
#6390=CARTESIAN_POINT('',(-44.5540980028016,-10.5,57.1920124622291));
#6391=CARTESIAN_POINT('Origin',(-48.0540980028016,-10.5,57.1920124622291));
#6392=CARTESIAN_POINT('',(-44.5540980028016,-10.5,61.1920124622291));
#6393=CARTESIAN_POINT('',(-44.5540980028016,-10.5,34.8670124622291));
#6394=CARTESIAN_POINT('',(58.0459019971984,-10.5,61.1920124622291));
#6395=CARTESIAN_POINT('',(35.1459019971984,-10.5,61.1920124622291));
#6396=CARTESIAN_POINT('',(58.0459019971984,-10.5,57.1920124622291));
#6397=CARTESIAN_POINT('',(58.0459019971984,-10.5,32.8670124622291));
#6398=CARTESIAN_POINT('',(61.5459019971984,-10.5,53.6920124622291));
#6399=CARTESIAN_POINT('Origin',(61.5459019971984,-10.5,57.1920124622291));
#6400=CARTESIAN_POINT('',(64.536283053965,-10.5,53.6920124622291));
#6401=CARTESIAN_POINT('',(35.6410925255818,-10.5,53.6920124622291));
#6402=CARTESIAN_POINT('',(64.0721814388273,-10.5,53.4240632697979));
#6403=CARTESIAN_POINT('',(32.857577604892,-10.5,35.4023033436274));
#6404=CARTESIAN_POINT('',(64.0721814388273,-10.5,22.9599616546602));
#6405=CARTESIAN_POINT('',(64.0721814388273,-10.5,15.7509870584446));
#6406=CARTESIAN_POINT('',(65.5459019971984,-10.5,22.1091086935743));
#6407=CARTESIAN_POINT('',(46.4332644951818,-10.5,33.1437951002874));
#6408=CARTESIAN_POINT('',(65.5459019971984,-10.5,-16.7829875377709));
#6409=CARTESIAN_POINT('',(-6.47533300239259,-10.5,42.5055207387633));
#6410=CARTESIAN_POINT('Origin',(-11.4753330023926,-10.5,42.5055207387633));
#6411=CARTESIAN_POINT('',(25.5246669976074,-10.5,-32.4944792612367));
#6412=CARTESIAN_POINT('Origin',(20.5246669976074,-10.5,-32.4944792612367));
#6413=CARTESIAN_POINT('',(25.5246669976074,-10.5,42.5055207387633));
#6414=CARTESIAN_POINT('Origin',(20.5246669976074,-10.5,42.5055207387633));
#6415=CARTESIAN_POINT('',(-6.47533300239259,-10.5,-32.4944792612367));
#6416=CARTESIAN_POINT('Origin',(-11.4753330023926,-10.5,-32.4944792612367));
#6417=CARTESIAN_POINT('',(-6.47533300239259,-10.5,17.5055207387633));
#6418=CARTESIAN_POINT('Origin',(-11.4753330023926,-10.5,17.5055207387633));
#6419=CARTESIAN_POINT('',(-6.47533300239259,-10.5,-7.49447926123667));
#6420=CARTESIAN_POINT('Origin',(-11.4753330023926,-10.5,-7.49447926123667));
#6421=CARTESIAN_POINT('',(25.5246669976074,-10.5,17.5055207387633));
#6422=CARTESIAN_POINT('Origin',(20.5246669976074,-10.5,17.5055207387633));
#6423=CARTESIAN_POINT('',(25.5246669976074,-10.5,-7.49447926123667));
#6424=CARTESIAN_POINT('Origin',(20.5246669976074,-10.5,-7.49447926123667));
#6425=CARTESIAN_POINT('Origin',(-11.4753330023926,-10.5,42.5055207387633));
#6426=CARTESIAN_POINT('',(-8.4753330023926,-6.5,42.5055207387633));
#6427=CARTESIAN_POINT('Origin',(-11.4753330023926,-6.5,42.5055207387633));
#6428=CARTESIAN_POINT('',(-8.4753330023926,-13.5,42.5055207387633));
#6429=CARTESIAN_POINT('',(-8.4753330023926,-10.5,42.5055207387633));
#6430=CARTESIAN_POINT('Origin',(-11.4753330023926,-13.5,42.5055207387633));
#6431=CARTESIAN_POINT('Origin',(-11.4753330023926,-10.5,42.5055207387633));
#6432=CARTESIAN_POINT('',(-6.47533300239259,-6.5,42.5055207387633));
#6433=CARTESIAN_POINT('Origin',(-11.4753330023926,-6.5,42.5055207387633));
#6434=CARTESIAN_POINT('',(-6.47533300239259,-10.5,42.5055207387633));
#6435=CARTESIAN_POINT('Origin',(-11.4753330023926,-6.5,42.5055207387633));
#6436=CARTESIAN_POINT('Origin',(20.5246669976074,-10.5,-7.49447926123667));
#6437=CARTESIAN_POINT('',(23.5246669976074,-6.5,-7.49447926123667));
#6438=CARTESIAN_POINT('Origin',(20.5246669976074,-6.5,-7.49447926123667));
#6439=CARTESIAN_POINT('',(23.5246669976074,-13.5,-7.49447926123667));
#6440=CARTESIAN_POINT('',(23.5246669976074,-10.5,-7.49447926123667));
#6441=CARTESIAN_POINT('Origin',(20.5246669976074,-13.5,-7.49447926123667));
#6442=CARTESIAN_POINT('Origin',(20.5246669976074,-10.5,-7.49447926123667));
#6443=CARTESIAN_POINT('',(25.5246669976074,-6.5,-7.49447926123667));
#6444=CARTESIAN_POINT('Origin',(20.5246669976074,-6.5,-7.49447926123667));
#6445=CARTESIAN_POINT('',(25.5246669976074,-10.5,-7.49447926123667));
#6446=CARTESIAN_POINT('Origin',(20.5246669976074,-6.5,-7.49447926123667));
#6447=CARTESIAN_POINT('Origin',(20.5246669976074,-10.5,-32.4944792612367));
#6448=CARTESIAN_POINT('',(23.5246669976074,-6.5,-32.4944792612367));
#6449=CARTESIAN_POINT('Origin',(20.5246669976074,-6.5,-32.4944792612367));
#6450=CARTESIAN_POINT('',(23.5246669976074,-13.5,-32.4944792612367));
#6451=CARTESIAN_POINT('',(23.5246669976074,-10.5,-32.4944792612367));
#6452=CARTESIAN_POINT('Origin',(20.5246669976074,-13.5,-32.4944792612367));
#6453=CARTESIAN_POINT('Origin',(20.5246669976074,-10.5,-32.4944792612367));
#6454=CARTESIAN_POINT('',(25.5246669976074,-6.5,-32.4944792612367));
#6455=CARTESIAN_POINT('Origin',(20.5246669976074,-6.5,-32.4944792612367));
#6456=CARTESIAN_POINT('',(25.5246669976074,-10.5,-32.4944792612367));
#6457=CARTESIAN_POINT('Origin',(20.5246669976074,-6.5,-32.4944792612367));
#6458=CARTESIAN_POINT('Origin',(20.5246669976074,-10.5,17.5055207387633));
#6459=CARTESIAN_POINT('',(23.5246669976074,-6.5,17.5055207387633));
#6460=CARTESIAN_POINT('Origin',(20.5246669976074,-6.5,17.5055207387633));
#6461=CARTESIAN_POINT('',(23.5246669976074,-13.5,17.5055207387633));
#6462=CARTESIAN_POINT('',(23.5246669976074,-10.5,17.5055207387633));
#6463=CARTESIAN_POINT('Origin',(20.5246669976074,-13.5,17.5055207387633));
#6464=CARTESIAN_POINT('Origin',(20.5246669976074,-10.5,17.5055207387633));
#6465=CARTESIAN_POINT('',(25.5246669976074,-6.5,17.5055207387633));
#6466=CARTESIAN_POINT('Origin',(20.5246669976074,-6.5,17.5055207387633));
#6467=CARTESIAN_POINT('',(25.5246669976074,-10.5,17.5055207387633));
#6468=CARTESIAN_POINT('Origin',(20.5246669976074,-6.5,17.5055207387633));
#6469=CARTESIAN_POINT('Origin',(20.5246669976074,-10.5,42.5055207387633));
#6470=CARTESIAN_POINT('',(23.5246669976074,-6.5,42.5055207387633));
#6471=CARTESIAN_POINT('Origin',(20.5246669976074,-6.5,42.5055207387633));
#6472=CARTESIAN_POINT('',(23.5246669976074,-13.5,42.5055207387633));
#6473=CARTESIAN_POINT('',(23.5246669976074,-10.5,42.5055207387633));
#6474=CARTESIAN_POINT('Origin',(20.5246669976074,-13.5,42.5055207387633));
#6475=CARTESIAN_POINT('Origin',(20.5246669976074,-10.5,42.5055207387633));
#6476=CARTESIAN_POINT('',(25.5246669976074,-6.5,42.5055207387633));
#6477=CARTESIAN_POINT('Origin',(20.5246669976074,-6.5,42.5055207387633));
#6478=CARTESIAN_POINT('',(25.5246669976074,-10.5,42.5055207387633));
#6479=CARTESIAN_POINT('Origin',(20.5246669976074,-6.5,42.5055207387633));
#6480=CARTESIAN_POINT('Origin',(-11.4753330023926,-10.5,-7.49447926123667));
#6481=CARTESIAN_POINT('',(-8.47533300239259,-6.5,-7.49447926123667));
#6482=CARTESIAN_POINT('Origin',(-11.4753330023926,-6.5,-7.49447926123667));
#6483=CARTESIAN_POINT('',(-8.47533300239259,-13.5,-7.49447926123667));
#6484=CARTESIAN_POINT('',(-8.47533300239259,-10.5,-7.49447926123667));
#6485=CARTESIAN_POINT('Origin',(-11.4753330023926,-13.5,-7.49447926123667));
#6486=CARTESIAN_POINT('Origin',(-11.4753330023926,-10.5,-7.49447926123667));
#6487=CARTESIAN_POINT('',(-6.47533300239259,-6.5,-7.49447926123667));
#6488=CARTESIAN_POINT('Origin',(-11.4753330023926,-6.5,-7.49447926123667));
#6489=CARTESIAN_POINT('',(-6.47533300239259,-10.5,-7.49447926123667));
#6490=CARTESIAN_POINT('Origin',(-11.4753330023926,-6.5,-7.49447926123667));
#6491=CARTESIAN_POINT('Origin',(-11.4753330023926,-10.5,-32.4944792612367));
#6492=CARTESIAN_POINT('',(-8.47533300239259,-6.5,-32.4944792612367));
#6493=CARTESIAN_POINT('Origin',(-11.4753330023926,-6.5,-32.4944792612367));
#6494=CARTESIAN_POINT('',(-8.47533300239259,-13.5,-32.4944792612367));
#6495=CARTESIAN_POINT('',(-8.47533300239259,-10.5,-32.4944792612367));
#6496=CARTESIAN_POINT('Origin',(-11.4753330023926,-13.5,-32.4944792612367));
#6497=CARTESIAN_POINT('Origin',(-11.4753330023926,-10.5,-32.4944792612367));
#6498=CARTESIAN_POINT('',(-6.47533300239259,-6.5,-32.4944792612367));
#6499=CARTESIAN_POINT('Origin',(-11.4753330023926,-6.5,-32.4944792612367));
#6500=CARTESIAN_POINT('',(-6.47533300239259,-10.5,-32.4944792612367));
#6501=CARTESIAN_POINT('Origin',(-11.4753330023926,-6.5,-32.4944792612367));
#6502=CARTESIAN_POINT('Origin',(-11.4753330023926,-10.5,17.5055207387633));
#6503=CARTESIAN_POINT('',(-8.47533300239259,-6.5,17.5055207387633));
#6504=CARTESIAN_POINT('Origin',(-11.4753330023926,-6.5,17.5055207387633));
#6505=CARTESIAN_POINT('',(-8.47533300239259,-13.5,17.5055207387633));
#6506=CARTESIAN_POINT('',(-8.47533300239259,-10.5,17.5055207387633));
#6507=CARTESIAN_POINT('Origin',(-11.4753330023926,-13.5,17.5055207387633));
#6508=CARTESIAN_POINT('Origin',(-11.4753330023926,-10.5,17.5055207387633));
#6509=CARTESIAN_POINT('',(-6.47533300239259,-6.5,17.5055207387633));
#6510=CARTESIAN_POINT('Origin',(-11.4753330023926,-6.5,17.5055207387633));
#6511=CARTESIAN_POINT('',(-6.47533300239259,-10.5,17.5055207387633));
#6512=CARTESIAN_POINT('Origin',(-11.4753330023926,-6.5,17.5055207387633));
#6513=CARTESIAN_POINT('Origin',(57.5459019971984,-2.,48.1920124622291));
#6514=CARTESIAN_POINT('',(64.0721814388273,15.5,51.9599616546602));
#6515=CARTESIAN_POINT('',(64.0721814388273,-5.5,51.9599616546602));
#6516=CARTESIAN_POINT('',(64.0721814388273,-6.25,51.9599616546602));
#6517=CARTESIAN_POINT('',(68.5459019971984,15.5,54.542865423315));
#6518=CARTESIAN_POINT('',(29.9114251821852,15.5,32.2372398341667));
#6519=CARTESIAN_POINT('',(68.5459019971984,-5.5,54.542865423315));
#6520=CARTESIAN_POINT('',(68.5459019971984,-6.25,54.5428654233149));
#6521=CARTESIAN_POINT('',(57.1851217124926,-5.5,47.9837158677358));
#6522=CARTESIAN_POINT('Origin',(64.0844887852631,-5.5,35.2004751796565));
#6523=CARTESIAN_POINT('',(68.5459019971984,-5.5,23.8411595011432));
#6524=CARTESIAN_POINT('',(67.0721814388273,-5.5,24.6920124622291));
#6525=CARTESIAN_POINT('',(64.4135080559228,-5.5,26.2269982555362));
#6526=CARTESIAN_POINT('',(68.5459019971984,-5.5,21.8411595011432));
#6527=CARTESIAN_POINT('',(68.5459019971984,-5.5,-3.45375617905724));
#6528=CARTESIAN_POINT('',(64.0721814388273,-5.5,24.4240632697979));
#6529=CARTESIAN_POINT('',(58.4804953540306,-5.5,27.6524247360792));
#6530=CARTESIAN_POINT('',(64.0721814388273,-5.5,29.0802184171583));
#6531=CARTESIAN_POINT('',(68.5459019971984,-5.5,52.542865423315));
#6532=CARTESIAN_POINT('',(68.5459019971984,-5.5,43.8716703014857));
#6533=CARTESIAN_POINT('',(67.0721814388273,-5.5,51.6920124622291));
#6534=CARTESIAN_POINT('',(62.3812741351992,-5.5,48.9837158677357));
#6535=CARTESIAN_POINT('',(67.0721814388273,-5.5,27.4420124622291));
#6536=CARTESIAN_POINT('Origin',(57.5459019971984,15.5,28.1920124622291));
#6537=CARTESIAN_POINT('',(64.0721814388273,15.5,24.4240632697979));
#6538=CARTESIAN_POINT('',(64.0721814388273,2.5,24.4240632697979));
#6539=CARTESIAN_POINT('',(68.5459019971984,15.5,21.8411595011432));
#6540=CARTESIAN_POINT('',(68.5459019971984,2.5,21.8411595011432));
#6541=CARTESIAN_POINT('',(42.7502517932895,15.5,36.7342850902914));
#6542=CARTESIAN_POINT('Origin',(64.0721814388273,-10.5,22.9599616546602));
#6543=CARTESIAN_POINT('',(64.0721814388273,15.5,22.9599616546602));
#6544=CARTESIAN_POINT('',(64.0721814388273,15.5,53.4240632697979));
#6545=CARTESIAN_POINT('',(64.0721814388273,-10.5,22.9599616546602));
#6546=CARTESIAN_POINT('',(64.0721814388273,15.5,53.4240632697979));
#6547=CARTESIAN_POINT('',(64.0721814388273,-10.5,53.4240632697979));
#6548=CARTESIAN_POINT('',(64.0721814388273,15.5,53.4240632697979));
#6549=CARTESIAN_POINT('Origin',(68.5459019971984,-10.5,-42.1079875377709));
#6550=CARTESIAN_POINT('',(68.5459019971984,-13.5,23.8411595011432));
#6551=CARTESIAN_POINT('',(68.5459019971984,-10.5,23.8411595011432));
#6552=CARTESIAN_POINT('',(68.5459019971984,-13.5,-42.1079875377709));
#6553=CARTESIAN_POINT('',(68.5459019971984,-13.5,-42.1079875377709));
#6554=CARTESIAN_POINT('',(68.5459019971984,15.5,-42.1079875377709));
#6555=CARTESIAN_POINT('',(68.5459019971984,-10.5,-42.1079875377709));
#6556=CARTESIAN_POINT('',(68.5459019971984,15.5,23.8411595011432));
#6557=CARTESIAN_POINT('Origin',(61.5459019971984,-5.5,-40.1079875377709));
#6558=CARTESIAN_POINT('',(61.5459019971984,-5.5,-36.607987537771));
#6559=CARTESIAN_POINT('',(65.5459019971984,-5.5,-36.607987537771));
#6560=CARTESIAN_POINT('',(61.5459019971984,-5.5,-36.607987537771));
#6561=CARTESIAN_POINT('',(65.5459019971984,-5.5,-42.1079875377709));
#6562=CARTESIAN_POINT('',(65.5459019971984,-5.5,22.1091086935743));
#6563=CARTESIAN_POINT('',(63.5459019971984,-5.5,-44.1079875377709));
#6564=CARTESIAN_POINT('Origin',(63.5459019971984,-5.5,-42.1079875377709));
#6565=CARTESIAN_POINT('',(58.0459019971984,-5.5,-44.1079875377709));
#6566=CARTESIAN_POINT('',(63.5459019971984,-5.5,-44.1079875377709));
#6567=CARTESIAN_POINT('',(58.0459019971984,-5.5,-40.1079875377709));
#6568=CARTESIAN_POINT('',(58.0459019971984,-5.5,-40.1079875377709));
#6569=CARTESIAN_POINT('Origin',(61.5459019971984,-5.5,-40.1079875377709));
#6570=CARTESIAN_POINT('',(63.2959019971984,-5.5,-40.1079875377709));
#6571=CARTESIAN_POINT('Origin',(61.5459019971984,-5.5,-40.1079875377709));
#6572=CARTESIAN_POINT('Origin',(65.5459019971984,-10.5,-42.1079875377709));
#6573=CARTESIAN_POINT('',(65.5459019971984,-10.5,-36.607987537771));
#6574=CARTESIAN_POINT('',(65.5459019971984,-13.5,-4.03298753777096));
#6575=CARTESIAN_POINT('',(65.5459019971984,15.5,22.1091086935743));
#6576=CARTESIAN_POINT('',(65.5459019971984,-10.5,22.1091086935743));
#6577=CARTESIAN_POINT('',(65.5459019971984,15.5,-42.1079875377709));
#6578=CARTESIAN_POINT('',(65.5459019971984,15.5,22.1091086935743));
#6579=CARTESIAN_POINT('',(65.5459019971984,-10.5,-42.1079875377709));
#6580=CARTESIAN_POINT('Origin',(64.0721814388273,-10.5,53.4240632697979));
#6581=CARTESIAN_POINT('',(64.536283053965,-5.5,53.6920124622291));
#6582=CARTESIAN_POINT('',(64.536283053965,-10.5,53.6920124622291));
#6583=CARTESIAN_POINT('',(65.5459019971984,-5.5,54.2749162308838));
#6584=CARTESIAN_POINT('',(65.5459019971984,-5.5,54.2749162308838));
#6585=CARTESIAN_POINT('',(65.5459019971984,15.5,54.2749162308838));
#6586=CARTESIAN_POINT('',(65.5459019971984,-10.5,54.2749162308838));
#6587=CARTESIAN_POINT('',(65.5459019971984,15.5,54.2749162308838));
#6588=CARTESIAN_POINT('Origin',(65.5459019971984,-10.5,54.2749162308838));
#6589=CARTESIAN_POINT('',(65.5459019971984,-5.5,59.1920124622291));
#6590=CARTESIAN_POINT('',(65.5459019971984,-5.5,59.1920124622291));
#6591=CARTESIAN_POINT('',(65.5459019971984,15.5,59.1920124622291));
#6592=CARTESIAN_POINT('',(65.5459019971984,-10.5,59.1920124622291));
#6593=CARTESIAN_POINT('',(65.5459019971984,15.5,59.1920124622291));
#6594=CARTESIAN_POINT('Origin',(63.5459019971984,-10.5,59.1920124622291));
#6595=CARTESIAN_POINT('',(63.5459019971984,-5.5,61.1920124622291));
#6596=CARTESIAN_POINT('Origin',(63.5459019971984,-5.5,59.1920124622291));
#6597=CARTESIAN_POINT('',(63.5459019971984,15.5,61.1920124622291));
#6598=CARTESIAN_POINT('',(63.5459019971984,-10.5,61.1920124622291));
#6599=CARTESIAN_POINT('Origin',(63.5459019971984,15.5,59.1920124622291));
#6600=CARTESIAN_POINT('Origin',(63.5459019971984,-10.5,61.1920124622291));
#6601=CARTESIAN_POINT('',(58.0459019971984,-5.5,61.1920124622291));
#6602=CARTESIAN_POINT('',(-50.0540980028016,-5.5,61.1920124622291));
#6603=CARTESIAN_POINT('',(58.0459019971984,-10.5,61.1920124622291));
#6604=CARTESIAN_POINT('',(-44.5540980028016,-5.5,61.1920124622291));
#6605=CARTESIAN_POINT('',(-44.5540980028016,-10.5,61.1920124622291));
#6606=CARTESIAN_POINT('',(-50.0540980028016,-5.5,61.1920124622291));
#6607=CARTESIAN_POINT('',(-50.0540980028016,-5.5,61.1920124622291));
#6608=CARTESIAN_POINT('',(-50.0540980028016,15.5,61.1920124622291));
#6609=CARTESIAN_POINT('',(-50.0540980028016,-10.5,61.1920124622291));
#6610=CARTESIAN_POINT('',(-50.0540980028016,15.5,61.1920124622291));
#6611=CARTESIAN_POINT('Origin',(65.5459019971984,-10.5,22.1091086935743));
#6612=CARTESIAN_POINT('',(64.0721814388273,15.5,22.9599616546602));
#6613=CARTESIAN_POINT('Origin',(63.5459019971984,-10.5,-42.1079875377709));
#6614=CARTESIAN_POINT('',(63.5459019971984,15.5,-44.107987537771));
#6615=CARTESIAN_POINT('Origin',(63.5459019971984,15.5,-42.1079875377709));
#6616=CARTESIAN_POINT('',(63.5459019971984,-10.5,-44.1079875377709));
#6617=CARTESIAN_POINT('Origin',(-50.0540980028016,-10.5,-44.1079875377709));
#6618=CARTESIAN_POINT('',(-50.0540980028016,15.5,-44.107987537771));
#6619=CARTESIAN_POINT('',(63.5459019971984,15.5,-44.1079875377709));
#6620=CARTESIAN_POINT('',(-50.0540980028016,-5.5,-44.1079875377709));
#6621=CARTESIAN_POINT('',(-50.0540980028016,-10.5,-44.1079875377709));
#6622=CARTESIAN_POINT('',(-44.5540980028016,-5.5,-44.1079875377709));
#6623=CARTESIAN_POINT('',(63.5459019971984,-5.5,-44.1079875377709));
#6624=CARTESIAN_POINT('',(-44.5540980028016,-10.5,-44.1079875377709));
#6625=CARTESIAN_POINT('',(58.0459019971984,-10.5,-44.1079875377709));
#6626=CARTESIAN_POINT('Origin',(-50.0540980028016,-10.5,-42.1079875377709));
#6627=CARTESIAN_POINT('',(-52.0540980028016,-5.5,-42.1079875377709));
#6628=CARTESIAN_POINT('Origin',(-50.0540980028016,-5.5,-42.1079875377709));
#6629=CARTESIAN_POINT('',(-52.0540980028016,15.5,-42.1079875377709));
#6630=CARTESIAN_POINT('Origin',(-50.0540980028016,15.5,-42.1079875377709));
#6631=CARTESIAN_POINT('',(-52.0540980028016,-10.5,-42.1079875377709));
#6632=CARTESIAN_POINT('Origin',(-52.0540980028016,-10.5,59.1920124622291));
#6633=CARTESIAN_POINT('',(-52.0540980028016,-5.5,-36.6079875377709));
#6634=CARTESIAN_POINT('',(-52.0540980028016,-5.5,-42.1079875377709));
#6635=CARTESIAN_POINT('',(-52.0540980028016,15.5,59.1920124622291));
#6636=CARTESIAN_POINT('',(-52.0540980028016,15.5,-42.1079875377709));
#6637=CARTESIAN_POINT('',(-52.0540980028016,-5.5,59.1920124622291));
#6638=CARTESIAN_POINT('',(-52.0540980028016,-10.5,59.1920124622291));
#6639=CARTESIAN_POINT('',(-52.0540980028016,-5.5,53.6920124622291));
#6640=CARTESIAN_POINT('',(-52.0540980028016,-5.5,-42.1079875377709));
#6641=CARTESIAN_POINT('',(-52.0540980028016,-10.5,53.6920124622291));
#6642=CARTESIAN_POINT('',(-52.0540980028016,-10.5,-36.6079875377709));
#6643=CARTESIAN_POINT('Origin',(-50.0540980028016,-10.5,59.1920124622291));
#6644=CARTESIAN_POINT('Origin',(-50.0540980028016,-5.5,59.1920124622291));
#6645=CARTESIAN_POINT('Origin',(-50.0540980028016,15.5,59.1920124622291));
#6646=CARTESIAN_POINT('Origin',(6.74590199719844,15.5,8.54201246222906));
#6647=CARTESIAN_POINT('',(63.5459019971984,15.5,-47.1079875377709));
#6648=CARTESIAN_POINT('Origin',(63.5459019971984,15.5,-42.1079875377709));
#6649=CARTESIAN_POINT('',(-50.0540980028016,15.5,-47.1079875377709));
#6650=CARTESIAN_POINT('',(63.5459019971984,15.5,-47.1079875377709));
#6651=CARTESIAN_POINT('',(-55.0540980028016,15.5,-42.1079875377709));
#6652=CARTESIAN_POINT('Origin',(-50.0540980028016,15.5,-42.1079875377709));
#6653=CARTESIAN_POINT('',(-55.0540980028016,15.5,59.1920124622291));
#6654=CARTESIAN_POINT('',(-55.0540980028016,15.5,-42.1079875377709));
#6655=CARTESIAN_POINT('',(-50.0540980028016,15.5,64.1920124622291));
#6656=CARTESIAN_POINT('Origin',(-50.0540980028016,15.5,59.1920124622291));
#6657=CARTESIAN_POINT('',(63.5459019971984,15.5,64.1920124622291));
#6658=CARTESIAN_POINT('',(-50.0540980028016,15.5,64.1920124622291));
#6659=CARTESIAN_POINT('',(68.5459019971984,15.5,59.1920124622291));
#6660=CARTESIAN_POINT('Origin',(63.5459019971984,15.5,59.1920124622291));
#6661=CARTESIAN_POINT('',(68.5459019971984,15.5,59.1920124622291));
#6662=CARTESIAN_POINT('Origin',(64.536283053965,-10.5,53.6920124622291));
#6663=CARTESIAN_POINT('',(61.5459019971984,-5.5,53.6920124622291));
#6664=CARTESIAN_POINT('',(61.5459019971984,-10.5,53.6920124622291));
#6665=CARTESIAN_POINT('',(61.5459019971984,-5.5,53.6920124622291));
#6666=CARTESIAN_POINT('Origin',(58.0459019971984,-10.5,57.1920124622291));
#6667=CARTESIAN_POINT('',(58.0459019971984,-5.5,57.1920124622291));
#6668=CARTESIAN_POINT('',(58.0459019971984,-5.5,57.1920124622291));
#6669=CARTESIAN_POINT('',(58.0459019971984,-10.5,57.1920124622291));
#6670=CARTESIAN_POINT('Origin',(61.5459019971984,-10.5,57.1920124622291));
#6671=CARTESIAN_POINT('Origin',(61.5459019971984,-5.5,57.1920124622291));
#6672=CARTESIAN_POINT('Origin',(58.0459019971984,-10.5,-44.1079875377709));
#6673=CARTESIAN_POINT('',(58.0459019971984,-10.5,-40.1079875377709));
#6674=CARTESIAN_POINT('Origin',(61.5459019971984,-10.5,-36.607987537771));
#6675=CARTESIAN_POINT('',(61.5459019971985,-10.5,-36.607987537771));
#6676=CARTESIAN_POINT('Origin',(-44.5540980028016,-10.5,61.1920124622291));
#6677=CARTESIAN_POINT('',(-44.5540980028016,-5.5,57.1920124622291));
#6678=CARTESIAN_POINT('',(-44.5540980028016,-10.5,57.1920124622291));
#6679=CARTESIAN_POINT('',(-44.5540980028016,-5.5,57.1920124622291));
#6680=CARTESIAN_POINT('Origin',(-48.0540980028016,-10.5,53.6920124622291));
#6681=CARTESIAN_POINT('',(-48.0540980028016,-5.5,53.6920124622291));
#6682=CARTESIAN_POINT('',(-48.0540980028016,-5.5,53.6920124622291));
#6683=CARTESIAN_POINT('',(-48.0540980028016,-10.5,53.6920124622291));
#6684=CARTESIAN_POINT('Origin',(-52.0540980028016,-10.5,-36.6079875377709));
#6685=CARTESIAN_POINT('',(-48.0540980028016,-5.5,-36.6079875377709));
#6686=CARTESIAN_POINT('',(-48.0540980028016,-10.5,-36.6079875377709));
#6687=CARTESIAN_POINT('',(-48.0540980028016,-5.5,-36.6079875377709));
#6688=CARTESIAN_POINT('Origin',(-44.5540980028016,-10.5,-40.1079875377709));
#6689=CARTESIAN_POINT('',(-44.5540980028016,-5.5,-40.1079875377709));
#6690=CARTESIAN_POINT('',(-44.5540980028016,-5.5,-40.1079875377709));
#6691=CARTESIAN_POINT('',(-44.5540980028016,-10.5,-40.1079875377709));
#6692=CARTESIAN_POINT('Origin',(61.5459019971984,-10.5,57.1920124622291));
#6693=CARTESIAN_POINT('',(63.2959019971984,-5.5,57.1920124622291));
#6694=CARTESIAN_POINT('Origin',(61.5459019971984,-5.5,57.1920124622291));
#6695=CARTESIAN_POINT('',(63.2959019971984,-13.5,57.1920124622291));
#6696=CARTESIAN_POINT('',(63.2959019971984,-10.5,57.1920124622291));
#6697=CARTESIAN_POINT('Origin',(61.5459019971984,-13.5,57.1920124622291));
#6698=CARTESIAN_POINT('Origin',(-48.0540980028016,-10.5,-40.1079875377709));
#6699=CARTESIAN_POINT('',(-46.3040980028016,-5.5,-40.1079875377709));
#6700=CARTESIAN_POINT('Origin',(-48.0540980028016,-5.5,-40.1079875377709));
#6701=CARTESIAN_POINT('',(-46.3040980028016,-13.5,-40.1079875377709));
#6702=CARTESIAN_POINT('',(-46.3040980028016,-10.5,-40.1079875377709));
#6703=CARTESIAN_POINT('Origin',(-48.0540980028016,-13.5,-40.1079875377709));
#6704=CARTESIAN_POINT('Origin',(-48.0540980028016,-10.5,57.1920124622291));
#6705=CARTESIAN_POINT('',(-46.3040980028016,-5.5,57.1920124622291));
#6706=CARTESIAN_POINT('Origin',(-48.0540980028016,-5.5,57.1920124622291));
#6707=CARTESIAN_POINT('',(-46.3040980028016,-13.5,57.1920124622291));
#6708=CARTESIAN_POINT('',(-46.3040980028016,-10.5,57.1920124622291));
#6709=CARTESIAN_POINT('Origin',(-48.0540980028016,-13.5,57.1920124622291));
#6710=CARTESIAN_POINT('Origin',(61.5459019971984,-10.5,-40.1079875377709));
#6711=CARTESIAN_POINT('',(63.2959019971984,-13.5,-40.1079875377709));
#6712=CARTESIAN_POINT('',(63.2959019971984,-10.5,-40.1079875377709));
#6713=CARTESIAN_POINT('Origin',(61.5459019971984,-13.5,-40.1079875377709));
#6714=CARTESIAN_POINT('Origin',(61.5459019971984,-10.5,-40.1079875377709));
#6715=CARTESIAN_POINT('Origin',(61.5459019971984,-5.5,57.1920124622291));
#6716=CARTESIAN_POINT('Origin',(-48.0540980028016,-10.5,-40.1079875377709));
#6717=CARTESIAN_POINT('Origin',(-48.0540980028016,-5.5,-40.1079875377709));
#6718=CARTESIAN_POINT('Origin',(-48.0540980028016,-5.5,-40.1079875377709));
#6719=CARTESIAN_POINT('Origin',(-48.0540980028016,-10.5,57.1920124622291));
#6720=CARTESIAN_POINT('Origin',(-48.0540980028016,-5.5,57.1920124622291));
#6721=CARTESIAN_POINT('Origin',(-48.0540980028016,-5.5,57.1920124622291));
#6722=CARTESIAN_POINT('Origin',(67.0721814388273,-10.5,51.6920124622291));
#6723=CARTESIAN_POINT('',(68.5459019971984,-13.5,52.542865423315));
#6724=CARTESIAN_POINT('',(68.5459019971984,-10.5,52.542865423315));
#6725=CARTESIAN_POINT('',(67.0721814388273,-13.5,51.6920124622291));
#6726=CARTESIAN_POINT('',(67.0721814388273,-13.5,51.6920124622291));
#6727=CARTESIAN_POINT('',(67.0721814388273,-10.5,51.6920124622291));
#6728=CARTESIAN_POINT('Origin',(67.0721814388273,-10.5,24.6920124622291));
#6729=CARTESIAN_POINT('',(67.0721814388273,-13.5,24.6920124622291));
#6730=CARTESIAN_POINT('',(67.0721814388273,-13.5,24.6920124622291));
#6731=CARTESIAN_POINT('',(67.0721814388273,-10.5,24.6920124622291));
#6732=CARTESIAN_POINT('Origin',(68.5459019971984,-10.5,23.8411595011432));
#6733=CARTESIAN_POINT('',(68.5459019971984,-13.5,23.8411595011432));
#6734=CARTESIAN_POINT('Origin',(63.5459019971984,-10.5,-42.1079875377709));
#6735=CARTESIAN_POINT('',(63.5459019971984,-13.5,-47.1079875377709));
#6736=CARTESIAN_POINT('Origin',(63.5459019971984,-13.5,-42.1079875377709));
#6737=CARTESIAN_POINT('',(63.5459019971984,-10.5,-47.1079875377709));
#6738=CARTESIAN_POINT('Origin',(-50.0540980028016,-10.5,-47.1079875377709));
#6739=CARTESIAN_POINT('',(-50.0540980028016,-13.5,-47.1079875377709));
#6740=CARTESIAN_POINT('',(-50.0540980028016,-13.5,-47.1079875377709));
#6741=CARTESIAN_POINT('',(-50.0540980028016,-10.5,-47.1079875377709));
#6742=CARTESIAN_POINT('Origin',(-50.0540980028016,-10.5,-42.1079875377709));
#6743=CARTESIAN_POINT('',(-55.0540980028016,-13.5,-42.1079875377709));
#6744=CARTESIAN_POINT('Origin',(-50.0540980028016,-13.5,-42.1079875377709));
#6745=CARTESIAN_POINT('',(-55.0540980028016,-10.5,-42.1079875377709));
#6746=CARTESIAN_POINT('Origin',(-55.0540980028016,-10.5,59.1920124622291));
#6747=CARTESIAN_POINT('',(-55.0540980028016,-13.5,59.1920124622291));
#6748=CARTESIAN_POINT('',(-55.0540980028016,-13.5,59.1920124622291));
#6749=CARTESIAN_POINT('',(-55.0540980028016,-10.5,59.1920124622291));
#6750=CARTESIAN_POINT('Origin',(-50.0540980028016,-10.5,59.1920124622291));
#6751=CARTESIAN_POINT('',(-50.0540980028016,-13.5,64.1920124622291));
#6752=CARTESIAN_POINT('Origin',(-50.0540980028016,-13.5,59.1920124622291));
#6753=CARTESIAN_POINT('',(-50.0540980028016,-10.5,64.1920124622291));
#6754=CARTESIAN_POINT('Origin',(63.5459019971984,-10.5,64.1920124622291));
#6755=CARTESIAN_POINT('',(63.5459019971984,-13.5,64.1920124622291));
#6756=CARTESIAN_POINT('',(63.5459019971984,-13.5,64.1920124622291));
#6757=CARTESIAN_POINT('',(63.5459019971984,-10.5,64.1920124622291));
#6758=CARTESIAN_POINT('Origin',(63.5459019971984,-10.5,59.1920124622291));
#6759=CARTESIAN_POINT('',(68.5459019971984,-13.5,59.1920124622291));
#6760=CARTESIAN_POINT('Origin',(63.5459019971984,-13.5,59.1920124622291));
#6761=CARTESIAN_POINT('',(68.5459019971984,-10.5,59.1920124622291));
#6762=CARTESIAN_POINT('Origin',(68.5459019971984,-10.5,52.542865423315));
#6763=CARTESIAN_POINT('',(68.5459019971984,-13.5,52.542865423315));
#6764=CARTESIAN_POINT('Origin',(6.74590199719844,-13.5,8.54201246222906));
#6765=CARTESIAN_POINT('',(0.,0.,0.));
#6766=CARTESIAN_POINT('',(0.,0.,0.));
#6767=UNCERTAINTY_MEASURE_WITH_UNIT(LENGTH_MEASURE(0.01),#6775,
'DISTANCE_ACCURACY_VALUE',
'Maximum model space distance between geometric entities at asserted c
onnectivities');
#6768=UNCERTAINTY_MEASURE_WITH_UNIT(LENGTH_MEASURE(0.01),#6775,
'DISTANCE_ACCURACY_VALUE',
'Maximum model space distance between geometric entities at asserted c
onnectivities');
#6769=UNCERTAINTY_MEASURE_WITH_UNIT(LENGTH_MEASURE(0.01),#6775,
'DISTANCE_ACCURACY_VALUE',
'Maximum model space distance between geometric entities at asserted c
onnectivities');
#6770=UNCERTAINTY_MEASURE_WITH_UNIT(LENGTH_MEASURE(0.01),#6775,
'DISTANCE_ACCURACY_VALUE',
'Maximum model space distance between geometric entities at asserted c
onnectivities');
#6771=(
GEOMETRIC_REPRESENTATION_CONTEXT(3)
GLOBAL_UNCERTAINTY_ASSIGNED_CONTEXT((#6767))
GLOBAL_UNIT_ASSIGNED_CONTEXT((#6775,#6777,#6778))
REPRESENTATION_CONTEXT('','3D')
);
#6772=(
GEOMETRIC_REPRESENTATION_CONTEXT(3)
GLOBAL_UNCERTAINTY_ASSIGNED_CONTEXT((#6768))
GLOBAL_UNIT_ASSIGNED_CONTEXT((#6775,#6777,#6778))
REPRESENTATION_CONTEXT('','3D')
);
#6773=(
GEOMETRIC_REPRESENTATION_CONTEXT(3)
GLOBAL_UNCERTAINTY_ASSIGNED_CONTEXT((#6769))
GLOBAL_UNIT_ASSIGNED_CONTEXT((#6775,#6777,#6778))
REPRESENTATION_CONTEXT('','3D')
);
#6774=(
GEOMETRIC_REPRESENTATION_CONTEXT(3)
GLOBAL_UNCERTAINTY_ASSIGNED_CONTEXT((#6770))
GLOBAL_UNIT_ASSIGNED_CONTEXT((#6775,#6777,#6778))
REPRESENTATION_CONTEXT('','3D')
);
#6775=(
LENGTH_UNIT()
NAMED_UNIT(*)
SI_UNIT(.MILLI.,.METRE.)
);
#6776=(
LENGTH_UNIT()
NAMED_UNIT(*)
SI_UNIT($,.METRE.)
);
#6777=(
NAMED_UNIT(*)
PLANE_ANGLE_UNIT()
SI_UNIT($,.RADIAN.)
);
#6778=(
NAMED_UNIT(*)
SI_UNIT($,.STERADIAN.)
SOLID_ANGLE_UNIT()
);
#6779=SHAPE_DEFINITION_REPRESENTATION(#6782,#6787);
#6780=SHAPE_DEFINITION_REPRESENTATION(#6783,#6788);
#6781=SHAPE_DEFINITION_REPRESENTATION(#6784,#6789);
#6782=PRODUCT_DEFINITION_SHAPE('',$,#6791);
#6783=PRODUCT_DEFINITION_SHAPE('',$,#6792);
#6784=PRODUCT_DEFINITION_SHAPE('',$,#6793);
#6785=PRODUCT_DEFINITION_SHAPE($,$,#17);
#6786=PRODUCT_DEFINITION_SHAPE($,$,#18);
#6787=SHAPE_REPRESENTATION('',(#4107,#4463,#4464),#6771);
#6788=SHAPE_REPRESENTATION('',(#4108),#6772);
#6789=SHAPE_REPRESENTATION('',(#4321),#6773);
#6790=PRODUCT_DEFINITION_CONTEXT('part definition',#6801,'design');
#6791=PRODUCT_DEFINITION('Enclosure','Enclosure v1',#6794,#6790);
#6792=PRODUCT_DEFINITION('Panel','Panel',#6795,#6790);
#6793=PRODUCT_DEFINITION('Box','Box',#6796,#6790);
#6794=PRODUCT_DEFINITION_FORMATION('',$,#6803);
#6795=PRODUCT_DEFINITION_FORMATION('',$,#6804);
#6796=PRODUCT_DEFINITION_FORMATION('',$,#6805);
#6797=PRODUCT_RELATED_PRODUCT_CATEGORY('Enclosure v1','Enclosure v1',(#6803));
#6798=PRODUCT_RELATED_PRODUCT_CATEGORY('Panel','Panel',(#6804));
#6799=PRODUCT_RELATED_PRODUCT_CATEGORY('Box','Box',(#6805));
#6800=APPLICATION_PROTOCOL_DEFINITION('international standard',
'automotive_design',2009,#6801);
#6801=APPLICATION_CONTEXT(
'Core Data for Automotive Mechanical Design Process');
#6802=PRODUCT_CONTEXT('part definition',#6801,'mechanical');
#6803=PRODUCT('Enclosure','Enclosure v1',$,(#6802));
#6804=PRODUCT('Panel','Panel',$,(#6802));
#6805=PRODUCT('Box','Box',$,(#6802));
#6806=PRESENTATION_STYLE_ASSIGNMENT((#6807));
#6807=SURFACE_STYLE_USAGE(.BOTH.,#6808);
#6808=SURFACE_SIDE_STYLE('',(#6809));
#6809=SURFACE_STYLE_FILL_AREA(#6810);
#6810=FILL_AREA_STYLE('Steel - Satin',(#6811));
#6811=FILL_AREA_STYLE_COLOUR('Steel - Satin',#6812);
#6812=COLOUR_RGB('Steel - Satin',0.627450980392157,0.627450980392157,0.627450980392157);
ENDSEC;
END-ISO-10303-21;
